Time,Open,High,Low,Close,Volume
2025-11-01 00:00:00,187.25,187.38,186.8,187.01,4163.601
2025-11-01 00:05:00,187.01,187.01,186.69,186.81,1090.065
2025-11-01 00:10:00,186.81,186.93,186.55,186.55,1028.375
2025-11-01 00:15:00,186.55,186.63,186.32,186.33,7831.247
2025-11-01 00:20:00,186.33,186.49,186.06,186.4,3996.749
2025-11-01 00:25:00,186.4,186.87,186.39,186.65,2540.063
2025-11-01 00:30:00,186.65,186.69,186.33,186.43,2778.838
2025-11-01 00:35:00,186.43,186.68,186.43,186.65,1275.859
2025-11-01 00:40:00,186.65,186.82,186.59,186.8,1640.423
2025-11-01 00:45:00,186.8,187.16,186.77,187.12,3580.319
2025-11-01 00:50:00,187.12,187.19,186.83,186.83,1289.497
2025-11-01 00:55:00,186.83,187.2,186.83,187.14,1219.428
2025-11-01 01:00:00,187.14,187.46,187.09,187.41,1394.232
2025-11-01 01:05:00,187.41,187.47,187.2,187.35,971.835
2025-11-01 01:10:00,187.35,187.37,187.06,187.07,3322.926
2025-11-01 01:15:00,187.07,187.33,186.9,187.03,1341.864
2025-11-01 01:20:00,187.03,187.08,186.65,186.79,1092.763
2025-11-01 01:25:00,186.79,187.14,186.76,187.12,1118.995
2025-11-01 01:30:00,187.12,187.4,186.9,186.94,1808.529
2025-11-01 01:35:00,186.94,187.18,186.68,186.69,2133.837
2025-11-01 01:40:00,186.69,186.72,186.57,186.69,851.279
2025-11-01 01:45:00,186.69,186.72,186.44,186.5,843.648
2025-11-01 01:50:00,186.5,186.56,186.25,186.26,1430.971
2025-11-01 01:55:00,186.26,186.38,186.14,186.14,1300.796
2025-11-01 02:00:00,186.14,186.15,185.7,185.8,2445.789
2025-11-01 02:05:00,185.8,185.84,185.52,185.53,2145.958
2025-11-01 02:10:00,185.53,185.83,185.52,185.83,1129.214
2025-11-01 02:15:00,185.83,186.36,185.82,186.25,1719.928
2025-11-01 02:20:00,186.25,186.29,185.93,185.93,822.07
2025-11-01 02:25:00,185.93,186.13,185.91,185.98,1269.49
2025-11-01 02:30:00,185.98,186.12,185.73,185.79,1866.336
2025-11-01 02:35:00,185.79,185.82,185.63,185.82,1361.031
2025-11-01 02:40:00,185.82,186.14,185.79,186.07,1223.538
2025-11-01 02:45:00,186.07,186.33,186.05,186.25,2816.452
2025-11-01 02:50:00,186.25,186.67,186.24,186.67,1827.826
2025-11-01 02:55:00,186.67,186.77,186.56,186.61,718.087
2025-11-01 03:00:00,186.61,186.86,186.58,186.75,930.921
2025-11-01 03:05:00,186.75,186.94,186.66,186.67,1172.417
2025-11-01 03:10:00,186.67,186.86,186.63,186.77,873.618
2025-11-01 03:15:00,186.77,187.36,186.75,187.28,2534.482
2025-11-01 03:20:00,187.28,187.31,187.0,187.1,2229.104
2025-11-01 03:25:00,187.1,187.18,186.99,187.01,1015.462
2025-11-01 03:30:00,187.01,187.27,187.01,187.26,1089.445
2025-11-01 03:35:00,187.26,187.29,186.92,186.96,1638.348
2025-11-01 03:40:00,186.96,187.47,186.95,187.17,1333.233
2025-11-01 03:45:00,187.17,187.33,187.08,187.32,1301.054
2025-11-01 03:50:00,187.32,187.4,187.12,187.22,1050.461
2025-11-01 03:55:00,187.22,187.31,187.05,187.24,928.989
2025-11-01 04:00:00,187.24,187.4,186.85,187.26,3218.521
2025-11-01 04:05:00,187.26,187.59,187.25,187.34,1285.0
2025-11-01 04:10:00,187.34,187.34,186.88,186.94,1719.31
2025-11-01 04:15:00,186.94,186.94,186.36,186.51,2951.684
2025-11-01 04:20:00,186.51,186.76,186.5,186.68,991.539
2025-11-01 04:25:00,186.68,186.85,186.63,186.66,2296.863
2025-11-01 04:30:00,186.66,186.84,186.58,186.81,1716.219
2025-11-01 04:35:00,186.81,186.81,186.52,186.63,719.782
2025-11-01 04:40:00,186.63,186.77,186.33,186.75,1745.145
2025-11-01 04:45:00,186.75,187.02,186.75,186.95,966.2
2025-11-01 04:50:00,186.95,187.09,186.92,186.96,869.351
2025-11-01 04:55:00,186.96,187.13,186.88,187.1,929.658
2025-11-01 05:00:00,187.1,187.16,186.63,186.64,581.053
2025-11-01 05:05:00,186.64,186.68,186.5,186.63,676.913
2025-11-01 05:10:00,186.63,186.68,186.5,186.62,359.916
2025-11-01 05:15:00,186.62,186.97,186.52,186.92,1012.399
2025-11-01 05:20:00,186.92,186.99,186.7,186.74,681.297
2025-11-01 05:25:00,186.74,186.89,186.73,186.83,251.28
2025-11-01 05:30:00,186.83,186.86,186.54,186.82,824.977
2025-11-01 05:35:00,186.82,186.97,186.7,186.87,831.846
2025-11-01 05:40:00,186.87,186.88,186.78,186.8,489.892
2025-11-01 05:45:00,186.8,186.81,186.57,186.61,284.243
2025-11-01 05:50:00,186.61,186.64,186.2,186.35,1057.731
2025-11-01 05:55:00,186.35,186.37,186.17,186.24,1186.676
2025-11-01 06:00:00,186.24,186.39,186.17,186.18,884.343
2025-11-01 06:05:00,186.18,186.19,185.94,186.09,2339.86
2025-11-01 06:10:00,186.09,186.14,185.87,185.89,1359.668
2025-11-01 06:15:00,185.89,185.96,185.73,185.78,1843.836
2025-11-01 06:20:00,185.78,185.8,185.55,185.55,1290.182
2025-11-01 06:25:00,185.55,185.7,185.53,185.69,1802.231
2025-11-01 06:30:00,185.69,185.83,185.68,185.8,1137.217
2025-11-01 06:35:00,185.8,185.88,185.55,185.57,1533.113
2025-11-01 06:40:00,185.57,185.57,185.04,185.18,6540.878
2025-11-01 06:45:00,185.18,185.43,185.15,185.32,1285.974
2025-11-01 06:50:00,185.32,185.44,185.26,185.43,943.921
2025-11-01 06:55:00,185.43,185.74,185.36,185.73,1887.206
2025-11-01 07:00:00,185.73,185.8,185.56,185.79,2053.797
2025-11-01 07:05:00,185.79,186.0,185.71,185.98,1504.299
2025-11-01 07:10:00,185.98,185.99,185.81,185.83,913.765
2025-11-01 07:15:00,185.83,186.1,185.83,185.88,906.641
2025-11-01 07:20:00,185.88,186.19,185.83,186.11,952.144
2025-11-01 07:25:00,186.11,186.4,186.03,186.06,1925.43
2025-11-01 07:30:00,186.06,186.2,185.96,185.99,1030.318
2025-11-01 07:35:00,185.99,186.17,185.91,185.92,849.667
2025-11-01 07:40:00,185.92,185.92,185.43,185.61,3396.172
2025-11-01 07:45:00,185.61,185.69,185.36,185.5,1617.021
2025-11-01 07:50:00,185.5,185.86,185.49,185.82,855.906
2025-11-01 07:55:00,185.82,185.95,185.79,185.83,666.309
2025-11-01 08:00:00,185.83,186.04,185.76,186.04,2770.773
2025-11-01 08:05:00,186.04,186.12,185.78,185.98,1216.173
2025-11-01 08:10:00,185.98,186.01,185.7,185.8,717.981
2025-11-01 08:15:00,185.8,186.19,185.8,185.88,1388.06
2025-11-01 08:20:00,185.88,186.13,185.86,186.12,2593.456
2025-11-01 08:25:00,186.12,186.21,185.89,186.19,1496.225
2025-11-01 08:30:00,186.19,186.3,186.13,186.18,1222.983
2025-11-01 08:35:00,186.18,186.32,186.11,186.27,830.551
2025-11-01 08:40:00,186.27,186.29,186.15,186.15,344.952
2025-11-01 08:45:00,186.15,186.42,186.15,186.41,1061.705
2025-11-01 08:50:00,186.41,186.43,186.21,186.36,875.898
2025-11-01 08:55:00,186.36,186.55,186.3,186.55,1211.835
2025-11-01 09:00:00,186.55,186.73,186.1,186.55,1784.743
2025-11-01 09:05:00,186.55,186.56,186.29,186.35,1091.744
2025-11-01 09:10:00,186.35,186.74,186.27,186.68,1606.388
2025-11-01 09:15:00,186.68,186.72,186.38,186.43,1469.051
2025-11-01 09:20:00,186.43,186.64,186.38,186.46,1291.257
2025-11-01 09:25:00,186.46,186.56,186.31,186.49,1472.381
2025-11-01 09:30:00,186.49,186.53,186.34,186.47,480.362
2025-11-01 09:35:00,186.47,186.48,186.1,186.18,1187.226
2025-11-01 09:40:00,186.18,186.18,185.83,185.83,696.608
2025-11-01 09:45:00,185.83,186.24,185.83,186.15,837.807
2025-11-01 09:50:00,186.15,186.24,185.97,186.06,557.917
2025-11-01 09:55:00,186.06,186.15,185.75,185.82,4996.613
2025-11-01 10:00:00,185.82,185.95,185.65,185.65,1543.885
2025-11-01 10:05:00,185.65,185.65,185.44,185.45,1052.602
2025-11-01 10:10:00,185.45,185.53,185.29,185.42,1394.583
2025-11-01 10:15:00,185.42,185.67,185.41,185.58,2813.453
2025-11-01 10:20:00,185.58,185.7,185.54,185.62,671.494
2025-11-01 10:25:00,185.62,185.79,185.56,185.78,1077.909
2025-11-01 10:30:00,185.78,186.01,185.75,185.99,1154.036
2025-11-01 10:35:00,185.99,185.99,185.6,185.81,932.657
2025-11-01 10:40:00,185.81,186.1,185.81,186.08,727.145
2025-11-01 10:45:00,186.08,186.23,186.08,186.21,3359.842
2025-11-01 10:50:00,186.21,186.47,186.13,186.2,4281.832
2025-11-01 10:55:00,186.2,186.2,186.03,186.15,967.522
2025-11-01 11:00:00,186.15,186.44,186.15,186.39,2405.645
2025-11-01 11:05:00,186.39,186.64,186.37,186.49,1974.494
2025-11-01 11:10:00,186.49,186.49,186.27,186.35,1894.912
2025-11-01 11:15:00,186.35,186.59,186.35,186.54,1047.908
2025-11-01 11:20:00,186.54,186.55,186.06,186.09,2359.302
2025-11-01 11:25:00,186.09,186.21,186.07,186.1,1707.266
2025-11-01 11:30:00,186.1,186.11,185.7,185.8,2755.537
2025-11-01 11:35:00,185.8,185.83,185.7,185.81,1044.865
2025-11-01 11:40:00,185.81,186.04,185.81,185.96,1669.97
2025-11-01 11:45:00,185.96,186.1,185.94,186.02,1457.421
2025-11-01 11:50:00,186.02,186.15,185.91,185.92,1212.821
2025-11-01 11:55:00,185.92,186.22,185.91,186.21,536.466
2025-11-01 12:00:00,186.21,186.44,186.21,186.35,2177.391
2025-11-01 12:05:00,186.35,186.54,186.32,186.52,1082.007
2025-11-01 12:10:00,186.52,186.58,186.39,186.49,2068.166
2025-11-01 12:15:00,186.49,186.61,186.31,186.58,1569.635
2025-11-01 12:20:00,186.58,186.59,186.28,186.39,1012.309
2025-11-01 12:25:00,186.39,186.49,186.38,186.42,1850.908
2025-11-01 12:30:00,186.42,186.63,186.41,186.57,1932.374
2025-11-01 12:35:00,186.57,186.6,186.37,186.48,1897.153
2025-11-01 12:40:00,186.48,186.61,186.47,186.6,1612.557
2025-11-01 12:45:00,186.6,186.61,186.28,186.38,2566.189
2025-11-01 12:50:00,186.38,186.43,186.25,186.35,1919.727
2025-11-01 12:55:00,186.35,186.43,186.29,186.37,1886.045
2025-11-01 13:00:00,186.37,186.46,186.19,186.25,2491.038
2025-11-01 13:05:00,186.25,186.27,186.08,186.08,1253.738
2025-11-01 13:10:00,186.08,186.42,186.08,186.27,966.096
2025-11-01 13:15:00,186.27,186.38,186.11,186.22,1052.06
2025-11-01 13:20:00,186.22,186.22,185.95,185.98,1032.827
2025-11-01 13:25:00,185.98,186.0,185.9,185.98,661.887
2025-11-01 13:30:00,185.98,186.24,185.92,185.96,950.961
2025-11-01 13:35:00,185.96,186.01,185.57,185.6,1391.682
2025-11-01 13:40:00,185.6,185.67,184.81,185.09,7222.016
2025-11-01 13:45:00,185.09,185.31,184.9,185.19,1595.018
2025-11-01 13:50:00,185.19,185.4,185.05,185.25,1328.241
2025-11-01 13:55:00,185.25,185.45,185.25,185.34,1417.772
2025-11-01 14:00:00,185.34,185.61,185.3,185.4,902.91
2025-11-01 14:05:00,185.4,185.56,185.03,185.05,1265.164
2025-11-01 14:10:00,185.05,185.06,184.11,184.28,7740.757
2025-11-01 14:15:00,184.28,184.43,183.82,184.22,7247.892
2025-11-01 14:20:00,184.22,184.41,183.98,184.32,1982.166
2025-11-01 14:25:00,184.32,184.35,184.1,184.26,1144.421
2025-11-01 14:30:00,184.26,184.56,184.02,184.54,1269.861
2025-11-01 14:35:00,184.54,184.8,184.51,184.75,1860.214
2025-11-01 14:40:00,184.75,185.35,184.64,185.15,1680.938
2025-11-01 14:45:00,185.15,185.33,185.07,185.07,1074.451
2025-11-01 14:50:00,185.07,185.08,184.67,184.86,1331.184
2025-11-01 14:55:00,184.86,185.05,184.86,185.03,1083.032
2025-11-01 15:00:00,185.03,185.2,184.87,185.2,1312.396
2025-11-01 15:05:00,185.2,186.44,185.2,186.27,7622.805
2025-11-01 15:10:00,186.27,186.41,185.93,186.0,1792.696
2025-11-01 15:15:00,186.0,186.27,185.8,185.98,2404.56
2025-11-01 15:20:00,185.98,186.07,185.15,185.19,3848.916
2025-11-01 15:25:00,185.19,185.48,185.15,185.47,4739.761
2025-11-01 15:30:00,185.47,185.8,185.39,185.76,1994.942
2025-11-01 15:35:00,185.76,185.96,185.28,185.44,2111.032
2025-11-01 15:40:00,185.44,185.67,185.24,185.58,2145.065
2025-11-01 15:45:00,185.58,185.83,185.39,185.8,1518.785
2025-11-01 15:50:00,185.8,186.11,185.65,186.04,2408.131
2025-11-01 15:55:00,186.04,186.43,186.03,186.42,2454.186
2025-11-01 16:00:00,186.42,186.57,186.11,186.55,3878.326
2025-11-01 16:05:00,186.55,187.12,186.52,186.86,5654.182
2025-11-01 16:10:00,186.86,186.86,186.13,186.13,3035.962
2025-11-01 16:15:00,186.13,186.23,185.97,186.12,1373.597
2025-11-01 16:20:00,186.12,186.57,186.07,186.18,1389.471
2025-11-01 16:25:00,186.18,186.47,186.15,186.22,2328.158
2025-11-01 16:30:00,186.22,186.8,186.21,186.78,1511.726
2025-11-01 16:35:00,186.78,187.02,186.76,186.99,2752.306
2025-11-01 16:40:00,186.99,187.0,186.51,186.8,3161.251
2025-11-01 16:45:00,186.8,187.03,186.57,186.8,2468.17
2025-11-01 16:50:00,186.8,187.04,186.6,186.69,3327.076
2025-11-01 16:55:00,186.69,186.7,186.43,186.43,577.378
2025-11-01 17:00:00,186.43,186.54,185.85,186.11,2729.4
2025-11-01 17:05:00,186.11,186.11,185.86,185.89,805.145
2025-11-01 17:10:00,185.89,186.16,185.86,186.1,1361.453
2025-11-01 17:15:00,186.1,186.18,185.64,185.8,1960.216
2025-11-01 17:20:00,185.8,185.95,185.7,185.91,456.393
2025-11-01 17:25:00,185.91,185.94,185.45,185.46,1022.78
2025-11-01 17:30:00,185.46,185.67,185.44,185.65,1505.978
2025-11-01 17:35:00,185.65,185.8,185.56,185.66,1383.421
2025-11-01 17:40:00,185.66,185.69,185.3,185.3,3329.744
2025-11-01 17:45:00,185.3,185.41,185.17,185.18,1891.945
2025-11-01 17:50:00,185.18,185.42,184.98,185.04,5287.866
2025-11-01 17:55:00,185.04,185.06,184.92,184.99,1563.075
2025-11-01 18:00:00,184.99,185.51,184.9,185.37,4514.099
2025-11-01 18:05:00,185.37,185.38,184.99,185.25,4172.82
2025-11-01 18:10:00,185.25,185.28,185.08,185.09,3516.752
2025-11-01 18:15:00,185.09,185.34,185.02,185.14,1235.952
2025-11-01 18:20:00,185.14,185.33,184.98,184.98,2337.869
2025-11-01 18:25:00,184.98,185.31,184.98,185.17,1719.032
2025-11-01 18:30:00,185.17,185.35,185.13,185.24,1373.522
2025-11-01 18:35:00,185.24,185.47,185.24,185.46,2056.841
2025-11-01 18:40:00,185.46,185.47,185.29,185.43,1707.947
2025-11-01 18:45:00,185.43,185.61,185.38,185.48,1664.912
2025-11-01 18:50:00,185.48,185.75,185.45,185.71,1080.493
2025-11-01 18:55:00,185.71,185.79,185.68,185.78,896.78
2025-11-01 19:00:00,185.78,185.78,185.45,185.49,515.016
2025-11-01 19:05:00,185.49,185.57,185.44,185.54,760.616
2025-11-01 19:10:00,185.54,185.73,185.54,185.64,547.349
2025-11-01 19:15:00,185.64,185.87,185.63,185.82,731.673
2025-11-01 19:20:00,185.82,185.96,185.65,185.83,597.218
2025-11-01 19:25:00,185.83,185.91,185.74,185.77,907.622
2025-11-01 19:30:00,185.77,185.88,185.63,185.82,1113.989
2025-11-01 19:35:00,185.82,185.82,185.6,185.65,369.717
2025-11-01 19:40:00,185.65,185.95,185.62,185.94,585.632
2025-11-01 19:45:00,185.94,186.07,185.83,186.07,398.609
2025-11-01 19:50:00,186.07,186.19,186.07,186.19,784.878
2025-11-01 19:55:00,186.19,186.32,186.14,186.26,1931.433
2025-11-01 20:00:00,186.26,186.27,186.14,186.22,867.253
2025-11-01 20:05:00,186.22,186.4,186.2,186.4,659.795
2025-11-01 20:10:00,186.4,186.45,186.26,186.33,1058.436
2025-11-01 20:15:00,186.33,186.48,186.21,186.42,530.934
2025-11-01 20:20:00,186.42,186.7,186.41,186.7,891.827
2025-11-01 20:25:00,186.7,186.89,186.56,186.87,1298.667
2025-11-01 20:30:00,186.87,186.91,186.67,186.68,1073.646
2025-11-01 20:35:00,186.68,186.88,186.6,186.87,897.768
2025-11-01 20:40:00,186.87,186.88,186.74,186.79,1129.735
2025-11-01 20:45:00,186.79,186.83,186.49,186.53,2810.038
2025-11-01 20:50:00,186.53,186.61,186.45,186.53,1840.422
2025-11-01 20:55:00,186.53,186.62,186.42,186.45,1420.46
2025-11-01 21:00:00,186.45,186.57,186.2,186.22,842.781
2025-11-01 21:05:00,186.22,186.36,186.19,186.21,790.18
2025-11-01 21:10:00,186.21,186.41,186.08,186.08,1250.721
2025-11-01 21:15:00,186.08,186.45,185.95,185.96,1299.152
2025-11-01 21:20:00,185.96,186.12,185.96,186.12,614.893
2025-11-01 21:25:00,186.12,186.37,186.05,186.36,587.154
2025-11-01 21:30:00,186.36,186.54,186.36,186.49,886.309
2025-11-01 21:35:00,186.49,186.5,186.1,186.15,846.719
2025-11-01 21:40:00,186.15,186.17,185.94,185.96,847.041
2025-11-01 21:45:00,185.96,186.03,185.63,185.69,932.621
2025-11-01 21:50:00,185.69,185.85,185.62,185.81,450.331
2025-11-01 21:55:00,185.81,185.81,185.26,185.31,1311.46
2025-11-01 22:00:00,185.31,185.59,185.3,185.46,1086.115
2025-11-01 22:05:00,185.46,185.76,185.46,185.62,816.484
2025-11-01 22:10:00,185.62,185.62,185.12,185.13,1872.665
2025-11-01 22:15:00,185.13,185.18,184.96,185.03,1835.311
2025-11-01 22:20:00,185.03,185.4,185.03,185.39,1002.857
2025-11-01 22:25:00,185.39,185.74,185.31,185.61,1456.222
2025-11-01 22:30:00,185.61,185.69,185.53,185.6,1619.442
2025-11-01 22:35:00,185.6,185.6,185.47,185.54,1947.782
2025-11-01 22:40:00,185.54,185.69,185.47,185.66,1555.746
2025-11-01 22:45:00,185.66,185.94,185.62,185.92,1361.544
2025-11-01 22:50:00,185.92,186.05,185.53,186.0,1912.046
2025-11-01 22:55:00,186.0,186.25,185.99,186.13,790.932
2025-11-01 23:00:00,186.13,186.18,185.92,186.04,889.042
2025-11-01 23:05:00,186.04,186.16,185.95,186.06,779.079
2025-11-01 23:10:00,186.06,186.09,185.85,185.99,521.345
2025-11-01 23:15:00,185.99,186.02,185.86,185.96,299.709
2025-11-01 23:20:00,185.96,186.3,185.92,186.3,611.893
2025-11-01 23:25:00,186.3,186.33,186.19,186.29,373.288
2025-11-01 23:30:00,186.29,186.36,186.2,186.2,506.558
2025-11-01 23:35:00,186.2,186.35,185.98,186.26,550.885
2025-11-01 23:40:00,186.26,186.47,186.15,186.46,1382.246
2025-11-01 23:45:00,186.46,186.5,186.32,186.34,962.055
2025-11-01 23:50:00,186.34,186.43,186.27,186.32,433.656
2025-11-01 23:55:00,186.32,186.54,186.28,186.34,514.684
2025-11-02 00:00:00,186.34,186.35,185.76,185.8,1707.313
2025-11-02 00:05:00,185.8,185.88,185.59,185.65,665.037
2025-11-02 00:10:00,185.65,186.02,185.63,185.98,382.357
2025-11-02 00:15:00,185.98,185.98,185.31,185.32,2142.597
2025-11-02 00:20:00,185.32,185.65,185.25,185.64,1137.756
2025-11-02 00:25:00,185.64,185.76,185.47,185.48,571.757
2025-11-02 00:30:00,185.48,185.66,185.31,185.34,1063.62
2025-11-02 00:35:00,185.34,185.62,185.31,185.59,1671.447
2025-11-02 00:40:00,185.59,185.7,185.47,185.61,1296.609
2025-11-02 00:45:00,185.61,185.67,185.26,185.27,1547.262
2025-11-02 00:50:00,185.27,185.28,185.14,185.17,2037.644
2025-11-02 00:55:00,185.17,185.18,185.06,185.08,3458.556
2025-11-02 01:00:00,185.08,185.28,185.08,185.15,4063.694
2025-11-02 01:05:00,185.15,185.23,184.85,184.87,4899.667
2025-11-02 01:10:00,184.87,185.25,184.87,185.11,3459.103
2025-11-02 01:15:00,185.11,185.36,184.94,184.97,1882.472
2025-11-02 01:20:00,184.97,185.3,184.96,185.24,978.605
2025-11-02 01:25:00,185.24,185.47,185.2,185.44,1300.99
2025-11-02 01:30:00,185.44,185.45,185.2,185.4,835.752
2025-11-02 01:35:00,185.4,185.51,185.4,185.49,732.758
2025-11-02 01:40:00,185.49,185.49,185.14,185.17,750.885
2025-11-02 01:45:00,185.17,185.17,184.66,184.79,2666.366
2025-11-02 01:50:00,184.79,185.13,184.75,184.97,1009.805
2025-11-02 01:55:00,184.97,185.04,184.79,184.82,2001.471
2025-11-02 02:00:00,184.82,185.44,184.79,185.26,1242.95
2025-11-02 02:05:00,185.26,185.3,185.05,185.27,629.201
2025-11-02 02:10:00,185.27,185.47,185.19,185.45,831.726
2025-11-02 02:15:00,185.45,185.49,185.11,185.12,506.515
2025-11-02 02:20:00,185.12,185.23,185.09,185.11,667.82
2025-11-02 02:25:00,185.11,185.36,185.11,185.29,543.079
2025-11-02 02:30:00,185.29,185.98,185.27,185.94,2179.697
2025-11-02 02:35:00,185.94,185.99,185.56,185.67,1035.257
2025-11-02 02:40:00,185.67,185.75,185.44,185.52,2033.15
2025-11-02 02:45:00,185.52,185.81,185.5,185.73,812.456
2025-11-02 02:50:00,185.73,185.73,185.16,185.18,1761.28
2025-11-02 02:55:00,185.18,185.45,185.17,185.39,1007.913
2025-11-02 03:00:00,185.39,185.49,185.19,185.42,638.772
2025-11-02 03:05:00,185.42,185.49,185.05,185.07,575.577
2025-11-02 03:10:00,185.07,185.3,184.98,185.3,408.672
2025-11-02 03:15:00,185.3,185.34,185.09,185.25,1442.434
2025-11-02 03:20:00,185.25,185.32,185.11,185.14,1219.634
2025-11-02 03:25:00,185.14,185.15,185.09,185.14,423.831
2025-11-02 03:30:00,185.14,185.4,185.12,185.4,1093.589
2025-11-02 03:35:00,185.4,185.5,184.98,185.01,390.594
2025-11-02 03:40:00,185.01,185.16,184.94,185.12,1240.863
2025-11-02 03:45:00,185.12,185.3,185.04,185.09,389.006
2025-11-02 03:50:00,185.09,185.22,184.95,185.2,402.264
2025-11-02 03:55:00,185.2,185.3,185.13,185.28,430.302
2025-11-02 04:00:00,185.28,185.31,185.0,185.07,363.448
2025-11-02 04:05:00,185.07,185.59,185.03,185.56,1310.661
2025-11-02 04:10:00,185.56,185.76,185.56,185.71,968.965
2025-11-02 04:15:00,185.71,185.83,185.6,185.77,743.661
2025-11-02 04:20:00,185.77,186.05,185.72,186.01,1836.842
2025-11-02 04:25:00,186.01,186.36,185.98,186.26,1920.01
2025-11-02 04:30:00,186.26,186.28,186.1,186.26,1209.81
2025-11-02 04:35:00,186.26,186.41,186.25,186.34,1351.978
2025-11-02 04:40:00,186.34,186.8,186.34,186.79,3533.065
2025-11-02 04:45:00,186.79,187.29,186.66,187.16,7458.372
2025-11-02 04:50:00,187.16,187.86,187.11,187.8,10754.941
2025-11-02 04:55:00,187.8,187.98,187.62,187.73,4955.971
2025-11-02 05:00:00,187.73,187.8,187.3,187.54,3381.116
2025-11-02 05:05:00,187.54,187.55,187.17,187.22,2015.03
2025-11-02 05:10:00,187.22,187.36,187.08,187.36,2499.177
2025-11-02 05:15:00,187.36,187.67,187.33,187.41,1702.647
2025-11-02 05:20:00,187.41,187.42,186.73,186.78,2431.933
2025-11-02 05:25:00,186.78,186.99,186.75,186.96,1678.97
2025-11-02 05:30:00,186.96,187.13,186.82,187.0,1855.737
2025-11-02 05:35:00,187.0,187.03,186.51,186.53,943.773
2025-11-02 05:40:00,186.53,187.2,186.51,187.09,2593.593
2025-11-02 05:45:00,187.09,187.15,186.71,186.73,943.703
2025-11-02 05:50:00,186.73,187.01,186.6,187.0,1508.983
2025-11-02 05:55:00,187.0,187.09,186.92,187.07,1499.62
2025-11-02 06:00:00,187.07,187.3,186.86,187.01,1306.067
2025-11-02 06:05:00,187.01,187.05,186.6,186.66,1204.664
2025-11-02 06:10:00,186.66,186.91,186.64,186.82,887.631
2025-11-02 06:15:00,186.82,187.0,186.65,186.97,1042.343
2025-11-02 06:20:00,186.97,187.0,186.65,186.67,537.834
2025-11-02 06:25:00,186.67,186.96,186.61,186.9,755.809
2025-11-02 06:30:00,186.9,186.9,186.64,186.74,532.366
2025-11-02 06:35:00,186.74,186.75,186.61,186.66,637.195
2025-11-02 06:40:00,186.66,187.29,186.66,187.27,1099.274
2025-11-02 06:45:00,187.27,187.67,187.27,187.54,1954.832
2025-11-02 06:50:00,187.54,187.55,187.31,187.52,1513.989
2025-11-02 06:55:00,187.52,187.52,187.36,187.39,495.902
2025-11-02 07:00:00,187.39,187.46,187.04,187.05,613.255
2025-11-02 07:05:00,187.05,187.07,186.84,186.85,676.846
2025-11-02 07:10:00,186.85,187.02,186.81,186.91,1395.062
2025-11-02 07:15:00,186.91,187.0,186.71,186.75,558.44
2025-11-02 07:20:00,186.75,186.99,186.68,186.9,659.565
2025-11-02 07:25:00,186.9,187.16,186.86,187.03,670.175
2025-11-02 07:30:00,187.03,187.19,186.88,187.03,534.396
2025-11-02 07:35:00,187.03,187.37,187.03,187.25,846.67
2025-11-02 07:40:00,187.25,187.54,187.24,187.5,898.578
2025-11-02 07:45:00,187.5,187.67,187.43,187.67,1112.432
2025-11-02 07:50:00,187.67,188.32,187.66,188.23,5538.215
2025-11-02 07:55:00,188.23,188.23,187.62,187.7,6506.578
2025-11-02 08:00:00,187.7,187.94,187.6,187.61,1302.696
2025-11-02 08:05:00,187.61,187.7,187.47,187.59,1104.617
2025-11-02 08:10:00,187.59,187.74,187.59,187.69,854.262
2025-11-02 08:15:00,187.69,187.85,187.37,187.71,2518.784
2025-11-02 08:20:00,187.71,187.78,187.23,187.31,1013.928
2025-11-02 08:25:00,187.31,187.57,187.2,187.28,1436.058
2025-11-02 08:30:00,187.28,187.35,187.17,187.29,883.921
2025-11-02 08:35:00,187.29,187.5,187.21,187.34,1035.945
2025-11-02 08:40:00,187.34,187.53,187.32,187.39,1625.43
2025-11-02 08:45:00,187.39,187.41,187.0,187.0,1278.114
2025-11-02 08:50:00,187.0,187.28,186.98,187.1,657.593
2025-11-02 08:55:00,187.1,187.17,186.99,187.17,564.178
2025-11-02 09:00:00,187.17,187.41,187.16,187.35,846.926
2025-11-02 09:05:00,187.35,187.47,187.18,187.33,501.641
2025-11-02 09:10:00,187.33,187.43,187.09,187.42,717.049
2025-11-02 09:15:00,187.42,187.49,187.13,187.41,889.303
2025-11-02 09:20:00,187.41,187.93,187.38,187.85,2263.325
2025-11-02 09:25:00,187.85,187.85,187.59,187.59,679.035
2025-11-02 09:30:00,187.59,187.59,186.71,186.86,2344.896
2025-11-02 09:35:00,186.86,187.0,186.78,186.98,1418.006
2025-11-02 09:40:00,186.98,187.09,186.41,186.67,4510.644
2025-11-02 09:45:00,186.67,186.67,185.97,186.0,2797.404
2025-11-02 09:50:00,186.0,186.11,185.88,185.97,2277.352
2025-11-02 09:55:00,185.97,186.03,185.82,185.92,1084.905
2025-11-02 10:00:00,185.92,186.2,185.64,185.71,3661.663
2025-11-02 10:05:00,185.71,185.93,185.58,185.9,1106.033
2025-11-02 10:10:00,185.9,186.1,185.73,186.05,1164.002
2025-11-02 10:15:00,186.05,186.05,185.52,185.54,2329.73
2025-11-02 10:20:00,185.54,185.78,185.43,185.51,2083.025
2025-11-02 10:25:00,185.51,185.62,185.33,185.34,2062.089
2025-11-02 10:30:00,185.34,185.34,184.86,185.12,9307.022
2025-11-02 10:35:00,185.12,185.2,184.69,184.75,4560.417
2025-11-02 10:40:00,184.75,184.94,184.48,184.67,6504.092
2025-11-02 10:45:00,184.67,184.98,184.65,184.75,2987.084
2025-11-02 10:50:00,184.75,184.89,184.6,184.77,1690.368
2025-11-02 10:55:00,184.77,185.1,184.68,185.09,1685.841
2025-11-02 11:00:00,185.09,185.57,184.91,185.38,3943.156
2025-11-02 11:05:00,185.38,185.44,185.08,185.19,2209.866
2025-11-02 11:10:00,185.19,185.31,185.05,185.07,1813.557
2025-11-02 11:15:00,185.07,185.45,185.05,185.41,997.362
2025-11-02 11:20:00,185.41,185.51,185.35,185.48,972.13
2025-11-02 11:25:00,185.48,185.81,185.43,185.74,956.761
2025-11-02 11:30:00,185.74,185.95,185.45,185.47,2288.685
2025-11-02 11:35:00,185.47,185.85,185.45,185.66,5484.472
2025-11-02 11:40:00,185.66,186.31,185.64,186.25,3622.357
2025-11-02 11:45:00,186.25,186.44,186.01,186.23,1204.494
2025-11-02 11:50:00,186.23,186.38,186.08,186.08,1630.384
2025-11-02 11:55:00,186.08,186.21,186.03,186.17,1552.05
2025-11-02 12:00:00,186.17,186.19,185.75,185.78,3745.232
2025-11-02 12:05:00,185.78,186.09,185.78,185.99,6441.606
2025-11-02 12:10:00,185.99,186.21,185.92,186.06,1888.394
2025-11-02 12:15:00,186.06,186.44,186.06,186.39,1970.269
2025-11-02 12:20:00,186.39,186.5,185.83,186.2,3447.442
2025-11-02 12:25:00,186.2,186.28,186.08,186.1,2709.846
2025-11-02 12:30:00,186.1,186.25,185.85,185.9,3090.797
2025-11-02 12:35:00,185.9,185.93,185.58,185.63,3065.393
2025-11-02 12:40:00,185.63,185.88,185.56,185.65,1189.668
2025-11-02 12:45:00,185.65,185.67,185.27,185.54,8888.304
2025-11-02 12:50:00,185.54,185.69,185.43,185.61,1286.566
2025-11-02 12:55:00,185.61,185.68,185.46,185.5,908.562
2025-11-02 13:00:00,185.5,185.55,185.33,185.33,868.228
2025-11-02 13:05:00,185.33,185.33,185.13,185.23,2238.23
2025-11-02 13:10:00,185.23,185.24,185.03,185.03,1511.069
2025-11-02 13:15:00,185.03,185.03,184.65,184.65,3349.344
2025-11-02 13:20:00,184.65,184.68,183.99,184.4,8764.28
2025-11-02 13:25:00,184.4,184.81,184.35,184.78,3668.341
2025-11-02 13:30:00,184.78,185.14,184.63,185.02,1628.23
2025-11-02 13:35:00,185.02,185.02,184.65,184.93,1377.593
2025-11-02 13:40:00,184.93,185.08,184.74,185.02,1090.687
2025-11-02 13:45:00,185.02,185.17,184.8,185.15,2798.729
2025-11-02 13:50:00,185.15,185.26,184.95,185.25,1392.919
2025-11-02 13:55:00,185.25,185.26,185.0,185.12,720.596
2025-11-02 14:00:00,185.12,185.2,184.85,185.19,1917.198
2025-11-02 14:05:00,185.19,185.38,185.09,185.22,895.769
2025-11-02 14:10:00,185.22,185.26,184.45,184.7,2466.357
2025-11-02 14:15:00,184.7,184.89,184.23,184.56,2107.975
2025-11-02 14:20:00,184.56,184.64,184.15,184.44,1305.893
2025-11-02 14:25:00,184.44,184.55,184.04,184.17,1971.047
2025-11-02 14:30:00,184.17,184.64,184.15,184.51,1408.747
2025-11-02 14:35:00,184.51,184.76,184.48,184.53,4461.861
2025-11-02 14:40:00,184.53,184.98,184.3,184.3,1947.978
2025-11-02 14:45:00,184.3,184.34,183.54,184.14,7912.294
2025-11-02 14:50:00,184.14,184.74,184.1,184.58,3436.887
2025-11-02 14:55:00,184.58,184.73,184.17,184.37,2697.582
2025-11-02 15:00:00,184.37,184.37,183.75,184.08,3899.85
2025-11-02 15:05:00,184.08,184.5,183.89,184.5,1916.955
2025-11-02 15:10:00,184.5,184.72,184.17,184.47,2336.514
2025-11-02 15:15:00,184.47,184.66,184.34,184.55,2576.32
2025-11-02 15:20:00,184.55,184.79,184.43,184.7,1445.704
2025-11-02 15:25:00,184.7,185.05,184.65,184.95,1723.569
2025-11-02 15:30:00,184.95,184.98,184.8,184.94,981.992
2025-11-02 15:35:00,184.94,184.98,184.55,184.9,1392.02
2025-11-02 15:40:00,184.9,184.9,184.32,184.48,1508.283
2025-11-02 15:45:00,184.48,184.69,184.39,184.61,1019.115
2025-11-02 15:50:00,184.61,184.61,184.2,184.35,2104.468
2025-11-02 15:55:00,184.35,184.36,183.72,183.78,6642.325
2025-11-02 16:00:00,183.78,183.99,183.29,183.54,4567.825
2025-11-02 16:05:00,183.54,183.61,183.16,183.37,3842.156
2025-11-02 16:10:00,183.37,183.58,182.64,182.82,4542.42
2025-11-02 16:15:00,182.82,182.86,182.05,182.68,8271.497
2025-11-02 16:20:00,182.68,183.57,182.65,183.27,5333.71
2025-11-02 16:25:00,183.27,183.6,183.26,183.51,1849.321
2025-11-02 16:30:00,183.51,183.69,183.16,183.43,1849.43
2025-11-02 16:35:00,183.43,183.7,183.33,183.5,1564.95
2025-11-02 16:40:00,183.5,183.71,183.46,183.68,1038.708
2025-11-02 16:45:00,183.68,183.81,183.53,183.67,1311.955
2025-11-02 16:50:00,183.67,183.97,183.57,183.94,1254.23
2025-11-02 16:55:00,183.94,184.37,183.94,184.26,3509.028
2025-11-02 17:00:00,184.26,184.37,184.08,184.35,2418.489
2025-11-02 17:05:00,184.35,184.58,184.35,184.44,975.389
2025-11-02 17:10:00,184.44,184.45,184.07,184.11,2221.669
2025-11-02 17:15:00,184.11,184.29,183.89,183.89,1573.826
2025-11-02 17:20:00,183.89,184.09,183.74,184.09,1240.508
2025-11-02 17:25:00,184.09,184.24,183.96,183.98,1849.902
2025-11-02 17:30:00,183.98,183.98,183.55,183.58,2121.552
2025-11-02 17:35:00,183.58,183.86,183.57,183.84,1405.013
2025-11-02 17:40:00,183.84,183.92,183.64,183.92,5000.524
2025-11-02 17:45:00,183.92,184.02,183.72,183.87,1505.879
2025-11-02 17:50:00,183.87,184.01,183.69,184.01,918.895
2025-11-02 17:55:00,184.01,184.39,184.01,184.39,990.796
2025-11-02 18:00:00,184.39,184.44,184.27,184.36,1386.181
2025-11-02 18:05:00,184.36,184.63,184.32,184.33,650.733
2025-11-02 18:10:00,184.33,184.41,184.08,184.08,1111.441
2025-11-02 18:15:00,184.08,184.3,183.97,184.28,407.259
2025-11-02 18:20:00,184.28,184.43,184.21,184.36,512.759
2025-11-02 18:25:00,184.36,184.36,184.17,184.31,490.217
2025-11-02 18:30:00,184.31,184.4,184.21,184.27,377.867
2025-11-02 18:35:00,184.27,184.43,184.13,184.15,685.189
2025-11-02 18:40:00,184.15,184.53,184.15,184.48,464.276
2025-11-02 18:45:00,184.48,184.52,184.23,184.29,585.783
2025-11-02 18:50:00,184.29,184.34,184.12,184.24,566.205
2025-11-02 18:55:00,184.24,184.3,184.04,184.22,897.806
2025-11-02 19:00:00,184.22,184.27,184.05,184.16,785.265
2025-11-02 19:05:00,184.16,184.17,183.79,183.84,1182.99
2025-11-02 19:10:00,183.84,184.17,183.84,184.09,551.93
2025-11-02 19:15:00,184.09,184.09,183.85,183.87,549.849
2025-11-02 19:20:00,183.87,183.87,183.34,183.42,3385.068
2025-11-02 19:25:00,183.42,183.44,183.1,183.11,2477.384
2025-11-02 19:30:00,183.11,183.62,183.04,183.58,1800.923
2025-11-02 19:35:00,183.58,183.66,183.08,183.47,665.707
2025-11-02 19:40:00,183.47,183.48,183.32,183.42,1246.698
2025-11-02 19:45:00,183.42,183.61,183.42,183.48,439.169
2025-11-02 19:50:00,183.48,183.83,183.46,183.83,540.729
2025-11-02 19:55:00,183.83,183.99,183.8,183.99,350.736
2025-11-02 20:00:00,183.99,184.07,183.81,184.06,539.014
2025-11-02 20:05:00,184.06,184.12,183.93,183.94,317.233
2025-11-02 20:10:00,183.94,183.95,183.55,183.59,412.747
2025-11-02 20:15:00,183.59,183.85,183.59,183.85,543.132
2025-11-02 20:20:00,183.85,183.97,183.84,183.91,280.787
2025-11-02 20:25:00,183.91,184.01,183.85,183.96,433.403
2025-11-02 20:30:00,183.96,184.12,183.91,184.11,354.622
2025-11-02 20:35:00,184.11,184.16,184.05,184.07,440.456
2025-11-02 20:40:00,184.07,184.19,184.04,184.11,396.69
2025-11-02 20:45:00,184.11,184.45,184.05,184.44,600.897
2025-11-02 20:50:00,184.44,184.52,184.37,184.46,797.033
2025-11-02 20:55:00,184.46,184.54,184.42,184.54,251.289
2025-11-02 21:00:00,184.54,185.01,184.51,184.94,1159.682
2025-11-02 21:05:00,184.94,184.99,184.83,184.95,558.69
2025-11-02 21:10:00,184.95,184.95,184.69,184.73,701.626
2025-11-02 21:15:00,184.73,185.12,184.58,185.12,673.794
2025-11-02 21:20:00,185.12,185.45,184.97,185.35,1135.536
2025-11-02 21:25:00,185.35,185.42,185.24,185.26,547.0
2025-11-02 21:30:00,185.26,185.37,185.08,185.13,1794.973
2025-11-02 21:35:00,185.13,185.4,185.06,185.36,2573.855
2025-11-02 21:40:00,185.36,185.47,185.15,185.46,720.273
2025-11-02 21:45:00,185.46,185.64,185.39,185.63,1434.17
2025-11-02 21:50:00,185.63,185.97,185.63,185.77,2880.554
2025-11-02 21:55:00,185.77,185.81,185.42,185.45,1191.465
2025-11-02 22:00:00,185.45,185.53,185.16,185.24,1443.399
2025-11-02 22:05:00,185.24,185.37,185.2,185.23,1558.367
2025-11-02 22:10:00,185.23,185.32,185.14,185.17,869.232
2025-11-02 22:15:00,185.17,185.31,185.13,185.3,631.924
2025-11-02 22:20:00,185.3,185.65,185.29,185.57,1101.107
2025-11-02 22:25:00,185.57,185.58,185.35,185.4,655.615
2025-11-02 22:30:00,185.4,185.46,184.33,184.43,2294.085
2025-11-02 22:35:00,184.43,184.96,184.39,184.47,4104.851
2025-11-02 22:40:00,184.47,184.63,184.45,184.62,4555.027
2025-11-02 22:45:00,184.62,184.87,184.32,184.76,1549.591
2025-11-02 22:50:00,184.76,184.89,184.55,184.71,894.184
2025-11-02 22:55:00,184.71,184.92,184.64,184.89,543.458
2025-11-02 23:00:00,184.89,185.82,184.89,185.58,3878.13
2025-11-02 23:05:00,185.58,186.05,185.43,185.98,2039.77
2025-11-02 23:10:00,185.98,186.4,185.82,186.36,2159.574
2025-11-02 23:15:00,186.36,186.45,186.05,186.36,4127.733
2025-11-02 23:20:00,186.36,186.37,186.06,186.18,1488.479
2025-11-02 23:25:00,186.18,186.45,185.96,186.43,2238.421
2025-11-02 23:30:00,186.43,186.75,186.38,186.49,1807.911
2025-11-02 23:35:00,186.49,186.98,186.41,186.79,4211.555
2025-11-02 23:40:00,186.79,187.17,186.73,186.79,4030.817
2025-11-02 23:45:00,186.79,187.03,186.7,186.82,1954.418
2025-11-02 23:50:00,186.82,187.66,186.82,187.65,5965.306
2025-11-02 23:55:00,187.65,188.06,187.58,187.68,9722.149
2025-11-03 00:00:00,187.68,187.87,187.45,187.86,3029.991
2025-11-03 00:05:00,187.86,188.94,187.86,188.91,9340.995
2025-11-03 00:10:00,188.91,189.09,188.41,188.74,11626.236
2025-11-03 00:15:00,188.74,188.83,188.31,188.38,6158.907
2025-11-03 00:20:00,188.38,188.57,187.96,187.98,2676.213
2025-11-03 00:25:00,187.98,188.12,187.65,187.75,2264.831
2025-11-03 00:30:00,187.75,188.15,187.73,187.89,2562.716
2025-11-03 00:35:00,187.89,188.21,187.66,188.15,1817.774
2025-11-03 00:40:00,188.15,188.29,187.83,188.16,1610.581
2025-11-03 00:45:00,188.16,188.4,187.89,188.05,1108.096
2025-11-03 00:50:00,188.05,188.25,186.93,187.08,4467.323
2025-11-03 00:55:00,187.08,187.08,186.54,186.54,4321.518
2025-11-03 01:00:00,186.54,186.96,186.39,186.68,3648.869
2025-11-03 01:05:00,186.68,186.88,186.21,186.83,2489.307
2025-11-03 01:10:00,186.83,186.98,186.57,186.83,2593.567
2025-11-03 01:15:00,186.83,187.12,186.51,186.82,1940.507
2025-11-03 01:20:00,186.82,186.9,186.27,186.4,1966.604
2025-11-03 01:25:00,186.4,186.63,186.11,186.5,2496.672
2025-11-03 01:30:00,186.5,186.82,186.36,186.42,2428.007
2025-11-03 01:35:00,186.42,186.42,185.33,185.71,7188.439
2025-11-03 01:40:00,185.71,186.26,185.58,186.08,2184.912
2025-11-03 01:45:00,186.08,186.51,186.01,186.21,2656.101
2025-11-03 01:50:00,186.21,186.29,185.73,185.76,1233.714
2025-11-03 01:55:00,185.76,185.83,185.48,185.55,2561.921
2025-11-03 02:00:00,185.55,185.9,184.94,185.04,9103.144
2025-11-03 02:05:00,185.04,185.26,184.7,184.95,5100.853
2025-11-03 02:10:00,184.95,185.49,184.65,185.31,9363.085
2025-11-03 02:15:00,185.31,185.37,184.66,184.91,4260.215
2025-11-03 02:20:00,184.91,185.17,184.87,184.94,4154.686
2025-11-03 02:25:00,184.94,185.25,184.34,184.44,6143.489
2025-11-03 02:30:00,184.44,184.44,183.63,183.79,9324.913
2025-11-03 02:35:00,183.79,183.91,183.39,183.44,5497.7
2025-11-03 02:40:00,183.44,183.95,183.4,183.79,5037.803
2025-11-03 02:45:00,183.79,183.87,183.04,183.09,6925.425
2025-11-03 02:50:00,183.09,184.07,183.01,183.83,6225.993
2025-11-03 02:55:00,183.83,184.18,183.39,183.49,4506.646
2025-11-03 03:00:00,183.49,183.67,183.08,183.19,5065.878
2025-11-03 03:05:00,183.19,183.33,182.13,182.18,8345.368
2025-11-03 03:10:00,182.18,182.18,180.51,180.71,20190.516
2025-11-03 03:15:00,180.71,181.41,180.47,180.9,13950.547
2025-11-03 03:20:00,180.9,180.96,180.35,180.57,5316.264
2025-11-03 03:25:00,180.57,180.64,180.16,180.52,3907.909
2025-11-03 03:30:00,180.52,180.56,179.18,179.69,18977.838
2025-11-03 03:35:00,179.69,180.04,179.33,179.35,8562.626
2025-11-03 03:40:00,179.35,179.7,178.93,179.08,12336.443
2025-11-03 03:45:00,179.08,179.08,178.19,178.54,10909.38
2025-11-03 03:50:00,178.54,178.71,176.79,177.47,9563.538
2025-11-03 03:55:00,177.47,177.8,177.26,177.58,13198.285
2025-11-03 04:00:00,177.58,177.58,176.99,177.16,9875.332
2025-11-03 04:05:00,177.16,177.46,175.95,177.16,11370.971
2025-11-03 04:10:00,177.16,177.59,177.07,177.4,6304.085
2025-11-03 04:15:00,177.4,177.46,176.83,176.98,5291.989
2025-11-03 04:20:00,176.98,178.05,176.91,177.8,7512.882
2025-11-03 04:25:00,177.8,178.42,177.61,178.14,6316.942
2025-11-03 04:30:00,178.14,178.14,177.63,177.86,5467.867
2025-11-03 04:35:00,177.86,178.01,177.42,177.72,6553.307
2025-11-03 04:40:00,177.72,177.76,177.1,177.16,4102.896
2025-11-03 04:45:00,177.16,177.46,177.07,177.37,3976.842
2025-11-03 04:50:00,177.37,178.0,177.37,177.98,4960.505
2025-11-03 04:55:00,177.98,178.04,177.63,177.98,6789.175
2025-11-03 05:00:00,177.98,178.4,177.9,178.21,4876.71
2025-11-03 05:05:00,178.21,178.77,178.16,178.75,5947.793
2025-11-03 05:10:00,178.75,178.78,178.1,178.72,5141.658
2025-11-03 05:15:00,178.72,178.72,177.72,177.73,3417.731
2025-11-03 05:20:00,177.73,178.15,177.68,177.93,4508.813
2025-11-03 05:25:00,177.93,178.47,177.83,178.27,4507.004
2025-11-03 05:30:00,178.27,178.47,178.0,178.0,3272.983
2025-11-03 05:35:00,178.0,178.04,177.1,177.16,5026.007
2025-11-03 05:40:00,177.16,177.16,176.65,176.83,6617.559
2025-11-03 05:45:00,176.83,176.94,176.52,176.81,5282.605
2025-11-03 05:50:00,176.81,177.05,176.63,176.67,2095.707
2025-11-03 05:55:00,176.67,176.9,176.67,176.84,1831.214
2025-11-03 06:00:00,176.84,177.18,176.57,177.13,4706.75
2025-11-03 06:05:00,177.13,177.28,176.82,176.82,3095.162
2025-11-03 06:10:00,176.82,176.83,175.55,176.14,8282.727
2025-11-03 06:15:00,176.14,176.59,176.04,176.08,3085.076
2025-11-03 06:20:00,176.08,176.48,175.98,176.3,2443.222
2025-11-03 06:25:00,176.3,176.48,175.89,176.1,3277.738
2025-11-03 06:30:00,176.1,176.15,175.56,175.71,6124.622
2025-11-03 06:35:00,175.71,176.3,175.65,175.77,4953.789
2025-11-03 06:40:00,175.77,175.87,175.25,175.34,9447.379
2025-11-03 06:45:00,175.34,175.47,174.26,175.39,15675.066
2025-11-03 06:50:00,175.39,176.32,175.35,175.72,7242.106
2025-11-03 06:55:00,175.72,176.19,175.7,176.14,3287.7
2025-11-03 07:00:00,176.14,176.23,175.56,175.56,2900.55
2025-11-03 07:05:00,175.56,176.05,175.49,175.82,3702.446
2025-11-03 07:10:00,175.82,176.1,175.7,175.98,3155.509
2025-11-03 07:15:00,175.98,176.34,175.86,175.92,3834.597
2025-11-03 07:20:00,175.92,176.96,175.78,176.92,3923.329
2025-11-03 07:25:00,176.92,177.01,176.45,176.6,3915.011
2025-11-03 07:30:00,176.6,176.93,176.32,176.64,4043.659
2025-11-03 07:35:00,176.64,177.15,176.46,176.74,3153.114
2025-11-03 07:40:00,176.74,176.98,176.12,176.12,4951.526
2025-11-03 07:45:00,176.12,176.35,176.05,176.35,2694.684
2025-11-03 07:50:00,176.35,176.77,176.3,176.51,2285.089
2025-11-03 07:55:00,176.51,176.82,176.46,176.53,1729.149
2025-11-03 08:00:00,176.53,176.54,176.18,176.4,3584.24
2025-11-03 08:05:00,176.4,176.64,176.12,176.14,2486.961
2025-11-03 08:10:00,176.14,176.56,176.13,176.28,4768.278
2025-11-03 08:15:00,176.28,176.42,175.89,176.03,6286.535
2025-11-03 08:20:00,176.03,176.04,175.56,175.93,4448.589
2025-11-03 08:25:00,175.93,176.05,175.65,175.75,3875.18
2025-11-03 08:30:00,175.75,175.91,175.5,175.76,3706.534
2025-11-03 08:35:00,175.76,175.83,174.93,175.32,7745.109
2025-11-03 08:40:00,175.32,175.6,175.2,175.48,8416.421
2025-11-03 08:45:00,175.48,175.53,174.41,174.69,11875.307
2025-11-03 08:50:00,174.69,176.14,174.68,175.9,6853.094
2025-11-03 08:55:00,175.9,175.9,175.43,175.71,4340.868
2025-11-03 09:00:00,175.71,176.42,175.44,176.41,3183.2
2025-11-03 09:05:00,176.41,176.96,176.37,176.66,7900.147
2025-11-03 09:10:00,176.66,176.7,176.29,176.58,4664.209
2025-11-03 09:15:00,176.58,176.6,176.05,176.06,4943.155
2025-11-03 09:20:00,176.06,176.06,175.47,175.59,4210.624
2025-11-03 09:25:00,175.59,175.72,175.15,175.61,5992.141
2025-11-03 09:30:00,175.61,175.88,175.32,175.46,1482.372
2025-11-03 09:35:00,175.46,175.64,175.17,175.26,2778.173
2025-11-03 09:40:00,175.26,175.53,175.16,175.52,3220.953
2025-11-03 09:45:00,175.52,175.71,175.29,175.49,2460.635
2025-11-03 09:50:00,175.49,175.65,174.88,174.93,8300.418
2025-11-03 09:55:00,174.93,175.09,174.68,174.96,6023.304
2025-11-03 10:00:00,174.96,175.59,174.93,175.09,4773.703
2025-11-03 10:05:00,175.09,175.6,175.08,175.56,3136.758
2025-11-03 10:10:00,175.56,175.7,175.34,175.5,3186.47
2025-11-03 10:15:00,175.5,175.65,175.43,175.57,3311.501
2025-11-03 10:20:00,175.57,175.82,175.46,175.8,3551.951
2025-11-03 10:25:00,175.8,175.95,175.56,175.86,2725.229
2025-11-03 10:30:00,175.86,175.86,175.07,175.18,3864.168
2025-11-03 10:35:00,175.18,175.27,174.95,175.01,2212.293
2025-11-03 10:40:00,175.01,175.18,174.66,174.69,6919.83
2025-11-03 10:45:00,174.69,175.02,174.57,174.94,3267.869
2025-11-03 10:50:00,174.94,175.14,174.63,174.72,1723.868
2025-11-03 10:55:00,174.72,174.95,173.71,174.14,7621.216
2025-11-03 11:00:00,174.14,175.62,174.14,175.19,9653.129
2025-11-03 11:05:00,175.19,175.35,174.74,175.13,7426.577
2025-11-03 11:10:00,175.13,175.42,175.06,175.12,2509.321
2025-11-03 11:15:00,175.12,176.07,175.1,175.63,5695.076
2025-11-03 11:20:00,175.63,175.71,174.76,174.8,3292.499
2025-11-03 11:25:00,174.8,175.37,174.66,175.25,4015.352
2025-11-03 11:30:00,175.25,175.45,175.01,175.08,3517.765
2025-11-03 11:35:00,175.08,175.22,174.75,175.08,3320.604
2025-11-03 11:40:00,175.08,175.35,174.94,175.24,3115.399
2025-11-03 11:45:00,175.24,175.8,175.24,175.79,3592.212
2025-11-03 11:50:00,175.79,175.83,175.34,175.64,5536.249
2025-11-03 11:55:00,175.64,175.65,175.24,175.35,2936.908
2025-11-03 12:00:00,175.35,175.93,175.22,175.68,8425.709
2025-11-03 12:05:00,175.68,175.7,175.02,175.68,4368.304
2025-11-03 12:10:00,175.68,176.23,175.63,176.04,5391.213
2025-11-03 12:15:00,176.04,176.57,176.04,176.46,3019.177
2025-11-03 12:20:00,176.46,176.56,176.12,176.14,2357.317
2025-11-03 12:25:00,176.14,176.5,176.14,176.44,1894.712
2025-11-03 12:30:00,176.44,176.51,176.04,176.17,4470.072
2025-11-03 12:35:00,176.17,176.34,175.82,176.09,2583.65
2025-11-03 12:40:00,176.09,176.17,175.83,175.84,1873.588
2025-11-03 12:45:00,175.84,176.1,175.75,176.03,1800.635
2025-11-03 12:50:00,176.03,176.18,175.79,175.84,1464.281
2025-11-03 12:55:00,175.84,175.88,175.4,175.56,3721.616
2025-11-03 13:00:00,175.56,175.59,175.36,175.51,3017.379
2025-11-03 13:05:00,175.51,175.59,175.3,175.4,1935.78
2025-11-03 13:10:00,175.4,175.54,175.05,175.37,2361.946
2025-11-03 13:15:00,175.37,175.37,175.1,175.1,5012.849
2025-11-03 13:20:00,175.1,175.22,174.96,175.2,2225.933
2025-11-03 13:25:00,175.2,175.65,175.15,175.6,4537.253
2025-11-03 13:30:00,175.6,176.28,175.6,176.28,2610.412
2025-11-03 13:35:00,176.28,176.32,176.06,176.12,1601.063
2025-11-03 13:40:00,176.12,176.17,175.7,175.98,1598.406
2025-11-03 13:45:00,175.98,176.22,175.67,175.93,3086.911
2025-11-03 13:50:00,175.93,176.19,175.4,176.15,4303.301
2025-11-03 13:55:00,176.15,176.27,175.71,175.81,3373.17
2025-11-03 14:00:00,175.81,176.32,175.81,176.16,3374.284
2025-11-03 14:05:00,176.16,176.96,176.15,176.4,7596.046
2025-11-03 14:10:00,176.4,176.55,176.0,176.0,6173.217
2025-11-03 14:15:00,176.0,176.04,175.71,175.99,3728.603
2025-11-03 14:20:00,175.99,176.15,175.46,175.51,5032.279
2025-11-03 14:25:00,175.51,175.6,175.25,175.46,6099.252
2025-11-03 14:30:00,175.46,175.72,175.05,175.11,3467.33
2025-11-03 14:35:00,175.11,176.09,174.88,175.87,3664.474
2025-11-03 14:40:00,175.87,175.87,175.08,175.43,2163.798
2025-11-03 14:45:00,175.43,176.02,175.12,175.97,3560.844
2025-11-03 14:50:00,175.97,176.49,175.74,176.1,4364.163
2025-11-03 14:55:00,176.1,176.52,176.1,176.44,3043.707
2025-11-03 15:00:00,176.44,176.76,175.64,175.73,4328.03
2025-11-03 15:05:00,175.73,175.83,175.28,175.32,4359.433
2025-11-03 15:10:00,175.32,175.67,175.07,175.25,2284.766
2025-11-03 15:15:00,175.25,175.25,174.58,174.83,4736.646
2025-11-03 15:20:00,174.83,174.83,174.13,174.13,7377.015
2025-11-03 15:25:00,174.13,174.25,166.51,168.03,15936.322
2025-11-03 15:30:00,168.03,168.4,164.83,166.92,37032.828
2025-11-03 15:35:00,166.92,169.94,166.76,169.63,35713.902
2025-11-03 15:40:00,169.63,169.74,167.57,167.9,26728.964
2025-11-03 15:45:00,167.9,168.64,166.07,166.22,31354.048
2025-11-03 15:50:00,166.22,167.27,165.78,165.81,33208.966
2025-11-03 15:55:00,165.81,167.14,165.81,166.74,18460.908
2025-11-03 16:00:00,166.74,166.94,165.63,165.95,21852.283
2025-11-03 16:05:00,165.95,167.11,165.95,166.66,23448.081
2025-11-03 16:10:00,166.66,168.5,166.36,168.16,19451.219
2025-11-03 16:15:00,168.16,168.72,167.44,168.64,17731.727
2025-11-03 16:20:00,168.64,168.9,168.06,168.68,13068.721
2025-11-03 16:25:00,168.68,168.9,168.15,168.31,11359.13
2025-11-03 16:30:00,168.31,168.78,168.0,168.06,12177.547
2025-11-03 16:35:00,168.06,168.44,167.74,168.04,8567.9
2025-11-03 16:40:00,168.04,168.46,167.91,168.19,6724.9
2025-11-03 16:45:00,168.19,168.8,168.05,168.27,7301.756
2025-11-03 16:50:00,168.27,169.19,168.25,168.4,11465.013
2025-11-03 16:55:00,168.4,168.72,168.21,168.4,9429.994
2025-11-03 17:00:00,168.4,168.6,168.13,168.51,11233.476
2025-11-03 17:05:00,168.51,169.38,168.51,169.24,9800.398
2025-11-03 17:10:00,169.24,169.55,168.96,169.4,9647.572
2025-11-03 17:15:00,169.4,169.86,168.85,169.75,8733.839
2025-11-03 17:20:00,169.75,171.0,169.69,169.87,13879.663
2025-11-03 17:25:00,169.87,169.87,169.2,169.24,7580.556
2025-11-03 17:30:00,169.24,170.03,169.19,169.82,4341.319
2025-11-03 17:35:00,169.82,170.5,169.64,170.16,8033.326
2025-11-03 17:40:00,170.16,170.2,169.51,169.73,8077.904
2025-11-03 17:45:00,169.73,170.64,169.62,170.52,6433.418
2025-11-03 17:50:00,170.52,170.66,169.81,169.87,5334.976
2025-11-03 17:55:00,169.87,170.13,169.71,169.94,3164.48
2025-11-03 18:00:00,169.94,170.14,169.61,169.63,5170.938
2025-11-03 18:05:00,169.63,169.69,169.0,169.58,8826.591
2025-11-03 18:10:00,169.58,169.98,169.23,169.4,5860.922
2025-11-03 18:15:00,169.4,169.5,169.05,169.33,3078.775
2025-11-03 18:20:00,169.33,169.65,169.22,169.28,1905.199
2025-11-03 18:25:00,169.28,169.38,168.74,168.83,5859.773
2025-11-03 18:30:00,168.83,169.25,168.74,168.74,4191.787
2025-11-03 18:35:00,168.74,169.34,168.6,169.02,6827.118
2025-11-03 18:40:00,169.02,169.14,168.29,168.35,7183.672
2025-11-03 18:45:00,168.35,168.45,168.05,168.2,3994.645
2025-11-03 18:50:00,168.2,168.41,167.91,168.04,3119.735
2025-11-03 18:55:00,168.04,168.11,167.79,167.91,2706.414
2025-11-03 19:00:00,167.91,168.14,167.31,167.32,5597.907
2025-11-03 19:05:00,167.32,167.42,166.9,167.31,8612.765
2025-11-03 19:10:00,167.31,167.59,167.03,167.57,3891.071
2025-11-03 19:15:00,167.57,168.39,167.36,167.54,3884.046
2025-11-03 19:20:00,167.54,168.0,167.22,167.34,3896.894
2025-11-03 19:25:00,167.34,167.6,166.95,167.11,2695.915
2025-11-03 19:30:00,167.11,167.55,167.1,167.36,1820.663
2025-11-03 19:35:00,167.36,167.98,167.26,167.97,2739.425
2025-11-03 19:40:00,167.97,168.17,167.54,167.95,2517.578
2025-11-03 19:45:00,167.95,168.14,167.73,167.76,5766.02
2025-11-03 19:50:00,167.76,167.8,167.06,167.3,2599.665
2025-11-03 19:55:00,167.3,167.37,166.66,166.77,4395.54
2025-11-03 20:00:00,166.77,167.22,166.77,166.93,5045.784
2025-11-03 20:05:00,166.93,166.98,165.91,166.2,9581.553
2025-11-03 20:10:00,166.2,166.25,165.98,166.04,4923.858
2025-11-03 20:15:00,166.04,166.18,165.7,166.09,5178.458
2025-11-03 20:20:00,166.09,166.3,165.57,165.65,4576.598
2025-11-03 20:25:00,165.65,166.3,165.36,166.15,4855.256
2025-11-03 20:30:00,166.15,166.85,166.03,166.03,3739.838
2025-11-03 20:35:00,166.03,166.16,165.7,166.12,2550.324
2025-11-03 20:40:00,166.12,166.19,165.45,165.63,3975.945
2025-11-03 20:45:00,165.63,165.75,164.79,164.99,7306.352
2025-11-03 20:50:00,164.99,165.06,163.3,163.56,15117.497
2025-11-03 20:55:00,163.56,164.7,163.39,164.4,10069.289
2025-11-03 21:00:00,164.4,166.0,164.37,165.77,8678.566
2025-11-03 21:05:00,165.77,166.15,165.15,165.15,8874.116
2025-11-03 21:10:00,165.15,165.29,164.73,164.82,6135.687
2025-11-03 21:15:00,164.82,165.04,163.26,164.15,7523.509
2025-11-03 21:20:00,164.15,165.65,164.02,164.86,11984.622
2025-11-03 21:25:00,164.86,164.9,164.32,164.78,4570.79
2025-11-03 21:30:00,164.78,165.73,164.48,165.69,7850.219
2025-11-03 21:35:00,165.69,166.03,165.43,165.53,3475.396
2025-11-03 21:40:00,165.53,166.06,165.34,166.06,4301.555
2025-11-03 21:45:00,166.06,166.25,165.81,165.88,4832.572
2025-11-03 21:50:00,165.88,166.21,165.7,165.91,4292.227
2025-11-03 21:55:00,165.91,166.03,165.75,165.98,4079.219
2025-11-03 22:00:00,165.98,166.1,165.06,165.46,4317.764
2025-11-03 22:05:00,165.46,165.96,165.4,165.75,5216.177
2025-11-03 22:10:00,165.75,165.75,165.06,165.5,4794.178
2025-11-03 22:15:00,165.5,166.18,165.48,166.02,5554.228
2025-11-03 22:20:00,166.02,166.3,165.45,165.72,4211.48
2025-11-03 22:25:00,165.72,165.72,164.93,164.93,2668.822
2025-11-03 22:30:00,164.93,165.19,164.21,165.19,7801.172
2025-11-03 22:35:00,165.19,165.65,164.81,164.9,4209.421
2025-11-03 22:40:00,164.9,165.36,164.9,165.31,2252.753
2025-11-03 22:45:00,165.31,166.05,165.31,166.05,2658.836
2025-11-03 22:50:00,166.05,166.1,165.72,165.98,2814.827
2025-11-03 22:55:00,165.98,165.98,165.5,165.75,1099.145
2025-11-03 23:00:00,165.75,165.75,164.5,164.77,2157.111
2025-11-03 23:05:00,164.77,165.1,164.7,165.05,2048.163
2025-11-03 23:10:00,165.05,165.2,164.75,164.94,2198.648
2025-11-03 23:15:00,164.94,165.41,164.9,165.4,1638.905
2025-11-03 23:20:00,165.4,165.88,165.27,165.58,2098.715
2025-11-03 23:25:00,165.58,165.9,165.56,165.71,3461.508
2025-11-03 23:30:00,165.71,165.9,165.54,165.78,2240.046
2025-11-03 23:35:00,165.78,166.09,165.72,166.01,2883.417
2025-11-03 23:40:00,166.01,166.22,165.9,166.06,6816.088
2025-11-03 23:45:00,166.06,166.14,165.63,165.87,2109.399
2025-11-03 23:50:00,165.87,166.17,165.63,166.08,1645.477
2025-11-03 23:55:00,166.08,166.32,166.01,166.06,3325.883
2025-11-04 00:00:00,166.06,166.11,165.52,165.52,2139.963
2025-11-04 00:05:00,165.52,166.01,165.27,165.85,2707.256
2025-11-04 00:10:00,165.85,165.9,165.49,165.64,2890.174
2025-11-04 00:15:00,165.64,166.09,165.37,165.65,3482.473
2025-11-04 00:20:00,165.65,165.79,164.77,164.78,3338.421
2025-11-04 00:25:00,164.78,164.86,164.19,164.22,5245.275
2025-11-04 00:30:00,164.22,165.66,164.2,165.5,5782.414
2025-11-04 00:35:00,165.5,167.22,165.45,166.82,10609.71
2025-11-04 00:40:00,166.82,167.23,166.53,166.91,5807.074
2025-11-04 00:45:00,166.91,166.93,166.6,166.89,3367.445
2025-11-04 00:50:00,166.89,166.9,166.36,166.46,2475.01
2025-11-04 00:55:00,166.46,166.62,166.06,166.6,2230.911
2025-11-04 01:00:00,166.6,166.84,166.23,166.23,1962.173
2025-11-04 01:05:00,166.23,166.89,165.91,166.68,2394.769
2025-11-04 01:10:00,166.68,166.99,166.57,166.64,2940.548
2025-11-04 01:15:00,166.64,166.94,166.47,166.86,2994.876
2025-11-04 01:20:00,166.86,167.71,166.84,167.47,6566.946
2025-11-04 01:25:00,167.47,167.71,167.06,167.42,2946.528
2025-11-04 01:30:00,167.42,167.87,167.25,167.87,3005.588
2025-11-04 01:35:00,167.87,168.4,167.67,168.12,7047.538
2025-11-04 01:40:00,168.12,168.21,167.67,167.78,2461.673
2025-11-04 01:45:00,167.78,167.94,167.61,167.68,3093.588
2025-11-04 01:50:00,167.68,167.85,167.21,167.8,2805.526
2025-11-04 01:55:00,167.8,168.28,167.78,167.89,3367.488
2025-11-04 02:00:00,167.89,167.89,167.38,167.42,1630.935
2025-11-04 02:05:00,167.42,167.97,167.32,167.93,2294.64
2025-11-04 02:10:00,167.93,168.15,167.78,167.99,1678.096
2025-11-04 02:15:00,167.99,168.27,167.8,168.27,1612.67
2025-11-04 02:20:00,168.27,168.44,168.05,168.22,1788.836
2025-11-04 02:25:00,168.22,168.34,167.61,167.69,2089.797
2025-11-04 02:30:00,167.69,167.85,167.37,167.52,1589.742
2025-11-04 02:35:00,167.52,167.78,167.25,167.53,2125.187
2025-11-04 02:40:00,167.53,167.66,166.96,167.14,2173.193
2025-11-04 02:45:00,167.14,167.14,166.47,166.66,3597.308
2025-11-04 02:50:00,166.66,166.97,166.46,166.92,2702.584
2025-11-04 02:55:00,166.92,166.96,166.7,166.71,951.215
2025-11-04 03:00:00,166.71,167.14,166.7,166.87,3464.017
2025-11-04 03:05:00,166.87,166.87,166.28,166.7,1923.927
2025-11-04 03:10:00,166.7,167.67,166.61,167.65,2248.156
2025-11-04 03:15:00,167.65,167.97,167.48,167.51,2797.576
2025-11-04 03:20:00,167.51,167.73,167.31,167.5,1316.389
2025-11-04 03:25:00,167.5,167.88,167.46,167.79,875.462
2025-11-04 03:30:00,167.79,168.13,167.42,168.1,2635.06
2025-11-04 03:35:00,168.1,168.27,167.75,168.11,2140.947
2025-11-04 03:40:00,168.11,168.17,167.76,167.87,2548.598
2025-11-04 03:45:00,167.87,168.0,167.5,167.51,1814.827
2025-11-04 03:50:00,167.51,167.95,167.44,167.89,2486.769
2025-11-04 03:55:00,167.89,168.03,167.67,167.67,1834.212
2025-11-04 04:00:00,167.67,168.1,167.59,168.05,2026.937
2025-11-04 04:05:00,168.05,168.14,167.58,167.69,1870.074
2025-11-04 04:10:00,167.69,168.13,167.38,167.57,4973.624
2025-11-04 04:15:00,167.57,167.59,166.75,166.87,7778.824
2025-11-04 04:20:00,166.87,166.93,166.41,166.49,3677.835
2025-11-04 04:25:00,166.49,166.5,166.05,166.16,5503.771
2025-11-04 04:30:00,166.16,166.4,165.86,165.95,5379.264
2025-11-04 04:35:00,165.95,165.98,165.2,165.43,4666.921
2025-11-04 04:40:00,165.43,165.57,164.84,165.04,7577.601
2025-11-04 04:45:00,165.04,165.45,164.93,165.31,3494.419
2025-11-04 04:50:00,165.31,165.54,165.04,165.04,11314.361
2025-11-04 04:55:00,165.04,165.21,164.75,165.05,2771.415
2025-11-04 05:00:00,165.05,165.19,164.81,164.96,3869.833
2025-11-04 05:05:00,164.96,165.22,164.87,165.22,3330.456
2025-11-04 05:10:00,165.22,165.51,164.97,164.98,2578.874
2025-11-04 05:15:00,164.98,165.02,162.5,162.89,12611.816
2025-11-04 05:20:00,162.89,163.0,161.02,161.82,23179.846
2025-11-04 05:25:00,161.82,162.38,160.41,160.82,18932.957
2025-11-04 05:30:00,160.82,160.94,158.4,159.86,19547.106
2025-11-04 05:35:00,159.86,160.6,159.7,160.24,12664.307
2025-11-04 05:40:00,160.24,160.62,159.22,159.39,14555.95
2025-11-04 05:45:00,159.39,159.7,158.56,158.83,17186.019
2025-11-04 05:50:00,158.83,159.5,157.65,157.69,17053.251
2025-11-04 05:55:00,157.69,158.12,157.2,157.76,17259.087
2025-11-04 06:00:00,157.76,158.75,157.7,158.64,12967.241
2025-11-04 06:05:00,158.64,158.69,157.65,158.01,10104.852
2025-11-04 06:10:00,158.01,159.97,157.91,159.96,11567.961
2025-11-04 06:15:00,159.96,161.31,159.79,160.76,20842.296
2025-11-04 06:20:00,160.76,161.04,159.7,159.74,7883.152
2025-11-04 06:25:00,159.74,160.27,159.74,159.98,7549.033
2025-11-04 06:30:00,159.98,160.02,159.01,159.7,6700.447
2025-11-04 06:35:00,159.7,159.77,158.58,158.59,8707.478
2025-11-04 06:40:00,158.59,158.89,158.21,158.31,6953.658
2025-11-04 06:45:00,158.31,158.96,158.3,158.48,6130.069
2025-11-04 06:50:00,158.48,159.03,158.43,158.46,3276.225
2025-11-04 06:55:00,158.46,158.85,158.46,158.65,4205.251
2025-11-04 07:00:00,158.65,158.93,157.69,158.22,10801.014
2025-11-04 07:05:00,158.22,158.82,157.79,157.95,5836.366
2025-11-04 07:10:00,157.95,158.08,157.46,157.73,11105.997
2025-11-04 07:15:00,157.73,158.57,157.35,158.04,11211.912
2025-11-04 07:20:00,158.04,158.14,157.5,157.59,7413.562
2025-11-04 07:25:00,157.59,158.15,156.75,156.89,9285.969
2025-11-04 07:30:00,156.89,157.63,156.89,157.19,10814.953
2025-11-04 07:35:00,157.19,158.0,156.88,157.91,12109.044
2025-11-04 07:40:00,157.91,158.01,156.22,156.54,15880.151
2025-11-04 07:45:00,156.54,156.72,155.91,155.97,16830.104
2025-11-04 07:50:00,155.97,157.11,155.97,157.1,6625.732
2025-11-04 07:55:00,157.1,157.16,156.81,157.1,7134.955
2025-11-04 08:00:00,157.1,157.29,156.78,156.83,6187.233
2025-11-04 08:05:00,156.83,157.15,156.45,156.77,8446.738
2025-11-04 08:10:00,156.77,157.57,156.73,157.0,9055.529
2025-11-04 08:15:00,157.0,157.22,156.66,156.89,9150.591
2025-11-04 08:20:00,156.89,158.95,156.89,158.83,15187.565
2025-11-04 08:25:00,158.83,159.14,158.27,159.06,9340.857
2025-11-04 08:30:00,159.06,160.5,158.99,160.08,15804.001
2025-11-04 08:35:00,160.08,160.46,159.86,159.91,7505.507
2025-11-04 08:40:00,159.91,160.09,159.73,159.89,4582.428
2025-11-04 08:45:00,159.89,160.0,159.14,159.49,5808.898
2025-11-04 08:50:00,159.49,159.5,158.81,158.86,6337.883
2025-11-04 08:55:00,158.86,159.37,158.71,159.26,3402.22
2025-11-04 09:00:00,159.26,159.88,159.12,159.79,6824.71
2025-11-04 09:05:00,159.79,159.96,159.07,159.46,4112.567
2025-11-04 09:10:00,159.46,159.5,159.0,159.26,4444.449
2025-11-04 09:15:00,159.26,159.74,159.0,159.24,7181.42
2025-11-04 09:20:00,159.24,159.55,158.69,159.4,4473.434
2025-11-04 09:25:00,159.4,160.09,159.32,159.63,5421.686
2025-11-04 09:30:00,159.63,160.32,159.57,159.93,4849.221
2025-11-04 09:35:00,159.93,160.34,159.26,160.1,2996.553
2025-11-04 09:40:00,160.1,160.42,159.92,160.19,3115.725
2025-11-04 09:45:00,160.19,160.33,159.88,159.98,3000.717
2025-11-04 09:50:00,159.98,160.22,159.41,159.45,4158.111
2025-11-04 09:55:00,159.45,160.46,159.38,160.4,5285.728
2025-11-04 10:00:00,160.4,160.8,160.26,160.28,4484.238
2025-11-04 10:05:00,160.28,160.7,160.28,160.43,4005.631
2025-11-04 10:10:00,160.43,160.83,160.3,160.39,3147.886
2025-11-04 10:15:00,160.39,161.09,160.39,160.9,7862.375
2025-11-04 10:20:00,160.9,161.05,160.36,160.51,3543.624
2025-11-04 10:25:00,160.51,160.98,160.51,160.66,4135.603
2025-11-04 10:30:00,160.66,161.38,160.64,161.17,4604.218
2025-11-04 10:35:00,161.17,161.21,160.48,160.98,5579.52
2025-11-04 10:40:00,160.98,161.18,160.56,160.62,4168.914
2025-11-04 10:45:00,160.62,160.87,160.04,160.14,4060.782
2025-11-04 10:50:00,160.14,160.6,159.97,160.22,7341.554
2025-11-04 10:55:00,160.22,160.69,160.0,160.5,4829.728
2025-11-04 11:00:00,160.5,161.12,160.35,160.91,9822.644
2025-11-04 11:05:00,160.91,161.78,160.81,161.54,13831.668
2025-11-04 11:10:00,161.54,161.76,161.2,161.3,5176.032
2025-11-04 11:15:00,161.3,162.0,161.18,161.81,6127.529
2025-11-04 11:20:00,161.81,162.25,161.47,161.47,6657.251
2025-11-04 11:25:00,161.47,161.61,161.16,161.4,3576.948
2025-11-04 11:30:00,161.4,161.66,161.19,161.38,3949.931
2025-11-04 11:35:00,161.38,161.8,161.25,161.76,2725.407
2025-11-04 11:40:00,161.76,161.94,161.52,161.94,2782.691
2025-11-04 11:45:00,161.94,161.98,161.43,161.45,2874.375
2025-11-04 11:50:00,161.45,161.72,161.38,161.55,1678.464
2025-11-04 11:55:00,161.55,161.93,161.43,161.73,3976.958
2025-11-04 12:00:00,161.73,162.48,161.58,162.33,6255.961
2025-11-04 12:05:00,162.33,162.55,161.64,161.79,4587.984
2025-11-04 12:10:00,161.79,161.81,161.21,161.42,4747.441
2025-11-04 12:15:00,161.42,161.49,161.12,161.42,5129.432
2025-11-04 12:20:00,161.42,161.62,160.85,160.97,4221.035
2025-11-04 12:25:00,160.97,161.39,160.9,161.25,7077.898
2025-11-04 12:30:00,161.25,161.65,161.11,161.46,3575.649
2025-11-04 12:35:00,161.46,161.54,160.99,161.03,3012.249
2025-11-04 12:40:00,161.03,161.39,161.03,161.14,3167.137
2025-11-04 12:45:00,161.14,161.91,160.84,161.83,5368.834
2025-11-04 12:50:00,161.83,162.0,161.62,161.85,2609.816
2025-11-04 12:55:00,161.85,161.85,161.44,161.45,2724.645
2025-11-04 13:00:00,161.45,161.92,161.41,161.69,3865.206
2025-11-04 13:05:00,161.69,161.74,160.81,161.01,8447.191
2025-11-04 13:10:00,161.01,161.71,160.91,161.49,7445.26
2025-11-04 13:15:00,161.49,161.54,161.12,161.31,5316.91
2025-11-04 13:20:00,161.31,161.31,160.87,161.01,4132.152
2025-11-04 13:25:00,161.01,161.02,160.61,160.67,5485.574
2025-11-04 13:30:00,160.67,161.61,160.5,161.58,5024.416
2025-11-04 13:35:00,161.58,162.59,161.58,162.11,9406.849
2025-11-04 13:40:00,162.11,162.17,161.75,161.9,5049.826
2025-11-04 13:45:00,161.9,161.9,161.28,161.47,3905.328
2025-11-04 13:50:00,161.47,161.73,161.22,161.6,4584.591
2025-11-04 13:55:00,161.6,161.66,161.27,161.27,2189.243
2025-11-04 14:00:00,161.27,161.29,160.33,160.76,4419.424
2025-11-04 14:05:00,160.76,161.73,160.76,161.47,4925.194
2025-11-04 14:10:00,161.47,161.55,161.0,161.0,3345.905
2025-11-04 14:15:00,161.0,161.15,160.79,160.8,2672.337
2025-11-04 14:20:00,160.8,161.0,160.4,160.49,5015.74
2025-11-04 14:25:00,160.49,160.5,159.88,160.25,6101.919
2025-11-04 14:30:00,160.25,161.18,159.7,160.54,10499.099
2025-11-04 14:35:00,160.54,161.01,159.33,160.15,12728.438
2025-11-04 14:40:00,160.15,162.88,159.87,162.85,21451.774
2025-11-04 14:45:00,162.85,164.63,162.43,163.9,13877.912
2025-11-04 14:50:00,163.9,164.72,163.59,164.51,14760.396
2025-11-04 14:55:00,164.51,164.75,163.89,164.32,12382.988
2025-11-04 15:00:00,164.32,165.09,164.31,164.56,11666.09
2025-11-04 15:05:00,164.56,164.82,163.35,163.58,9534.732
2025-11-04 15:10:00,163.58,163.8,162.78,162.88,6264.609
2025-11-04 15:15:00,162.88,165.08,162.84,164.79,9137.709
2025-11-04 15:20:00,164.79,165.08,164.45,164.7,7316.361
2025-11-04 15:25:00,164.7,165.27,164.1,164.11,11673.044
2025-11-04 15:30:00,164.11,164.11,163.06,163.62,6939.824
2025-11-04 15:35:00,163.62,163.84,163.22,163.59,3846.321
2025-11-04 15:40:00,163.59,163.7,163.14,163.32,2870.285
2025-11-04 15:45:00,163.32,163.32,162.46,162.6,14905.872
2025-11-04 15:50:00,162.6,162.65,161.31,161.93,7230.288
2025-11-04 15:55:00,161.93,162.13,161.32,161.48,4989.085
2025-11-04 16:00:00,161.48,162.29,161.45,162.2,3808.668
2025-11-04 16:05:00,162.2,162.38,161.73,161.85,3732.232
2025-11-04 16:10:00,161.85,162.09,161.0,161.49,6965.89
2025-11-04 16:15:00,161.49,161.97,161.07,161.16,4698.103
2025-11-04 16:20:00,161.16,161.17,159.92,160.36,13749.254
2025-11-04 16:25:00,160.36,160.95,160.21,160.64,13987.449
2025-11-04 16:30:00,160.64,161.5,160.39,160.63,10795.642
2025-11-04 16:35:00,160.63,160.87,159.99,160.34,8370.647
2025-11-04 16:40:00,160.34,160.46,159.35,159.42,10609.115
2025-11-04 16:45:00,159.42,159.61,158.23,158.59,11532.929
2025-11-04 16:50:00,158.59,158.91,158.13,158.88,10811.353
2025-11-04 16:55:00,158.88,159.05,158.13,158.18,9132.084
2025-11-04 17:00:00,158.18,158.2,156.29,156.53,26012.993
2025-11-04 17:05:00,156.53,156.86,155.18,155.46,16607.38
2025-11-04 17:10:00,155.46,155.5,153.72,154.68,20106.393
2025-11-04 17:15:00,154.68,155.37,153.1,154.24,32334.37
2025-11-04 17:20:00,154.24,157.29,154.24,156.65,26139.873
2025-11-04 17:25:00,156.65,156.91,155.79,156.12,11654.342
2025-11-04 17:30:00,156.12,157.9,156.12,157.26,12931.056
2025-11-04 17:35:00,157.26,158.08,156.87,156.9,11438.59
2025-11-04 17:40:00,156.9,157.0,156.44,156.69,6640.462
2025-11-04 17:45:00,156.69,156.98,156.23,156.59,8100.355
2025-11-04 17:50:00,156.59,157.04,156.22,156.42,5527.122
2025-11-04 17:55:00,156.42,156.59,155.89,156.21,4616.621
2025-11-04 18:00:00,156.21,156.31,154.39,154.56,9651.76
2025-11-04 18:05:00,154.56,156.13,154.55,155.76,11123.345
2025-11-04 18:10:00,155.76,155.88,154.41,154.64,7152.707
2025-11-04 18:15:00,154.64,154.9,153.52,153.52,10739.696
2025-11-04 18:20:00,153.52,154.91,153.4,154.73,12105.063
2025-11-04 18:25:00,154.73,154.83,154.02,154.28,6838.446
2025-11-04 18:30:00,154.28,154.68,152.3,153.39,25001.574
2025-11-04 18:35:00,153.39,154.42,152.29,153.14,25254.253
2025-11-04 18:40:00,153.14,155.61,153.14,155.61,16733.843
2025-11-04 18:45:00,155.61,155.61,153.85,153.94,12412.313
2025-11-04 18:50:00,153.94,156.13,153.94,155.92,13544.211
2025-11-04 18:55:00,155.92,156.55,155.45,156.47,13422.167
2025-11-04 19:00:00,156.47,157.21,156.31,156.71,11272.738
2025-11-04 19:05:00,156.71,156.71,155.84,155.84,6791.179
2025-11-04 19:10:00,155.84,156.45,155.47,156.25,5963.844
2025-11-04 19:15:00,156.25,156.74,155.91,155.94,5218.755
2025-11-04 19:20:00,155.94,157.21,155.8,156.71,5868.286
2025-11-04 19:25:00,156.71,157.44,156.12,156.21,10226.206
2025-11-04 19:30:00,156.21,156.52,155.37,155.78,5909.714
2025-11-04 19:35:00,155.78,155.78,154.75,154.92,7770.753
2025-11-04 19:40:00,154.92,155.3,154.58,155.07,3635.912
2025-11-04 19:45:00,155.07,155.28,154.55,154.55,3959.45
2025-11-04 19:50:00,154.55,155.0,154.19,154.44,3741.336
2025-11-04 19:55:00,154.44,154.84,154.22,154.62,7133.458
2025-11-04 20:00:00,154.62,155.07,153.48,153.52,10513.024
2025-11-04 20:05:00,153.52,154.44,153.21,153.21,9425.755
2025-11-04 20:10:00,153.21,153.69,152.83,153.19,7366.448
2025-11-04 20:15:00,153.19,153.19,148.38,151.14,52868.407
2025-11-04 20:20:00,151.14,151.56,149.74,151.2,23322.871
2025-11-04 20:25:00,151.2,152.91,151.13,152.68,23141.83
2025-11-04 20:30:00,152.68,153.62,151.03,151.22,14792.489
2025-11-04 20:35:00,151.22,153.52,151.11,153.17,11819.057
2025-11-04 20:40:00,153.17,154.84,152.96,154.15,17138.051
2025-11-04 20:45:00,154.15,154.57,153.41,153.41,8894.675
2025-11-04 20:50:00,153.41,153.63,152.2,152.38,9957.326
2025-11-04 20:55:00,152.38,153.5,152.08,153.37,9413.066
2025-11-04 21:00:00,153.37,154.11,152.66,153.92,9777.274
2025-11-04 21:05:00,153.92,153.92,152.32,152.45,7148.601
2025-11-04 21:10:00,152.45,152.73,151.5,151.71,10528.448
2025-11-04 21:15:00,151.71,151.84,151.14,151.43,9043.015
2025-11-04 21:20:00,151.43,151.43,150.28,150.34,13843.232
2025-11-04 21:25:00,150.34,150.55,149.39,149.85,14911.299
2025-11-04 21:30:00,149.85,149.95,147.15,147.15,14429.821
2025-11-04 21:35:00,147.15,148.83,145.87,148.81,40967.377
2025-11-04 21:40:00,148.81,149.27,147.25,148.09,22101.667
2025-11-04 21:45:00,148.09,150.51,148.05,148.83,28630.379
2025-11-04 21:50:00,148.83,149.54,148.35,148.87,18310.77
2025-11-04 21:55:00,148.87,151.2,148.87,151.15,26098.061
2025-11-04 22:00:00,151.15,152.1,150.48,151.68,13147.079
2025-11-04 22:05:00,151.68,152.94,151.14,152.94,13052.302
2025-11-04 22:10:00,152.94,153.35,152.41,152.92,13798.869
2025-11-04 22:15:00,152.92,153.47,152.72,153.34,15738.366
2025-11-04 22:20:00,153.34,153.79,152.93,153.58,14321.568
2025-11-04 22:25:00,153.58,154.06,153.0,154.06,11696.696
2025-11-04 22:30:00,154.06,155.04,153.73,154.72,11596.321
2025-11-04 22:35:00,154.72,155.17,154.05,154.63,16904.3
2025-11-04 22:40:00,154.63,154.89,154.03,154.4,5468.104
2025-11-04 22:45:00,154.4,155.62,154.29,155.25,10299.977
2025-11-04 22:50:00,155.25,155.25,154.48,154.74,4253.607
2025-11-04 22:55:00,154.74,155.22,154.48,155.2,6656.458
2025-11-04 23:00:00,155.2,155.61,154.65,155.27,9917.856
2025-11-04 23:05:00,155.27,155.9,154.95,155.27,7928.994
2025-11-04 23:10:00,155.27,155.7,155.02,155.35,7845.419
2025-11-04 23:15:00,155.35,155.59,154.67,154.71,9126.201
2025-11-04 23:20:00,154.71,154.73,154.24,154.55,8476.468
2025-11-04 23:25:00,154.55,154.64,154.08,154.18,6066.709
2025-11-04 23:30:00,154.18,154.68,153.9,154.34,6545.037
2025-11-04 23:35:00,154.34,154.97,154.34,154.68,2928.773
2025-11-04 23:40:00,154.68,155.42,154.51,155.39,3987.865
2025-11-04 23:45:00,155.39,155.76,155.18,155.57,5539.141
2025-11-04 23:50:00,155.57,155.86,155.39,155.52,7432.09
2025-11-04 23:55:00,155.52,155.72,155.03,155.04,3465.98
2025-11-05 00:00:00,155.04,155.55,154.6,154.69,9627.615
2025-11-05 00:05:00,154.69,155.1,154.52,154.65,6002.216
2025-11-05 00:10:00,154.65,154.86,154.41,154.46,2334.453
2025-11-05 00:15:00,154.46,155.4,154.15,155.4,4390.7
2025-11-05 00:20:00,155.4,155.61,154.57,154.63,3346.862
2025-11-05 00:25:00,154.63,154.63,153.84,153.95,4622.48
2025-11-05 00:30:00,153.95,154.12,153.04,153.37,11081.778
2025-11-05 00:35:00,153.37,153.79,153.15,153.42,4959.267
2025-11-05 00:40:00,153.42,153.57,152.5,152.53,5618.068
2025-11-05 00:45:00,152.53,153.16,152.49,153.02,8275.633
2025-11-05 00:50:00,153.02,153.48,152.55,153.45,5065.588
2025-11-05 00:55:00,153.45,153.74,153.13,153.34,3036.567
2025-11-05 01:00:00,153.34,153.55,152.09,152.09,4046.844
2025-11-05 01:05:00,152.09,152.31,151.44,151.73,8480.115
2025-11-05 01:10:00,151.73,152.54,151.72,152.38,6367.58
2025-11-05 01:15:00,152.38,152.49,150.43,150.53,8359.509
2025-11-05 01:20:00,150.53,151.0,149.7,149.97,14154.152
2025-11-05 01:25:00,149.97,149.97,148.94,148.94,12932.349
2025-11-05 01:30:00,148.94,150.24,147.92,148.41,25443.895
2025-11-05 01:35:00,148.41,149.3,147.3,147.42,12263.048
2025-11-05 01:40:00,147.42,148.26,147.33,147.96,11876.029
2025-11-05 01:45:00,147.96,150.28,147.74,150.15,12127.59
2025-11-05 01:50:00,150.15,152.22,149.67,152.22,15460.95
2025-11-05 01:55:00,152.22,153.2,151.74,152.56,10653.165
2025-11-05 02:00:00,152.56,154.53,152.56,154.07,18879.397
2025-11-05 02:05:00,154.07,155.0,154.02,154.43,12469.819
2025-11-05 02:10:00,154.43,155.43,153.99,154.46,17703.772
2025-11-05 02:15:00,154.46,155.24,153.67,154.9,8778.65
2025-11-05 02:20:00,154.9,155.02,154.24,154.87,8769.928
2025-11-05 02:25:00,154.87,154.87,153.79,154.24,5618.199
2025-11-05 02:30:00,154.24,154.77,153.8,154.56,4920.877
2025-11-05 02:35:00,154.56,155.24,154.32,155.13,7572.973
2025-11-05 02:40:00,155.13,155.43,154.77,155.43,6846.618
2025-11-05 02:45:00,155.43,155.89,154.47,154.71,11816.485
2025-11-05 02:50:00,154.71,155.34,154.61,154.89,6177.534
2025-11-05 02:55:00,154.89,156.19,154.57,156.11,8449.562
2025-11-05 03:00:00,156.11,156.66,155.41,156.5,7269.449
2025-11-05 03:05:00,156.5,156.62,155.54,155.95,4731.393
2025-11-05 03:10:00,155.95,155.99,155.54,155.79,2544.373
2025-11-05 03:15:00,155.79,155.94,155.05,155.38,4222.962
2025-11-05 03:20:00,155.38,156.04,155.25,155.93,4503.072
2025-11-05 03:25:00,155.93,156.31,155.85,156.12,3754.967
2025-11-05 03:30:00,156.12,156.55,155.78,156.49,3929.884
2025-11-05 03:35:00,156.49,156.63,156.11,156.38,5028.262
2025-11-05 03:40:00,156.38,156.75,156.27,156.65,4953.147
2025-11-05 03:45:00,156.65,157.04,156.41,156.81,7913.58
2025-11-05 03:50:00,156.81,157.35,156.35,156.9,8064.824
2025-11-05 03:55:00,156.9,157.35,156.65,156.93,7846.419
2025-11-05 04:00:00,156.93,157.39,156.73,156.98,3999.735
2025-11-05 04:05:00,156.98,157.5,156.52,156.53,7590.701
2025-11-05 04:10:00,156.53,156.83,156.45,156.72,4142.308
2025-11-05 04:15:00,156.72,156.93,156.35,156.45,4161.689
2025-11-05 04:20:00,156.45,156.61,155.87,156.01,5479.613
2025-11-05 04:25:00,156.01,156.28,155.71,155.86,3014.961
2025-11-05 04:30:00,155.86,156.6,155.77,156.24,4488.237
2025-11-05 04:35:00,156.24,157.26,156.24,157.0,2692.965
2025-11-05 04:40:00,157.0,157.74,157.0,157.6,3984.791
2025-11-05 04:45:00,157.6,157.8,157.44,157.8,2592.676
2025-11-05 04:50:00,157.8,157.96,156.9,156.91,6456.207
2025-11-05 04:55:00,156.91,157.07,156.83,157.05,2318.587
2025-11-05 05:00:00,157.05,157.21,156.83,157.17,1899.812
2025-11-05 05:05:00,157.17,157.66,157.01,157.66,3903.491
2025-11-05 05:10:00,157.66,158.57,157.5,158.29,7105.427
2025-11-05 05:15:00,158.29,158.42,157.69,157.88,4336.042
2025-11-05 05:20:00,157.88,157.94,157.52,157.54,2108.27
2025-11-05 05:25:00,157.54,157.66,157.27,157.62,2645.928
2025-11-05 05:30:00,157.62,158.02,157.6,157.88,2045.096
2025-11-05 05:35:00,157.88,157.89,157.34,157.55,2964.434
2025-11-05 05:40:00,157.55,157.8,157.49,157.55,1446.433
2025-11-05 05:45:00,157.55,157.55,157.02,157.15,1924.505
2025-11-05 05:50:00,157.15,157.52,156.94,157.31,3682.576
2025-11-05 05:55:00,157.31,157.74,157.22,157.53,2419.744
2025-11-05 06:00:00,157.53,157.62,157.12,157.15,1948.778
2025-11-05 06:05:00,157.15,157.31,156.76,157.05,9960.974
2025-11-05 06:10:00,157.05,157.09,156.62,156.89,5442.976
2025-11-05 06:15:00,156.89,157.76,156.66,157.52,4210.694
2025-11-05 06:20:00,157.52,157.66,156.68,157.04,3658.835
2025-11-05 06:25:00,157.04,157.39,156.93,157.37,2989.066
2025-11-05 06:30:00,157.37,157.95,157.26,157.81,4958.632
2025-11-05 06:35:00,157.81,157.93,157.02,157.1,6313.691
2025-11-05 06:40:00,157.1,157.3,156.96,157.13,3470.88
2025-11-05 06:45:00,157.13,157.19,156.95,157.19,2269.57
2025-11-05 06:50:00,157.19,157.97,157.19,157.87,7176.27
2025-11-05 06:55:00,157.87,158.16,157.76,158.03,3359.657
2025-11-05 07:00:00,158.03,158.12,157.47,157.52,3093.605
2025-11-05 07:05:00,157.52,157.53,157.14,157.26,4853.418
2025-11-05 07:10:00,157.26,157.3,156.66,157.01,2322.09
2025-11-05 07:15:00,157.01,157.07,156.76,156.89,3564.815
2025-11-05 07:20:00,156.89,156.96,155.98,156.35,6838.867
2025-11-05 07:25:00,156.35,156.35,156.03,156.28,3816.854
2025-11-05 07:30:00,156.28,156.69,156.18,156.53,2249.154
2025-11-05 07:35:00,156.53,156.55,156.05,156.39,2801.969
2025-11-05 07:40:00,156.39,156.73,156.35,156.72,2874.021
2025-11-05 07:45:00,156.72,156.86,156.4,156.78,5061.023
2025-11-05 07:50:00,156.78,156.83,156.35,156.62,3925.684
2025-11-05 07:55:00,156.62,157.09,156.45,156.48,4488.455
2025-11-05 08:00:00,156.48,156.49,155.39,155.56,8178.335
2025-11-05 08:05:00,155.56,156.11,155.5,156.1,3995.765
2025-11-05 08:10:00,156.1,156.18,155.41,155.54,5564.043
2025-11-05 08:15:00,155.54,155.61,154.74,154.86,8475.58
2025-11-05 08:20:00,154.86,154.98,153.68,153.88,19555.528
2025-11-05 08:25:00,153.88,154.64,153.85,154.44,8520.267
2025-11-05 08:30:00,154.44,155.77,154.28,155.72,8119.076
2025-11-05 08:35:00,155.72,155.99,155.43,155.44,5618.982
2025-11-05 08:40:00,155.44,155.67,155.04,155.18,10075.862
2025-11-05 08:45:00,155.18,155.39,154.35,154.99,12794.213
2025-11-05 08:50:00,154.99,155.86,154.99,155.44,12323.456
2025-11-05 08:55:00,155.44,155.88,155.44,155.68,4074.205
2025-11-05 09:00:00,155.68,156.67,155.58,156.42,8097.426
2025-11-05 09:05:00,156.42,157.14,156.39,156.94,9116.432
2025-11-05 09:10:00,156.94,157.06,156.42,156.5,5186.253
2025-11-05 09:15:00,156.5,156.78,156.16,156.24,1720.46
2025-11-05 09:20:00,156.24,156.79,156.0,156.54,4430.987
2025-11-05 09:25:00,156.54,156.99,156.53,156.8,1728.536
2025-11-05 09:30:00,156.8,156.83,156.06,156.35,3326.036
2025-11-05 09:35:00,156.35,156.91,156.22,156.91,2750.621
2025-11-05 09:40:00,156.91,157.05,156.63,156.83,1761.796
2025-11-05 09:45:00,156.83,156.89,156.4,156.82,2300.651
2025-11-05 09:50:00,156.82,157.13,156.68,156.93,2133.3
2025-11-05 09:55:00,156.93,157.32,156.93,157.02,2300.488
2025-11-05 10:00:00,157.02,157.07,156.53,156.63,4519.646
2025-11-05 10:05:00,156.63,156.9,156.3,156.51,2167.153
2025-11-05 10:10:00,156.51,156.51,156.02,156.27,1649.886
2025-11-05 10:15:00,156.27,156.45,155.97,156.06,2595.254
2025-11-05 10:20:00,156.06,156.33,155.68,156.19,2211.512
2025-11-05 10:25:00,156.19,156.25,155.93,156.23,1515.324
2025-11-05 10:30:00,156.23,156.48,156.03,156.08,2978.238
2025-11-05 10:35:00,156.08,156.24,155.37,155.59,3366.122
2025-11-05 10:40:00,155.59,155.75,155.37,155.58,1587.844
2025-11-05 10:45:00,155.58,155.67,154.86,155.05,2386.386
2025-11-05 10:50:00,155.05,155.07,154.7,154.75,2068.921
2025-11-05 10:55:00,154.75,155.11,154.75,154.87,1971.699
2025-11-05 11:00:00,154.87,155.5,154.86,155.42,1818.522
2025-11-05 11:05:00,155.42,155.85,155.41,155.64,2453.089
2025-11-05 11:10:00,155.64,156.2,155.31,155.95,2725.268
2025-11-05 11:15:00,155.95,156.85,155.91,156.18,4381.602
2025-11-05 11:20:00,156.18,156.78,156.18,156.75,1348.268
2025-11-05 11:25:00,156.75,157.0,156.31,156.44,1869.866
2025-11-05 11:30:00,156.44,156.71,156.37,156.7,2510.494
2025-11-05 11:35:00,156.7,157.13,156.7,157.09,3566.022
2025-11-05 11:40:00,157.09,157.26,156.8,156.91,2334.969
2025-11-05 11:45:00,156.91,157.33,156.79,157.31,2459.086
2025-11-05 11:50:00,157.31,157.61,157.27,157.29,4427.315
2025-11-05 11:55:00,157.29,157.52,157.23,157.5,1995.933
2025-11-05 12:00:00,157.5,157.7,157.11,157.11,3837.61
2025-11-05 12:05:00,157.11,157.26,156.75,157.03,3964.522
2025-11-05 12:10:00,157.03,157.34,156.84,157.13,3662.847
2025-11-05 12:15:00,157.13,157.8,157.05,157.79,4221.362
2025-11-05 12:20:00,157.79,158.07,157.72,157.87,5637.532
2025-11-05 12:25:00,157.87,158.68,157.87,158.55,7380.283
2025-11-05 12:30:00,158.55,158.55,157.79,157.87,4703.787
2025-11-05 12:35:00,157.87,158.42,157.87,158.0,4059.682
2025-11-05 12:40:00,158.0,158.5,158.0,158.36,2769.577
2025-11-05 12:45:00,158.36,158.36,157.73,157.95,2784.314
2025-11-05 12:50:00,157.95,158.04,157.59,157.84,2780.028
2025-11-05 12:55:00,157.84,158.35,157.78,158.28,1745.482
2025-11-05 13:00:00,158.28,158.75,158.16,158.48,4857.986
2025-11-05 13:05:00,158.48,158.48,157.96,158.12,3888.316
2025-11-05 13:10:00,158.12,158.12,157.84,157.93,1828.175
2025-11-05 13:15:00,157.93,157.95,157.61,157.74,4336.894
2025-11-05 13:20:00,157.74,158.29,157.68,158.15,2352.279
2025-11-05 13:25:00,158.15,158.53,158.05,158.36,4264.247
2025-11-05 13:30:00,158.36,158.56,158.15,158.27,2407.866
2025-11-05 13:35:00,158.27,158.88,158.14,158.79,4152.24
2025-11-05 13:40:00,158.79,159.54,158.68,159.23,7868.24
2025-11-05 13:45:00,159.23,159.83,159.03,159.63,9375.377
2025-11-05 13:50:00,159.63,159.93,159.47,159.87,7941.193
2025-11-05 13:55:00,159.87,159.87,158.98,159.47,9433.919
2025-11-05 14:00:00,159.47,159.59,159.03,159.3,4510.053
2025-11-05 14:05:00,159.3,159.65,158.94,158.95,5244.69
2025-11-05 14:10:00,158.95,159.0,158.5,158.65,3166.484
2025-11-05 14:15:00,158.65,158.69,158.3,158.58,4950.112
2025-11-05 14:20:00,158.58,158.77,157.95,158.14,4442.695
2025-11-05 14:25:00,158.14,158.17,157.81,157.85,4264.637
2025-11-05 14:30:00,157.85,158.24,157.11,157.11,8429.816
2025-11-05 14:35:00,157.11,158.15,156.97,158.15,6697.848
2025-11-05 14:40:00,158.15,159.03,158.04,158.24,8425.474
2025-11-05 14:45:00,158.24,158.86,158.24,158.78,9601.575
2025-11-05 14:50:00,158.78,159.53,158.65,159.09,7302.036
2025-11-05 14:55:00,159.09,159.26,158.56,158.75,3971.95
2025-11-05 15:00:00,158.75,158.81,157.92,158.23,10458.869
2025-11-05 15:05:00,158.23,159.11,158.11,159.0,4627.266
2025-11-05 15:10:00,159.0,159.0,158.33,158.43,4302.564
2025-11-05 15:15:00,158.43,158.96,158.21,158.76,5049.956
2025-11-05 15:20:00,158.76,158.83,158.08,158.74,5088.025
2025-11-05 15:25:00,158.74,159.14,158.42,158.8,4731.409
2025-11-05 15:30:00,158.8,158.9,158.48,158.6,5560.407
2025-11-05 15:35:00,158.6,159.26,158.44,159.26,8633.849
2025-11-05 15:40:00,159.26,160.5,159.26,159.79,16713.673
2025-11-05 15:45:00,159.79,160.2,159.64,160.05,6337.244
2025-11-05 15:50:00,160.05,160.45,159.65,160.38,5716.104
2025-11-05 15:55:00,160.38,160.55,160.03,160.52,5183.621
2025-11-05 16:00:00,160.52,160.56,159.55,159.83,6492.056
2025-11-05 16:05:00,159.83,160.18,159.58,159.72,4598.024
2025-11-05 16:10:00,159.72,159.72,158.86,159.08,7040.643
2025-11-05 16:15:00,159.08,159.28,158.87,159.23,2987.461
2025-11-05 16:20:00,159.23,159.24,158.59,158.9,3233.871
2025-11-05 16:25:00,158.9,159.39,158.84,159.32,3053.739
2025-11-05 16:30:00,159.32,159.9,159.25,159.9,3332.239
2025-11-05 16:35:00,159.9,160.29,159.7,160.08,4614.067
2025-11-05 16:40:00,160.08,160.28,159.84,160.06,6223.512
2025-11-05 16:45:00,160.06,161.22,159.9,161.16,5747.442
2025-11-05 16:50:00,161.16,161.94,161.12,161.94,11021.338
2025-11-05 16:55:00,161.94,162.1,161.75,161.87,6939.602
2025-11-05 17:00:00,161.87,161.89,160.97,161.07,6605.133
2025-11-05 17:05:00,161.07,161.57,161.07,161.44,3472.217
2025-11-05 17:10:00,161.44,161.45,161.01,161.12,2483.659
2025-11-05 17:15:00,161.12,161.63,160.96,161.47,4219.711
2025-11-05 17:20:00,161.47,162.11,161.46,162.03,3798.884
2025-11-05 17:25:00,162.03,162.53,161.83,162.21,9211.175
2025-11-05 17:30:00,162.21,162.36,161.97,162.22,7840.84
2025-11-05 17:35:00,162.22,162.33,162.13,162.21,6704.252
2025-11-05 17:40:00,162.21,162.5,161.9,162.49,6483.151
2025-11-05 17:45:00,162.49,162.5,162.02,162.02,8604.806
2025-11-05 17:50:00,162.02,162.28,161.83,162.28,6738.567
2025-11-05 17:55:00,162.28,162.39,161.85,162.03,3692.479
2025-11-05 18:00:00,162.03,162.3,161.7,162.28,3313.058
2025-11-05 18:05:00,162.28,162.35,161.79,161.88,4297.294
2025-11-05 18:10:00,161.88,162.19,161.82,162.08,3320.06
2025-11-05 18:15:00,162.08,162.79,161.97,162.53,5157.77
2025-11-05 18:20:00,162.53,162.86,162.43,162.59,4869.873
2025-11-05 18:25:00,162.59,163.06,162.52,163.06,5911.178
2025-11-05 18:30:00,163.06,163.16,162.78,162.99,6930.229
2025-11-05 18:35:00,162.99,163.69,162.95,163.65,5719.875
2025-11-05 18:40:00,163.65,163.8,163.24,163.26,6154.085
2025-11-05 18:45:00,163.26,163.77,163.07,163.68,9553.433
2025-11-05 18:50:00,163.68,163.92,163.32,163.71,5791.935
2025-11-05 18:55:00,163.71,163.71,163.11,163.16,3929.125
2025-11-05 19:00:00,163.16,163.4,162.95,163.09,5444.285
2025-11-05 19:05:00,163.09,163.1,162.27,162.4,6037.522
2025-11-05 19:10:00,162.4,162.57,162.2,162.57,2792.82
2025-11-05 19:15:00,162.57,163.43,162.53,163.11,6482.362
2025-11-05 19:20:00,163.11,163.19,162.59,162.77,2411.802
2025-11-05 19:25:00,162.77,163.09,162.72,162.72,2194.689
2025-11-05 19:30:00,162.72,163.04,162.64,162.87,3504.797
2025-11-05 19:35:00,162.87,163.33,162.76,163.25,3992.263
2025-11-05 19:40:00,163.25,163.34,163.03,163.23,3674.81
2025-11-05 19:45:00,163.23,163.3,162.31,162.31,3499.757
2025-11-05 19:50:00,162.31,162.64,162.29,162.6,3816.225
2025-11-05 19:55:00,162.6,162.71,162.42,162.56,5998.754
2025-11-05 20:00:00,162.56,163.02,162.51,162.77,3176.258
2025-11-05 20:05:00,162.77,163.33,162.77,163.05,2375.951
2025-11-05 20:10:00,163.05,163.82,163.05,163.68,3561.45
2025-11-05 20:15:00,163.68,163.69,163.32,163.56,2436.163
2025-11-05 20:20:00,163.56,164.0,163.39,163.4,3022.368
2025-11-05 20:25:00,163.4,163.42,162.65,162.76,3427.088
2025-11-05 20:30:00,162.76,163.07,162.47,162.97,2719.282
2025-11-05 20:35:00,162.97,163.18,162.41,162.47,4477.481
2025-11-05 20:40:00,162.47,162.98,162.43,162.88,3093.5
2025-11-05 20:45:00,162.88,162.95,162.52,162.75,2710.624
2025-11-05 20:50:00,162.75,163.13,162.62,163.13,2466.695
2025-11-05 20:55:00,163.13,163.13,162.38,162.6,3170.498
2025-11-05 21:00:00,162.6,162.6,161.92,162.07,5181.677
2025-11-05 21:05:00,162.07,162.12,161.66,161.66,3763.516
2025-11-05 21:10:00,161.66,161.89,161.41,161.57,3453.673
2025-11-05 21:15:00,161.57,161.91,161.49,161.58,3764.284
2025-11-05 21:20:00,161.58,161.97,161.58,161.8,2133.129
2025-11-05 21:25:00,161.8,161.85,161.29,161.57,3782.313
2025-11-05 21:30:00,161.57,161.66,161.12,161.48,2309.611
2025-11-05 21:35:00,161.48,161.81,161.1,161.39,5911.918
2025-11-05 21:40:00,161.39,161.73,161.2,161.7,3285.336
2025-11-05 21:45:00,161.7,162.09,161.67,162.08,2790.051
2025-11-05 21:50:00,162.08,162.47,161.94,162.0,2360.824
2025-11-05 21:55:00,162.0,162.3,161.82,161.82,2613.008
2025-11-05 22:00:00,161.82,162.07,161.51,161.52,1108.807
2025-11-05 22:05:00,161.52,161.54,161.3,161.42,1969.256
2025-11-05 22:10:00,161.42,161.59,161.32,161.45,1041.891
2025-11-05 22:15:00,161.45,161.75,161.39,161.61,1304.224
2025-11-05 22:20:00,161.61,161.81,161.44,161.78,1581.164
2025-11-05 22:25:00,161.78,161.96,161.65,161.84,2135.246
2025-11-05 22:30:00,161.84,162.39,161.72,162.35,2173.888
2025-11-05 22:35:00,162.35,162.48,162.17,162.21,1556.316
2025-11-05 22:40:00,162.21,162.47,161.91,162.4,1517.957
2025-11-05 22:45:00,162.4,162.43,162.19,162.42,1007.526
2025-11-05 22:50:00,162.42,162.83,162.42,162.59,2562.302
2025-11-05 22:55:00,162.59,162.89,162.59,162.8,1562.891
2025-11-05 23:00:00,162.8,163.0,162.16,162.26,2269.541
2025-11-05 23:05:00,162.26,162.41,162.12,162.27,1539.495
2025-11-05 23:10:00,162.27,162.59,162.26,162.56,1228.076
2025-11-05 23:15:00,162.56,162.65,162.37,162.48,3262.16
2025-11-05 23:20:00,162.48,162.98,162.45,162.95,2251.724
2025-11-05 23:25:00,162.95,162.98,162.57,162.98,1082.535
2025-11-05 23:30:00,162.98,163.05,162.67,162.77,3703.411
2025-11-05 23:35:00,162.77,162.95,162.61,162.69,1273.262
2025-11-05 23:40:00,162.69,162.97,162.63,162.96,2157.005
2025-11-05 23:45:00,162.96,162.98,162.8,162.8,977.759
2025-11-05 23:50:00,162.8,162.81,162.56,162.62,1531.539
2025-11-05 23:55:00,162.62,162.63,162.31,162.36,2169.701
2025-11-06 00:00:00,162.36,162.36,161.18,161.34,5456.118
2025-11-06 00:05:00,161.34,161.46,160.95,161.4,6313.137
2025-11-06 00:10:00,161.4,161.85,161.4,161.5,4460.43
2025-11-06 00:15:00,161.5,161.75,161.29,161.38,4471.927
2025-11-06 00:20:00,161.38,161.41,161.1,161.1,6158.296
2025-11-06 00:25:00,161.1,161.39,160.98,161.3,5434.032
2025-11-06 00:30:00,161.3,161.45,160.8,160.92,6168.553
2025-11-06 00:35:00,160.92,161.12,160.46,160.65,7896.86
2025-11-06 00:40:00,160.65,160.91,160.52,160.9,8766.456
2025-11-06 00:45:00,160.9,161.03,160.67,160.91,4711.759
2025-11-06 00:50:00,160.91,161.53,160.82,161.53,4276.087
2025-11-06 00:55:00,161.53,161.56,161.27,161.37,4094.106
2025-11-06 01:00:00,161.37,161.37,160.68,160.7,4704.28
2025-11-06 01:05:00,160.7,160.93,160.06,160.26,7674.089
2025-11-06 01:10:00,160.26,160.84,160.26,160.73,4724.692
2025-11-06 01:15:00,160.73,161.0,160.15,160.21,8048.592
2025-11-06 01:20:00,160.21,160.22,159.85,160.08,8889.598
2025-11-06 01:25:00,160.08,160.17,159.67,159.94,6346.699
2025-11-06 01:30:00,159.94,160.4,159.94,160.3,5073.697
2025-11-06 01:35:00,160.3,160.98,160.3,160.84,5927.292
2025-11-06 01:40:00,160.84,161.07,160.6,160.82,5869.534
2025-11-06 01:45:00,160.82,161.65,160.78,160.97,6738.898
2025-11-06 01:50:00,160.97,161.19,160.76,160.76,5773.283
2025-11-06 01:55:00,160.76,160.92,160.7,160.79,3324.694
2025-11-06 02:00:00,160.79,161.18,160.71,160.93,1638.933
2025-11-06 02:05:00,160.93,161.3,160.8,160.87,1997.046
2025-11-06 02:10:00,160.87,160.87,160.08,160.17,2344.405
2025-11-06 02:15:00,160.17,161.14,160.17,161.07,1040.952
2025-11-06 02:20:00,161.07,161.1,160.65,160.65,2136.533
2025-11-06 02:25:00,160.65,160.83,160.32,160.67,5172.564
2025-11-06 02:30:00,160.67,161.46,160.59,161.29,3599.8
2025-11-06 02:35:00,161.29,161.63,161.27,161.47,2287.206
2025-11-06 02:40:00,161.47,162.13,161.44,161.78,3290.925
2025-11-06 02:45:00,161.78,162.3,161.7,162.25,6262.264
2025-11-06 02:50:00,162.25,162.27,161.63,161.68,2281.265
2025-11-06 02:55:00,161.68,161.94,161.62,161.71,1277.697
2025-11-06 03:00:00,161.71,162.19,161.58,162.1,1527.832
2025-11-06 03:05:00,162.1,162.24,161.66,162.2,4059.281
2025-11-06 03:10:00,162.2,162.2,161.87,162.06,1265.859
2025-11-06 03:15:00,162.06,162.9,161.93,162.71,5524.298
2025-11-06 03:20:00,162.71,162.88,162.36,162.46,2578.005
2025-11-06 03:25:00,162.46,162.51,161.92,162.01,1397.003
2025-11-06 03:30:00,162.01,162.23,161.95,162.04,2615.32
2025-11-06 03:35:00,162.04,162.46,162.0,162.32,1800.58
2025-11-06 03:40:00,162.32,162.37,162.06,162.2,909.293
2025-11-06 03:45:00,162.2,162.43,162.12,162.41,1224.796
2025-11-06 03:50:00,162.41,162.56,162.26,162.42,1685.507
2025-11-06 03:55:00,162.42,162.62,162.28,162.43,1192.229
2025-11-06 04:00:00,162.43,162.53,162.12,162.27,1657.299
2025-11-06 04:05:00,162.27,162.5,162.0,162.11,1158.588
2025-11-06 04:10:00,162.11,162.67,162.1,162.48,1597.835
2025-11-06 04:15:00,162.48,162.65,162.32,162.47,646.126
2025-11-06 04:20:00,162.47,162.5,162.09,162.24,1093.745
2025-11-06 04:25:00,162.24,162.24,161.78,161.8,1392.946
2025-11-06 04:30:00,161.8,161.97,161.7,161.94,1865.554
2025-11-06 04:35:00,161.94,162.12,161.73,161.87,1276.91
2025-11-06 04:40:00,161.87,162.27,161.73,162.16,691.571
2025-11-06 04:45:00,162.16,162.73,162.16,162.47,3888.741
2025-11-06 04:50:00,162.47,162.47,162.05,162.09,1154.466
2025-11-06 04:55:00,162.09,162.26,161.93,162.1,1646.302
2025-11-06 05:00:00,162.1,162.1,161.76,161.88,811.59
2025-11-06 05:05:00,161.88,161.89,160.79,160.9,2493.132
2025-11-06 05:10:00,160.9,160.98,160.19,160.38,4964.191
2025-11-06 05:15:00,160.38,160.38,159.8,160.15,5482.309
2025-11-06 05:20:00,160.15,160.41,160.06,160.39,2125.885
2025-11-06 05:25:00,160.39,160.39,159.95,160.0,2209.496
2025-11-06 05:30:00,160.0,160.13,159.65,159.77,1581.335
2025-11-06 05:35:00,159.77,160.01,159.1,159.28,5688.893
2025-11-06 05:40:00,159.28,159.7,159.27,159.59,1611.128
2025-11-06 05:45:00,159.59,159.7,159.2,159.3,4986.616
2025-11-06 05:50:00,159.3,159.34,158.91,159.04,4850.58
2025-11-06 05:55:00,159.04,159.33,159.02,159.3,2961.567
2025-11-06 06:00:00,159.3,159.57,159.05,159.45,3181.027
2025-11-06 06:05:00,159.45,159.63,158.83,159.05,5534.338
2025-11-06 06:10:00,159.05,159.54,159.05,159.34,1493.94
2025-11-06 06:15:00,159.34,159.87,159.33,159.47,1929.628
2025-11-06 06:20:00,159.47,159.76,159.3,159.7,1579.375
2025-11-06 06:25:00,159.7,159.78,159.62,159.77,1549.745
2025-11-06 06:30:00,159.77,159.98,159.01,159.43,3691.591
2025-11-06 06:35:00,159.43,159.64,159.29,159.39,1785.768
2025-11-06 06:40:00,159.39,159.62,159.32,159.53,2510.959
2025-11-06 06:45:00,159.53,159.64,159.12,159.5,2066.699
2025-11-06 06:50:00,159.5,159.55,159.1,159.14,1336.563
2025-11-06 06:55:00,159.14,159.39,158.8,158.81,3085.803
2025-11-06 07:00:00,158.81,159.02,158.68,158.96,4037.701
2025-11-06 07:05:00,158.96,159.51,158.89,159.45,1101.326
2025-11-06 07:10:00,159.45,159.45,159.12,159.21,822.117
2025-11-06 07:15:00,159.21,159.24,158.26,158.43,7405.176
2025-11-06 07:20:00,158.43,159.87,158.35,159.87,2149.698
2025-11-06 07:25:00,159.87,159.98,159.43,159.55,3255.234
2025-11-06 07:30:00,159.55,159.55,158.91,158.96,1634.819
2025-11-06 07:35:00,158.96,159.58,158.54,158.56,2884.276
2025-11-06 07:40:00,158.56,158.82,158.49,158.76,1373.914
2025-11-06 07:45:00,158.76,158.98,158.56,158.84,1229.032
2025-11-06 07:50:00,158.84,159.07,158.7,158.91,1174.452
2025-11-06 07:55:00,158.91,159.09,158.79,158.86,1096.908
2025-11-06 08:00:00,158.86,159.13,158.5,158.59,2390.882
2025-11-06 08:05:00,158.59,158.95,158.59,158.9,886.547
2025-11-06 08:10:00,158.9,159.0,158.74,158.97,1139.495
2025-11-06 08:15:00,158.97,159.45,158.91,159.31,3558.168
2025-11-06 08:20:00,159.31,159.41,158.98,159.08,1480.513
2025-11-06 08:25:00,159.08,159.55,158.95,159.25,2049.573
2025-11-06 08:30:00,159.25,159.49,159.02,159.23,1876.197
2025-11-06 08:35:00,159.23,159.38,159.14,159.24,786.522
2025-11-06 08:40:00,159.24,159.39,159.11,159.11,1059.253
2025-11-06 08:45:00,159.11,159.15,158.64,158.7,1269.957
2025-11-06 08:50:00,158.7,159.12,158.65,159.0,1707.352
2025-11-06 08:55:00,159.0,159.37,158.98,159.33,1852.819
2025-11-06 09:00:00,159.33,159.5,158.86,158.94,2582.707
2025-11-06 09:05:00,158.94,159.18,158.81,159.1,2762.95
2025-11-06 09:10:00,159.1,159.7,159.1,159.69,2320.919
2025-11-06 09:15:00,159.69,159.89,159.51,159.68,2200.298
2025-11-06 09:20:00,159.68,159.73,159.42,159.43,1143.97
2025-11-06 09:25:00,159.43,159.69,159.29,159.3,858.539
2025-11-06 09:30:00,159.3,159.65,159.29,159.6,1065.016
2025-11-06 09:35:00,159.6,159.74,159.44,159.72,1075.363
2025-11-06 09:40:00,159.72,159.82,159.31,159.35,2081.502
2025-11-06 09:45:00,159.35,159.43,158.83,158.9,3626.793
2025-11-06 09:50:00,158.9,159.15,158.79,159.01,1177.984
2025-11-06 09:55:00,159.01,159.25,158.74,158.76,3268.199
2025-11-06 10:00:00,158.76,158.88,158.37,158.37,5358.108
2025-11-06 10:05:00,158.37,158.37,157.79,157.8,7081.277
2025-11-06 10:10:00,157.8,158.43,157.67,158.09,3627.874
2025-11-06 10:15:00,158.09,159.27,157.94,159.07,4053.853
2025-11-06 10:20:00,159.07,159.37,158.77,158.86,1928.903
2025-11-06 10:25:00,158.86,159.16,158.85,159.04,2379.093
2025-11-06 10:30:00,159.04,159.71,158.91,159.71,2715.582
2025-11-06 10:35:00,159.71,159.74,158.95,159.02,3938.914
2025-11-06 10:40:00,159.02,159.32,158.92,159.1,2202.175
2025-11-06 10:45:00,159.1,159.38,158.66,158.79,3741.926
2025-11-06 10:50:00,158.79,159.15,158.67,159.1,1658.718
2025-11-06 10:55:00,159.1,159.33,158.98,159.04,1620.335
2025-11-06 11:00:00,159.04,159.04,158.37,158.39,4727.272
2025-11-06 11:05:00,158.39,158.55,158.19,158.46,2961.293
2025-11-06 11:10:00,158.46,158.57,158.34,158.44,1644.74
2025-11-06 11:15:00,158.44,158.91,158.25,158.91,1984.425
2025-11-06 11:20:00,158.91,159.23,158.9,159.02,4812.346
2025-11-06 11:25:00,159.02,159.33,158.77,159.13,13280.09
2025-11-06 11:30:00,159.13,159.4,158.95,158.96,4304.734
2025-11-06 11:35:00,158.96,159.12,158.76,158.96,2349.149
2025-11-06 11:40:00,158.96,159.13,158.76,158.76,2965.489
2025-11-06 11:45:00,158.76,159.28,158.76,158.94,1931.541
2025-11-06 11:50:00,158.94,158.99,158.65,158.73,1900.259
2025-11-06 11:55:00,158.73,158.86,158.61,158.85,3159.366
2025-11-06 12:00:00,158.85,158.97,158.4,158.51,2576.957
2025-11-06 12:05:00,158.51,159.43,158.38,159.06,7398.253
2025-11-06 12:10:00,159.06,159.21,158.87,158.87,1767.657
2025-11-06 12:15:00,158.87,158.87,158.4,158.54,3991.385
2025-11-06 12:20:00,158.54,158.61,157.96,158.01,4391.622
2025-11-06 12:25:00,158.01,158.19,157.73,157.94,5007.022
2025-11-06 12:30:00,157.94,158.31,157.93,158.2,2242.407
2025-11-06 12:35:00,158.2,158.45,157.87,157.92,2481.29
2025-11-06 12:40:00,157.92,157.92,157.1,157.14,7100.439
2025-11-06 12:45:00,157.14,157.52,157.11,157.39,5783.838
2025-11-06 12:50:00,157.39,157.72,157.38,157.46,2012.729
2025-11-06 12:55:00,157.46,157.73,157.44,157.49,1504.529
2025-11-06 13:00:00,157.49,157.81,157.47,157.69,1594.634
2025-11-06 13:05:00,157.69,158.04,157.59,158.0,1967.007
2025-11-06 13:10:00,158.0,158.38,157.98,158.23,2299.439
2025-11-06 13:15:00,158.23,161.13,158.23,160.38,14287.18
2025-11-06 13:20:00,160.38,161.2,160.06,161.09,5900.325
2025-11-06 13:25:00,161.09,161.11,160.66,160.82,5050.7
2025-11-06 13:30:00,160.82,161.12,160.34,160.7,10015.911
2025-11-06 13:35:00,160.7,160.99,160.54,160.8,3098.059
2025-11-06 13:40:00,160.8,160.86,160.49,160.72,2012.303
2025-11-06 13:45:00,160.72,161.3,160.72,160.81,4284.2
2025-11-06 13:50:00,160.81,161.18,160.52,160.52,3169.435
2025-11-06 13:55:00,160.52,160.78,160.47,160.62,3531.689
2025-11-06 14:00:00,160.62,161.47,160.62,161.14,5679.301
2025-11-06 14:05:00,161.14,161.14,159.36,159.36,7046.496
2025-11-06 14:10:00,159.36,159.78,159.06,159.53,5617.804
2025-11-06 14:15:00,159.53,159.83,159.26,159.58,4799.261
2025-11-06 14:20:00,159.58,159.67,158.65,158.68,5645.046
2025-11-06 14:25:00,158.68,159.04,158.52,158.76,3786.809
2025-11-06 14:30:00,158.76,158.86,157.67,157.83,9704.695
2025-11-06 14:35:00,157.83,158.4,157.36,157.82,13050.253
2025-11-06 14:40:00,157.82,158.44,157.54,158.11,7045.365
2025-11-06 14:45:00,158.11,159.16,158.02,158.76,7783.797
2025-11-06 14:50:00,158.76,158.89,157.87,157.91,7277.157
2025-11-06 14:55:00,157.91,158.25,157.48,157.8,7117.474
2025-11-06 15:00:00,157.8,157.99,157.27,157.48,11316.376
2025-11-06 15:05:00,157.48,158.47,157.39,158.0,6964.431
2025-11-06 15:10:00,158.0,158.61,157.83,157.83,5629.379
2025-11-06 15:15:00,157.83,158.0,157.4,157.59,8591.612
2025-11-06 15:20:00,157.59,159.0,157.59,158.4,8602.587
2025-11-06 15:25:00,158.4,158.68,157.63,157.63,4965.143
2025-11-06 15:30:00,157.63,157.8,156.33,156.95,10484.857
2025-11-06 15:35:00,156.95,157.13,156.08,156.13,13142.674
2025-11-06 15:40:00,156.13,156.43,155.55,155.55,11068.067
2025-11-06 15:45:00,155.55,156.08,155.5,155.92,8919.413
2025-11-06 15:50:00,155.92,156.28,155.42,156.27,19937.667
2025-11-06 15:55:00,156.27,156.27,155.59,155.92,7627.773
2025-11-06 16:00:00,155.92,156.41,155.78,156.3,6417.323
2025-11-06 16:05:00,156.3,157.0,156.09,156.25,5673.978
2025-11-06 16:10:00,156.25,156.27,155.73,156.07,6614.566
2025-11-06 16:15:00,156.07,156.41,155.75,155.76,5291.274
2025-11-06 16:20:00,155.76,156.44,155.76,156.36,4605.799
2025-11-06 16:25:00,156.36,156.66,156.13,156.56,6267.231
2025-11-06 16:30:00,156.56,156.67,155.96,156.27,3891.209
2025-11-06 16:35:00,156.27,156.28,155.19,155.22,5918.0
2025-11-06 16:40:00,155.22,155.46,153.83,154.68,21109.221
2025-11-06 16:45:00,154.68,155.54,154.5,154.89,8675.949
2025-11-06 16:50:00,154.89,156.19,154.65,156.0,14300.232
2025-11-06 16:55:00,156.0,156.0,155.18,155.41,5236.892
2025-11-06 17:00:00,155.41,156.01,155.41,155.87,9436.785
2025-11-06 17:05:00,155.87,156.08,155.33,156.08,4063.432
2025-11-06 17:10:00,156.08,156.67,155.42,155.49,5005.012
2025-11-06 17:15:00,155.49,155.88,155.37,155.53,5662.34
2025-11-06 17:20:00,155.53,155.85,154.87,155.76,6775.99
2025-11-06 17:25:00,155.76,156.66,155.71,156.52,3826.817
2025-11-06 17:30:00,156.52,156.82,156.11,156.23,4689.518
2025-11-06 17:35:00,156.23,156.8,156.15,156.15,3049.261
2025-11-06 17:40:00,156.15,156.62,156.1,156.47,1716.217
2025-11-06 17:45:00,156.47,157.51,156.47,157.26,6063.004
2025-11-06 17:50:00,157.26,157.66,157.07,157.54,4102.544
2025-11-06 17:55:00,157.54,157.64,157.27,157.29,3513.68
2025-11-06 18:00:00,157.29,157.62,156.98,156.98,3356.305
2025-11-06 18:05:00,156.98,157.04,156.65,156.66,5432.744
2025-11-06 18:10:00,156.66,156.8,156.39,156.76,3073.205
2025-11-06 18:15:00,156.76,156.79,155.49,155.85,4990.757
2025-11-06 18:20:00,155.85,156.05,155.63,155.99,5018.167
2025-11-06 18:25:00,155.99,156.36,155.87,156.01,1950.443
2025-11-06 18:30:00,156.01,156.65,155.99,156.65,2056.445
2025-11-06 18:35:00,156.65,157.51,156.64,157.44,5188.087
2025-11-06 18:40:00,157.44,158.19,157.44,157.86,6358.358
2025-11-06 18:45:00,157.86,158.59,157.52,158.58,3983.885
2025-11-06 18:50:00,158.58,158.68,157.73,157.92,3608.841
2025-11-06 18:55:00,157.92,157.97,157.33,157.5,3166.93
2025-11-06 19:00:00,157.5,157.5,157.05,157.2,3380.649
2025-11-06 19:05:00,157.2,157.84,157.16,157.27,2622.86
2025-11-06 19:10:00,157.27,157.64,157.04,157.54,2549.087
2025-11-06 19:15:00,157.54,157.78,157.05,157.42,2785.225
2025-11-06 19:20:00,157.42,157.43,156.99,157.05,1823.844
2025-11-06 19:25:00,157.05,157.47,156.9,157.3,2381.14
2025-11-06 19:30:00,157.3,157.48,156.92,157.0,2526.4
2025-11-06 19:35:00,157.0,157.55,156.92,157.02,2173.762
2025-11-06 19:40:00,157.02,157.02,156.15,156.78,3969.79
2025-11-06 19:45:00,156.78,156.89,156.27,156.42,2886.897
2025-11-06 19:50:00,156.42,156.68,156.23,156.54,2839.622
2025-11-06 19:55:00,156.54,157.14,156.46,156.89,3360.245
2025-11-06 20:00:00,156.89,157.5,156.89,157.42,2989.486
2025-11-06 20:05:00,157.42,157.63,157.14,157.27,3600.368
2025-11-06 20:10:00,157.27,157.81,156.93,157.03,1960.827
2025-11-06 20:15:00,157.03,157.28,156.96,157.18,2153.431
2025-11-06 20:20:00,157.18,157.46,156.99,157.42,2031.41
2025-11-06 20:25:00,157.42,157.53,156.4,156.44,1797.385
2025-11-06 20:30:00,156.44,156.44,155.53,156.01,3680.465
2025-11-06 20:35:00,156.01,156.05,155.35,155.45,2792.383
2025-11-06 20:40:00,155.45,155.62,154.84,155.01,4350.862
2025-11-06 20:45:00,155.01,155.22,154.64,155.06,3587.85
2025-11-06 20:50:00,155.06,155.36,154.77,155.12,4146.756
2025-11-06 20:55:00,155.12,155.65,154.72,155.31,5207.105
2025-11-06 21:00:00,155.31,155.84,155.16,155.22,2993.342
2025-11-06 21:05:00,155.22,155.48,154.81,155.34,3114.845
2025-11-06 21:10:00,155.34,155.47,155.02,155.1,1971.61
2025-11-06 21:15:00,155.1,155.37,154.69,155.33,2521.275
2025-11-06 21:20:00,155.33,155.49,155.1,155.34,2611.96
2025-11-06 21:25:00,155.34,155.65,154.93,155.59,2213.781
2025-11-06 21:30:00,155.59,155.98,155.55,155.92,1689.63
2025-11-06 21:35:00,155.92,156.22,155.74,156.11,2591.686
2025-11-06 21:40:00,156.11,156.7,155.94,156.4,2009.707
2025-11-06 21:45:00,156.4,156.53,156.06,156.13,1098.456
2025-11-06 21:50:00,156.13,156.96,155.87,156.78,3239.185
2025-11-06 21:55:00,156.78,156.87,156.44,156.5,2473.984
2025-11-06 22:00:00,156.5,156.82,156.46,156.69,2088.267
2025-11-06 22:05:00,156.69,156.82,156.3,156.3,955.595
2025-11-06 22:10:00,156.3,156.3,155.8,155.83,1768.222
2025-11-06 22:15:00,155.83,156.27,155.8,156.27,1091.306
2025-11-06 22:20:00,156.27,156.39,156.09,156.18,1023.399
2025-11-06 22:25:00,156.18,156.19,155.12,155.14,3057.069
2025-11-06 22:30:00,155.14,155.37,154.96,155.09,3006.012
2025-11-06 22:35:00,155.09,155.09,154.29,154.7,6370.01
2025-11-06 22:40:00,154.7,154.98,154.46,154.98,2915.694
2025-11-06 22:45:00,154.98,155.1,154.44,155.1,2375.047
2025-11-06 22:50:00,155.1,155.59,154.99,155.57,1890.544
2025-11-06 22:55:00,155.57,155.82,155.44,155.6,1775.821
2025-11-06 23:00:00,155.6,155.6,154.99,155.09,2113.815
2025-11-06 23:05:00,155.09,155.09,154.36,154.54,2712.583
2025-11-06 23:10:00,154.54,155.06,154.49,154.74,2938.034
2025-11-06 23:15:00,154.74,154.76,153.91,153.93,4658.26
2025-11-06 23:20:00,153.93,154.32,153.46,154.32,4099.525
2025-11-06 23:25:00,154.32,154.64,154.27,154.57,1481.902
2025-11-06 23:30:00,154.57,154.63,153.88,154.25,2457.935
2025-11-06 23:35:00,154.25,154.55,153.99,154.2,2384.844
2025-11-06 23:40:00,154.2,154.71,154.2,154.67,1426.697
2025-11-06 23:45:00,154.67,155.06,154.67,155.04,1684.943
2025-11-06 23:50:00,155.04,155.14,154.76,155.11,1910.14
2025-11-06 23:55:00,155.11,155.35,154.96,155.29,2723.736
2025-11-07 00:00:00,155.29,156.03,155.06,155.84,2866.695
2025-11-07 00:05:00,155.84,156.42,155.83,156.23,3802.503
2025-11-07 00:10:00,156.23,156.46,155.86,156.21,3330.014
2025-11-07 00:15:00,156.21,156.62,155.5,155.5,4516.658
2025-11-07 00:20:00,155.5,155.86,155.37,155.66,2565.028
2025-11-07 00:25:00,155.66,155.69,154.93,155.24,4350.861
2025-11-07 00:30:00,155.24,156.74,155.11,156.68,3570.32
2025-11-07 00:35:00,156.68,156.94,156.29,156.61,6005.206
2025-11-07 00:40:00,156.61,156.75,156.36,156.52,3003.719
2025-11-07 00:45:00,156.52,157.15,156.25,156.94,3398.928
2025-11-07 00:50:00,156.94,157.0,156.64,156.93,2579.936
2025-11-07 00:55:00,156.93,157.03,156.14,156.76,2354.846
2025-11-07 01:00:00,156.76,157.01,156.56,156.89,1945.056
2025-11-07 01:05:00,156.89,156.89,155.6,155.65,2941.936
2025-11-07 01:10:00,155.65,156.29,155.42,156.03,1966.444
2025-11-07 01:15:00,156.03,156.84,155.83,156.62,3379.806
2025-11-07 01:20:00,156.62,157.26,156.2,157.25,2897.217
2025-11-07 01:25:00,157.25,157.25,156.65,156.7,2071.114
2025-11-07 01:30:00,156.7,156.82,154.81,155.02,6191.449
2025-11-07 01:35:00,155.02,155.2,154.25,155.17,6524.353
2025-11-07 01:40:00,155.17,155.58,154.91,155.25,3413.667
2025-11-07 01:45:00,155.25,155.58,154.73,154.91,2831.883
2025-11-07 01:50:00,154.91,155.67,154.89,155.67,1985.934
2025-11-07 01:55:00,155.67,157.1,155.58,157.08,4731.119
2025-11-07 02:00:00,157.08,157.54,156.84,157.17,5263.443
2025-11-07 02:05:00,157.17,157.57,156.85,157.4,2843.616
2025-11-07 02:10:00,157.4,157.62,156.86,156.96,2903.222
2025-11-07 02:15:00,156.96,157.38,156.7,157.07,2352.977
2025-11-07 02:20:00,157.07,157.2,156.23,156.47,3229.187
2025-11-07 02:25:00,156.47,156.68,156.15,156.19,1585.612
2025-11-07 02:30:00,156.19,157.12,156.19,156.97,2796.825
2025-11-07 02:35:00,156.97,157.18,156.75,157.08,3668.68
2025-11-07 02:40:00,157.08,157.36,156.96,157.2,3495.907
2025-11-07 02:45:00,157.2,157.47,156.95,157.28,2730.72
2025-11-07 02:50:00,157.28,157.8,157.1,157.71,2351.131
2025-11-07 02:55:00,157.71,158.11,157.42,158.02,5026.087
2025-11-07 03:00:00,158.02,158.47,157.8,158.2,5637.333
2025-11-07 03:05:00,158.2,158.6,158.17,158.32,4544.351
2025-11-07 03:10:00,158.32,158.38,157.93,158.11,3132.904
2025-11-07 03:15:00,158.11,158.13,157.71,158.05,2156.916
2025-11-07 03:20:00,158.05,158.05,157.47,157.87,2904.722
2025-11-07 03:25:00,157.87,157.9,157.46,157.71,2712.905
2025-11-07 03:30:00,157.71,157.79,157.35,157.43,2344.772
2025-11-07 03:35:00,157.43,157.71,157.27,157.54,3674.074
2025-11-07 03:40:00,157.54,157.54,157.26,157.29,2379.111
2025-11-07 03:45:00,157.29,157.42,157.01,157.34,1909.211
2025-11-07 03:50:00,157.34,157.34,156.84,156.86,2930.872
2025-11-07 03:55:00,156.86,157.06,156.81,156.84,2726.43
2025-11-07 04:00:00,156.84,157.08,156.42,156.68,4678.782
2025-11-07 04:05:00,156.68,156.73,155.91,156.01,6637.615
2025-11-07 04:10:00,156.01,156.05,155.76,155.78,5512.283
2025-11-07 04:15:00,155.78,156.42,155.78,156.3,2919.82
2025-11-07 04:20:00,156.3,156.55,156.21,156.4,1460.466
2025-11-07 04:25:00,156.4,156.43,156.11,156.41,2252.867
2025-11-07 04:30:00,156.41,156.42,155.73,155.76,6629.923
2025-11-07 04:35:00,155.76,155.84,155.32,155.36,4049.183
2025-11-07 04:40:00,155.36,155.79,155.26,155.6,2027.409
2025-11-07 04:45:00,155.6,155.8,155.53,155.71,1836.444
2025-11-07 04:50:00,155.71,155.97,155.64,155.76,1326.125
2025-11-07 04:55:00,155.76,156.26,155.76,156.21,2233.105
2025-11-07 05:00:00,156.21,156.85,156.18,156.85,1693.411
2025-11-07 05:05:00,156.85,157.7,156.82,157.7,3140.02
2025-11-07 05:10:00,157.7,158.0,157.36,157.69,3847.256
2025-11-07 05:15:00,157.69,157.78,157.43,157.57,2459.283
2025-11-07 05:20:00,157.57,157.57,156.96,157.36,3276.666
2025-11-07 05:25:00,157.36,157.57,157.01,157.5,2009.243
2025-11-07 05:30:00,157.5,157.55,157.17,157.55,2032.362
2025-11-07 05:35:00,157.55,157.67,157.26,157.61,2238.51
2025-11-07 05:40:00,157.61,157.74,157.48,157.57,1792.783
2025-11-07 05:45:00,157.57,157.77,157.48,157.63,1927.296
2025-11-07 05:50:00,157.63,158.17,157.61,157.85,2727.101
2025-11-07 05:55:00,157.85,158.25,157.8,158.1,3037.711
2025-11-07 06:00:00,158.1,158.19,157.81,157.84,2041.578
2025-11-07 06:05:00,157.84,157.99,157.71,157.87,2061.751
2025-11-07 06:10:00,157.87,158.17,157.8,157.91,1092.131
2025-11-07 06:15:00,157.91,158.05,157.72,157.98,2192.459
2025-11-07 06:20:00,157.98,158.3,157.88,158.11,2014.452
2025-11-07 06:25:00,158.11,158.12,157.77,157.8,1768.338
2025-11-07 06:30:00,157.8,157.83,157.34,157.46,2266.661
2025-11-07 06:35:00,157.46,157.65,157.31,157.32,1201.855
2025-11-07 06:40:00,157.32,157.46,157.26,157.38,1297.101
2025-11-07 06:45:00,157.38,157.43,157.11,157.24,1606.495
2025-11-07 06:50:00,157.24,157.32,157.02,157.09,1188.627
2025-11-07 06:55:00,157.09,157.14,156.8,156.8,1319.635
2025-11-07 07:00:00,156.8,157.25,156.8,156.91,1899.66
2025-11-07 07:05:00,156.91,157.16,156.86,157.07,2086.97
2025-11-07 07:10:00,157.07,157.25,156.94,157.11,1133.687
2025-11-07 07:15:00,157.11,157.65,157.1,157.43,1413.128
2025-11-07 07:20:00,157.43,157.62,156.96,156.97,1710.112
2025-11-07 07:25:00,156.97,157.18,156.63,157.12,3002.97
2025-11-07 07:30:00,157.12,157.22,156.5,156.62,2546.034
2025-11-07 07:35:00,156.62,156.7,156.37,156.54,1336.53
2025-11-07 07:40:00,156.54,156.82,156.54,156.66,2072.44
2025-11-07 07:45:00,156.66,157.69,156.66,157.68,2137.344
2025-11-07 07:50:00,157.68,157.89,157.49,157.78,2141.263
2025-11-07 07:55:00,157.78,157.87,157.65,157.8,1504.192
2025-11-07 08:00:00,157.8,157.95,157.61,157.84,1975.79
2025-11-07 08:05:00,157.84,158.21,157.84,157.88,3111.121
2025-11-07 08:10:00,157.88,158.11,157.78,158.11,1434.159
2025-11-07 08:15:00,158.11,158.18,157.51,157.52,1554.779
2025-11-07 08:20:00,157.52,157.87,157.28,157.87,2067.512
2025-11-07 08:25:00,157.87,158.06,157.66,157.7,1472.404
2025-11-07 08:30:00,157.7,157.86,157.45,157.5,1213.514
2025-11-07 08:35:00,157.5,157.58,156.96,157.07,2149.929
2025-11-07 08:40:00,157.07,157.24,156.86,157.22,1227.448
2025-11-07 08:45:00,157.22,157.32,157.06,157.22,1981.923
2025-11-07 08:50:00,157.22,157.23,157.01,157.08,889.568
2025-11-07 08:55:00,157.08,157.37,156.94,157.3,1534.868
2025-11-07 09:00:00,157.3,157.32,156.65,156.75,1679.72
2025-11-07 09:05:00,156.75,156.84,155.89,155.92,3401.76
2025-11-07 09:10:00,155.92,156.59,155.9,156.45,2141.509
2025-11-07 09:15:00,156.45,156.65,156.36,156.51,2153.576
2025-11-07 09:20:00,156.51,156.87,155.62,155.62,2671.43
2025-11-07 09:25:00,155.62,155.65,154.91,155.05,6879.692
2025-11-07 09:30:00,155.05,155.37,154.59,154.59,3500.079
2025-11-07 09:35:00,154.59,154.87,154.38,154.38,4479.358
2025-11-07 09:40:00,154.38,154.65,154.1,154.42,4728.82
2025-11-07 09:45:00,154.42,154.61,154.35,154.51,1893.738
2025-11-07 09:50:00,154.51,154.87,154.38,154.57,3553.507
2025-11-07 09:55:00,154.57,154.8,154.51,154.69,4135.48
2025-11-07 10:00:00,154.69,155.55,154.45,155.53,5254.025
2025-11-07 10:05:00,155.53,155.74,155.23,155.4,3699.882
2025-11-07 10:10:00,155.4,155.41,154.92,154.94,2774.319
2025-11-07 10:15:00,154.94,154.99,154.15,154.43,5464.854
2025-11-07 10:20:00,154.43,154.72,154.3,154.43,2472.29
2025-11-07 10:25:00,154.43,154.87,154.29,154.48,3942.925
2025-11-07 10:30:00,154.48,154.7,154.27,154.43,2658.144
2025-11-07 10:35:00,154.43,154.68,154.32,154.68,3010.508
2025-11-07 10:40:00,154.68,155.14,154.57,155.14,2130.17
2025-11-07 10:45:00,155.14,155.21,154.31,154.32,3010.072
2025-11-07 10:50:00,154.32,154.33,153.61,154.07,5464.977
2025-11-07 10:55:00,154.07,154.32,154.0,154.23,1939.244
2025-11-07 11:00:00,154.23,154.23,153.5,153.75,3293.505
2025-11-07 11:05:00,153.75,154.15,153.65,153.65,2608.869
2025-11-07 11:10:00,153.65,153.83,151.95,152.03,16352.426
2025-11-07 11:15:00,152.03,153.07,151.64,152.69,12674.051
2025-11-07 11:20:00,152.69,152.93,152.28,152.35,6322.119
2025-11-07 11:25:00,152.35,152.54,151.74,152.22,7401.389
2025-11-07 11:30:00,152.22,152.81,152.13,152.38,3926.433
2025-11-07 11:35:00,152.38,152.6,152.01,152.49,2423.992
2025-11-07 11:40:00,152.49,153.1,152.49,152.79,5136.435
2025-11-07 11:45:00,152.79,153.35,152.78,153.2,3325.631
2025-11-07 11:50:00,153.2,154.19,153.2,153.64,7661.542
2025-11-07 11:55:00,153.64,154.09,153.64,153.86,5006.459
2025-11-07 12:00:00,153.86,153.96,153.4,153.74,3972.032
2025-11-07 12:05:00,153.74,154.16,153.47,153.49,3587.866
2025-11-07 12:10:00,153.49,153.63,153.02,153.05,2846.109
2025-11-07 12:15:00,153.05,153.14,152.57,152.57,2677.327
2025-11-07 12:20:00,152.57,152.76,152.44,152.54,3131.888
2025-11-07 12:25:00,152.54,152.62,151.92,152.01,4517.208
2025-11-07 12:30:00,152.01,152.12,151.47,152.07,10203.301
2025-11-07 12:35:00,152.07,152.38,151.88,152.16,3616.149
2025-11-07 12:40:00,152.16,152.34,151.83,152.01,2692.867
2025-11-07 12:45:00,152.01,152.02,151.12,151.21,13438.422
2025-11-07 12:50:00,151.21,151.67,151.0,151.0,6290.715
2025-11-07 12:55:00,151.0,152.06,150.93,151.63,6695.334
2025-11-07 13:00:00,151.63,151.67,151.0,151.16,4117.271
2025-11-07 13:05:00,151.16,151.96,151.13,151.84,8790.172
2025-11-07 13:10:00,151.84,152.92,151.76,152.13,13603.552
2025-11-07 13:15:00,152.13,152.65,151.94,152.63,5851.395
2025-11-07 13:20:00,152.63,153.16,152.45,152.68,10537.872
2025-11-07 13:25:00,152.68,152.8,151.73,151.89,4398.869
2025-11-07 13:30:00,151.89,152.25,151.73,152.14,5667.611
2025-11-07 13:35:00,152.14,152.6,151.86,152.47,3601.693
2025-11-07 13:40:00,152.47,152.47,151.57,151.88,4014.495
2025-11-07 13:45:00,151.88,152.72,151.8,152.68,3103.301
2025-11-07 13:50:00,152.68,153.0,152.57,152.7,3683.161
2025-11-07 13:55:00,152.7,152.83,152.16,152.34,4243.648
2025-11-07 14:00:00,152.34,152.34,151.81,152.14,2332.958
2025-11-07 14:05:00,152.14,152.14,151.2,151.63,3549.4
2025-11-07 14:10:00,151.63,152.96,151.63,152.47,6172.687
2025-11-07 14:15:00,152.47,152.53,152.17,152.42,1954.394
2025-11-07 14:20:00,152.42,152.42,151.75,151.98,3033.881
2025-11-07 14:25:00,151.98,152.54,151.91,152.34,4475.339
2025-11-07 14:30:00,152.34,152.36,151.62,151.7,5455.836
2025-11-07 14:35:00,151.7,151.7,149.81,150.11,18138.583
2025-11-07 14:40:00,150.11,153.77,150.06,153.77,25460.634
2025-11-07 14:45:00,153.77,154.38,152.97,153.49,17085.805
2025-11-07 14:50:00,153.49,154.23,153.02,153.99,11435.267
2025-11-07 14:55:00,153.99,155.1,153.79,154.66,14358.962
2025-11-07 15:00:00,154.66,154.77,153.76,153.95,9525.465
2025-11-07 15:05:00,153.95,154.98,153.29,154.96,6241.977
2025-11-07 15:10:00,154.96,155.6,154.62,155.18,16116.418
2025-11-07 15:15:00,155.18,155.25,154.32,154.7,11468.835
2025-11-07 15:20:00,154.7,154.99,154.1,154.26,7586.513
2025-11-07 15:25:00,154.26,155.01,154.21,154.62,5219.134
2025-11-07 15:30:00,154.62,154.92,154.1,154.22,4421.883
2025-11-07 15:35:00,154.22,154.65,153.72,154.05,3845.6
2025-11-07 15:40:00,154.05,154.17,153.67,153.91,3602.335
2025-11-07 15:45:00,153.91,154.85,153.9,154.74,3996.942
2025-11-07 15:50:00,154.74,155.97,154.71,155.77,9814.655
2025-11-07 15:55:00,155.77,156.28,155.34,155.4,6022.006
2025-11-07 16:00:00,155.4,155.67,154.67,155.04,4361.77
2025-11-07 16:05:00,155.04,155.35,154.55,154.9,4133.956
2025-11-07 16:10:00,154.9,155.31,154.38,154.53,5793.238
2025-11-07 16:15:00,154.53,155.45,154.53,155.44,3122.521
2025-11-07 16:20:00,155.44,157.47,155.4,157.26,12912.17
2025-11-07 16:25:00,157.26,157.64,157.08,157.46,7025.629
2025-11-07 16:30:00,157.46,158.12,157.38,157.84,9331.839
2025-11-07 16:35:00,157.84,158.0,156.94,156.96,5341.427
2025-11-07 16:40:00,156.96,157.57,156.64,157.52,5584.313
2025-11-07 16:45:00,157.52,157.66,156.95,157.1,6493.898
2025-11-07 16:50:00,157.1,157.73,156.86,157.63,6115.48
2025-11-07 16:55:00,157.63,157.64,156.47,157.28,6284.834
2025-11-07 17:00:00,157.28,157.46,156.66,157.21,3673.471
2025-11-07 17:05:00,157.21,157.48,156.52,157.36,4867.879
2025-11-07 17:10:00,157.36,159.15,157.01,159.05,13662.86
2025-11-07 17:15:00,159.05,159.66,158.97,159.16,8832.508
2025-11-07 17:20:00,159.16,160.8,159.07,160.52,14038.014
2025-11-07 17:25:00,160.52,161.2,160.13,161.09,11300.083
2025-11-07 17:30:00,161.09,161.52,160.61,161.4,9801.195
2025-11-07 17:35:00,161.4,161.4,160.33,160.57,7558.303
2025-11-07 17:40:00,160.57,161.18,160.34,160.96,6525.728
2025-11-07 17:45:00,160.96,161.21,160.21,160.53,5424.066
2025-11-07 17:50:00,160.53,160.61,160.05,160.59,9138.621
2025-11-07 17:55:00,160.59,161.25,160.5,161.19,5141.292
2025-11-07 18:00:00,161.19,161.5,161.05,161.3,6536.535
2025-11-07 18:05:00,161.3,162.18,161.0,162.06,5876.532
2025-11-07 18:10:00,162.06,162.26,161.72,161.72,4837.795
2025-11-07 18:15:00,161.72,162.57,161.37,162.44,5967.021
2025-11-07 18:20:00,162.44,162.52,161.0,161.91,5466.676
2025-11-07 18:25:00,161.91,162.62,161.59,162.52,5618.198
2025-11-07 18:30:00,162.52,162.52,161.9,162.24,3528.622
2025-11-07 18:35:00,162.24,162.41,162.02,162.3,3344.643
2025-11-07 18:40:00,162.3,162.94,162.3,162.6,8612.975
2025-11-07 18:45:00,162.6,162.7,161.93,162.13,7458.022
2025-11-07 18:50:00,162.13,162.28,161.76,162.28,7538.442
2025-11-07 18:55:00,162.28,162.49,161.93,162.1,4133.386
2025-11-07 19:00:00,162.1,162.34,161.73,161.8,5267.37
2025-11-07 19:05:00,161.8,162.13,161.5,161.98,4138.165
2025-11-07 19:10:00,161.98,163.03,161.91,162.96,5037.671
2025-11-07 19:15:00,162.96,163.48,162.79,163.04,6334.952
2025-11-07 19:20:00,163.04,163.28,162.82,163.09,2986.112
2025-11-07 19:25:00,163.09,163.22,162.8,162.89,1745.928
2025-11-07 19:30:00,162.89,163.57,162.89,163.45,2663.414
2025-11-07 19:35:00,163.45,164.08,163.25,163.96,7443.677
2025-11-07 19:40:00,163.96,164.16,163.78,164.08,8465.894
2025-11-07 19:45:00,164.08,164.48,163.41,163.5,8169.092
2025-11-07 19:50:00,163.5,164.11,163.27,164.08,3312.864
2025-11-07 19:55:00,164.08,164.22,163.88,164.2,3047.095
2025-11-07 20:00:00,164.2,164.38,163.92,163.98,6608.485
2025-11-07 20:05:00,163.98,164.11,163.36,163.77,6029.058
2025-11-07 20:10:00,163.77,163.99,163.43,163.55,5602.596
2025-11-07 20:15:00,163.55,163.71,162.92,163.11,5384.437
2025-11-07 20:20:00,163.11,163.17,162.03,162.49,6367.955
2025-11-07 20:25:00,162.49,162.87,162.26,162.67,3023.526
2025-11-07 20:30:00,162.67,163.16,162.67,162.84,2964.769
2025-11-07 20:35:00,162.84,163.25,162.8,163.25,4167.683
2025-11-07 20:40:00,163.25,163.94,163.25,163.8,2577.283
2025-11-07 20:45:00,163.8,163.82,163.31,163.38,1348.271
2025-11-07 20:50:00,163.38,163.67,163.22,163.41,2978.17
2025-11-07 20:55:00,163.41,163.63,163.07,163.34,6127.525
2025-11-07 21:00:00,163.34,163.38,162.69,162.69,3581.413
2025-11-07 21:05:00,162.69,163.3,162.68,163.22,3106.068
2025-11-07 21:10:00,163.22,163.59,162.94,163.21,2638.932
2025-11-07 21:15:00,163.21,163.69,163.21,163.51,3700.703
2025-11-07 21:20:00,163.51,163.79,163.42,163.55,1409.143
2025-11-07 21:25:00,163.55,163.72,163.33,163.44,1999.42
2025-11-07 21:30:00,163.44,163.63,163.32,163.45,2355.802
2025-11-07 21:35:00,163.45,163.62,163.14,163.27,2381.808
2025-11-07 21:40:00,163.27,163.65,163.22,163.59,2452.321
2025-11-07 21:45:00,163.59,163.64,163.32,163.49,1768.344
2025-11-07 21:50:00,163.49,163.59,163.26,163.26,1007.079
2025-11-07 21:55:00,163.26,163.63,163.26,163.44,1210.388
2025-11-07 22:00:00,163.44,163.71,163.27,163.51,1882.848
2025-11-07 22:05:00,163.51,163.82,163.39,163.73,7581.986
2025-11-07 22:10:00,163.73,163.9,162.81,162.92,2709.132
2025-11-07 22:15:00,162.92,163.47,162.92,163.22,2576.7
2025-11-07 22:20:00,163.22,163.44,163.2,163.2,1990.588
2025-11-07 22:25:00,163.2,163.6,163.2,163.59,2898.835
2025-11-07 22:30:00,163.59,163.63,163.03,163.25,2101.651
2025-11-07 22:35:00,163.25,163.47,162.77,162.97,2295.698
2025-11-07 22:40:00,162.97,163.24,162.73,162.86,1741.188
2025-11-07 22:45:00,162.86,163.3,162.84,163.24,1819.485
2025-11-07 22:50:00,163.24,163.4,163.05,163.23,1210.583
2025-11-07 22:55:00,163.23,163.45,163.1,163.19,1968.684
2025-11-07 23:00:00,163.19,163.23,162.59,162.64,2559.431
2025-11-07 23:05:00,162.64,163.11,162.63,162.89,4714.774
2025-11-07 23:10:00,162.89,163.16,162.6,162.72,3866.474
2025-11-07 23:15:00,162.72,162.95,162.64,162.7,1879.666
2025-11-07 23:20:00,162.7,162.73,162.32,162.38,6776.773
2025-11-07 23:25:00,162.38,162.43,161.94,161.97,4841.471
2025-11-07 23:30:00,161.97,162.52,161.97,162.47,2062.737
2025-11-07 23:35:00,162.47,162.5,162.22,162.49,2012.405
2025-11-07 23:40:00,162.49,162.52,161.95,162.08,1537.964
2025-11-07 23:45:00,162.08,162.34,161.95,162.14,3622.965
2025-11-07 23:50:00,162.14,162.2,161.6,161.79,4724.238
2025-11-07 23:55:00,161.79,161.85,161.65,161.77,1539.277
2025-11-08 00:00:00,161.77,162.07,161.42,161.69,4723.807
2025-11-08 00:05:00,161.69,162.12,161.56,161.87,4691.002
2025-11-08 00:10:00,161.87,162.03,161.59,162.01,2333.391
2025-11-08 00:15:00,162.01,162.49,161.97,162.42,3167.076
2025-11-08 00:20:00,162.42,162.42,161.83,162.14,4896.103
2025-11-08 00:25:00,162.14,162.14,161.4,161.54,2211.218
2025-11-08 00:30:00,161.54,161.72,161.24,161.28,2889.965
2025-11-08 00:35:00,161.28,161.41,160.58,160.81,4941.367
2025-11-08 00:40:00,160.81,161.62,160.81,161.48,3242.764
2025-11-08 00:45:00,161.48,162.58,161.47,162.48,3287.013
2025-11-08 00:50:00,162.48,162.48,161.5,161.67,2287.715
2025-11-08 00:55:00,161.67,161.69,160.79,160.83,3120.693
2025-11-08 01:00:00,160.83,161.94,160.78,161.85,4545.19
2025-11-08 01:05:00,161.85,162.26,161.77,161.91,2464.63
2025-11-08 01:10:00,161.91,162.02,161.62,161.75,1911.289
2025-11-08 01:15:00,161.75,162.26,161.74,162.19,1992.267
2025-11-08 01:20:00,162.19,162.3,161.93,162.25,2798.361
2025-11-08 01:25:00,162.25,162.44,162.2,162.35,2710.665
2025-11-08 01:30:00,162.35,162.35,161.77,161.79,2632.268
2025-11-08 01:35:00,161.79,162.08,161.63,162.02,1844.783
2025-11-08 01:40:00,162.02,162.18,161.61,161.75,1729.999
2025-11-08 01:45:00,161.75,161.81,161.5,161.78,1141.901
2025-11-08 01:50:00,161.78,162.06,161.72,161.99,3274.959
2025-11-08 01:55:00,161.99,162.02,161.45,162.02,4091.482
2025-11-08 02:00:00,162.02,162.4,161.93,162.39,1703.056
2025-11-08 02:05:00,162.39,162.44,161.97,162.12,1595.365
2025-11-08 02:10:00,162.12,162.84,162.09,162.58,2534.143
2025-11-08 02:15:00,162.58,163.23,162.57,163.04,4096.204
2025-11-08 02:20:00,163.04,163.46,162.98,163.18,3579.746
2025-11-08 02:25:00,163.18,163.51,163.04,163.41,4894.067
2025-11-08 02:30:00,163.41,163.76,163.23,163.74,2480.13
2025-11-08 02:35:00,163.74,164.14,163.67,164.14,6381.083
2025-11-08 02:40:00,164.14,164.43,164.05,164.1,6862.62
2025-11-08 02:45:00,164.1,164.22,163.85,163.96,5938.818
2025-11-08 02:50:00,163.96,163.99,163.28,163.35,2720.594
2025-11-08 02:55:00,163.35,163.64,163.26,163.42,2416.91
2025-11-08 03:00:00,163.42,164.88,163.37,164.86,6721.941
2025-11-08 03:05:00,164.86,164.87,164.42,164.56,5747.234
2025-11-08 03:10:00,164.56,164.73,164.0,164.08,7295.585
2025-11-08 03:15:00,164.08,164.43,163.92,164.35,5139.167
2025-11-08 03:20:00,164.35,164.44,163.92,163.99,4325.899
2025-11-08 03:25:00,163.99,164.1,163.75,163.84,5432.076
2025-11-08 03:30:00,163.84,164.03,163.52,163.8,3066.843
2025-11-08 03:35:00,163.8,163.81,163.5,163.64,2005.693
2025-11-08 03:40:00,163.64,163.64,162.94,163.3,4743.745
2025-11-08 03:45:00,163.3,163.59,163.28,163.3,2630.217
2025-11-08 03:50:00,163.3,163.3,162.71,162.85,2759.123
2025-11-08 03:55:00,162.85,162.88,162.46,162.51,6516.501
2025-11-08 04:00:00,162.51,163.19,162.51,163.07,2196.52
2025-11-08 04:05:00,163.07,163.18,162.72,163.01,1730.552
2025-11-08 04:10:00,163.01,163.2,162.95,163.16,1416.423
2025-11-08 04:15:00,163.16,163.54,163.09,163.24,1324.433
2025-11-08 04:20:00,163.24,163.35,162.85,162.91,2230.062
2025-11-08 04:25:00,162.91,162.99,162.56,162.62,2041.204
2025-11-08 04:30:00,162.62,163.03,162.5,162.98,3142.15
2025-11-08 04:35:00,162.98,163.31,162.89,163.31,2224.465
2025-11-08 04:40:00,163.31,163.66,163.24,163.39,2199.914
2025-11-08 04:45:00,163.39,163.56,163.24,163.24,1308.266
2025-11-08 04:50:00,163.24,163.38,162.84,162.86,801.769
2025-11-08 04:55:00,162.86,162.97,162.64,162.72,1126.812
2025-11-08 05:00:00,162.72,162.97,162.56,162.92,1093.825
2025-11-08 05:05:00,162.92,163.07,162.55,162.55,1045.828
2025-11-08 05:10:00,162.55,162.55,161.87,162.07,3953.372
2025-11-08 05:15:00,162.07,162.25,161.76,161.92,1282.024
2025-11-08 05:20:00,161.92,162.24,161.9,161.99,1476.043
2025-11-08 05:25:00,161.99,162.18,161.84,162.07,3614.395
2025-11-08 05:30:00,162.07,162.21,161.7,161.84,1372.922
2025-11-08 05:35:00,161.84,161.88,161.29,161.39,5191.043
2025-11-08 05:40:00,161.39,161.6,161.2,161.43,2900.114
2025-11-08 05:45:00,161.43,161.7,161.23,161.23,1999.771
2025-11-08 05:50:00,161.23,161.31,161.04,161.19,2992.707
2025-11-08 05:55:00,161.19,161.42,161.12,161.38,1750.023
2025-11-08 06:00:00,161.38,161.64,160.59,160.64,6314.753
2025-11-08 06:05:00,160.64,160.92,160.36,160.6,5444.969
2025-11-08 06:10:00,160.6,160.75,160.19,160.25,2829.73
2025-11-08 06:15:00,160.25,161.11,160.24,160.84,3048.703
2025-11-08 06:20:00,160.84,161.27,160.81,161.26,1670.601
2025-11-08 06:25:00,161.26,161.48,161.02,161.26,1720.293
2025-11-08 06:30:00,161.26,161.44,160.99,161.31,1212.961
2025-11-08 06:35:00,161.31,161.91,161.21,161.76,1838.982
2025-11-08 06:40:00,161.76,161.83,161.56,161.65,836.417
2025-11-08 06:45:00,161.65,161.99,161.65,161.8,2018.358
2025-11-08 06:50:00,161.8,161.82,161.16,161.21,1563.771
2025-11-08 06:55:00,161.21,161.26,161.08,161.14,1089.235
2025-11-08 07:00:00,161.14,161.2,160.93,161.1,1435.345
2025-11-08 07:05:00,161.1,161.1,160.71,160.74,1976.186
2025-11-08 07:10:00,160.74,160.94,160.73,160.89,1200.823
2025-11-08 07:15:00,160.89,161.1,160.75,161.05,1494.982
2025-11-08 07:20:00,161.05,161.05,160.22,160.29,5947.251
2025-11-08 07:25:00,160.29,160.29,159.63,160.18,8742.39
2025-11-08 07:30:00,160.18,160.41,159.95,160.27,3728.946
2025-11-08 07:35:00,160.27,160.56,160.27,160.52,1623.022
2025-11-08 07:40:00,160.52,160.56,160.4,160.44,2797.118
2025-11-08 07:45:00,160.44,160.9,160.36,160.83,1828.595
2025-11-08 07:50:00,160.83,161.01,160.71,161.0,1722.084
2025-11-08 07:55:00,161.0,161.1,161.0,161.05,1067.545
2025-11-08 08:00:00,161.05,161.09,160.77,160.87,1790.85
2025-11-08 08:05:00,160.87,161.61,160.84,161.28,3799.063
2025-11-08 08:10:00,161.28,161.38,161.12,161.12,3115.672
2025-11-08 08:15:00,161.12,161.19,160.3,160.58,4274.891
2025-11-08 08:20:00,160.58,160.95,160.48,160.9,1030.905
2025-11-08 08:25:00,160.9,161.73,160.88,161.48,6120.059
2025-11-08 08:30:00,161.48,161.77,161.43,161.7,2049.51
2025-11-08 08:35:00,161.7,161.98,161.63,161.76,1565.903
2025-11-08 08:40:00,161.76,161.88,161.6,161.79,2097.747
2025-11-08 08:45:00,161.79,162.06,161.61,161.71,2380.467
2025-11-08 08:50:00,161.71,161.88,161.62,161.69,1270.551
2025-11-08 08:55:00,161.69,161.76,161.56,161.56,1278.939
2025-11-08 09:00:00,161.56,161.56,161.13,161.21,6889.605
2025-11-08 09:05:00,161.21,161.33,161.09,161.16,1065.117
2025-11-08 09:10:00,161.16,161.35,161.15,161.27,933.849
2025-11-08 09:15:00,161.27,161.92,161.16,161.8,2094.601
2025-11-08 09:20:00,161.8,161.96,161.75,161.89,1395.56
2025-11-08 09:25:00,161.89,162.14,161.87,162.02,1279.639
2025-11-08 09:30:00,162.02,162.29,161.95,162.23,1169.0
2025-11-08 09:35:00,162.23,162.36,162.13,162.14,1828.426
2025-11-08 09:40:00,162.14,162.29,161.88,161.94,2119.297
2025-11-08 09:45:00,161.94,162.01,161.36,161.39,3637.815
2025-11-08 09:50:00,161.39,161.56,161.01,161.09,2965.068
2025-11-08 09:55:00,161.09,161.29,161.08,161.15,1929.935
2025-11-08 10:00:00,161.15,161.18,160.86,161.07,2124.0
2025-11-08 10:05:00,161.07,161.14,160.77,160.79,878.374
2025-11-08 10:10:00,160.79,160.94,160.69,160.69,1431.624
2025-11-08 10:15:00,160.69,160.92,160.54,160.7,2195.217
2025-11-08 10:20:00,160.7,160.95,160.64,160.69,1277.396
2025-11-08 10:25:00,160.69,161.25,160.66,161.12,3467.563
2025-11-08 10:30:00,161.12,161.18,160.95,161.17,1380.764
2025-11-08 10:35:00,161.17,161.17,160.93,161.05,4506.987
2025-11-08 10:40:00,161.05,161.05,160.66,160.79,3299.722
2025-11-08 10:45:00,160.79,161.12,160.79,160.93,2569.224
2025-11-08 10:50:00,160.93,161.08,160.81,160.96,1179.356
2025-11-08 10:55:00,160.96,161.14,160.82,160.84,1100.687
2025-11-08 11:00:00,160.84,161.04,160.5,160.75,2260.278
2025-11-08 11:05:00,160.75,161.0,160.72,160.83,1836.898
2025-11-08 11:10:00,160.83,161.19,160.83,161.13,1105.588
2025-11-08 11:15:00,161.13,161.13,160.71,161.07,3549.296
2025-11-08 11:20:00,161.07,161.2,160.76,160.84,2792.201
2025-11-08 11:25:00,160.84,161.06,160.73,161.02,3346.932
2025-11-08 11:30:00,161.02,161.02,160.44,160.44,3139.392
2025-11-08 11:35:00,160.44,160.45,159.67,159.68,7252.327
2025-11-08 11:40:00,159.68,159.79,159.44,159.59,7651.366
2025-11-08 11:45:00,159.59,159.91,159.23,159.52,4899.202
2025-11-08 11:50:00,159.52,159.81,159.15,159.25,10447.187
2025-11-08 11:55:00,159.25,159.53,159.18,159.39,4740.638
2025-11-08 12:00:00,159.39,159.59,159.27,159.53,3023.232
2025-11-08 12:05:00,159.53,159.7,159.46,159.55,2047.542
2025-11-08 12:10:00,159.55,159.64,158.78,158.86,7433.033
2025-11-08 12:15:00,158.86,159.32,158.84,159.24,2294.244
2025-11-08 12:20:00,159.24,159.49,159.09,159.27,2795.091
2025-11-08 12:25:00,159.27,159.7,159.27,159.51,2227.422
2025-11-08 12:30:00,159.51,159.59,159.33,159.59,1529.838
2025-11-08 12:35:00,159.59,159.68,159.31,159.31,1296.044
2025-11-08 12:40:00,159.31,159.44,159.11,159.13,2532.748
2025-11-08 12:45:00,159.13,159.32,158.99,159.15,2182.318
2025-11-08 12:50:00,159.15,159.3,159.1,159.16,1012.905
2025-11-08 12:55:00,159.16,159.56,159.16,159.42,1409.051
2025-11-08 13:00:00,159.42,159.46,159.11,159.11,1693.099
2025-11-08 13:05:00,159.11,159.12,158.38,158.98,10572.009
2025-11-08 13:10:00,158.98,159.21,158.76,159.09,2897.971
2025-11-08 13:15:00,159.09,159.19,158.72,159.08,2939.59
2025-11-08 13:20:00,159.08,159.35,158.95,159.11,2084.858
2025-11-08 13:25:00,159.11,159.25,159.03,159.17,2045.053
2025-11-08 13:30:00,159.17,159.17,158.45,158.7,3930.133
2025-11-08 13:35:00,158.7,159.23,158.7,159.03,2458.601
2025-11-08 13:40:00,159.03,159.42,158.93,159.2,2847.28
2025-11-08 13:45:00,159.2,159.25,158.69,158.88,2482.039
2025-11-08 13:50:00,158.88,158.96,158.48,158.61,2845.583
2025-11-08 13:55:00,158.61,158.62,158.14,158.25,5258.117
2025-11-08 14:00:00,158.25,158.55,158.01,158.13,5307.007
2025-11-08 14:05:00,158.13,158.16,157.52,157.58,6955.762
2025-11-08 14:10:00,157.58,157.87,157.24,157.32,7758.964
2025-11-08 14:15:00,157.32,157.5,156.83,156.89,8270.331
2025-11-08 14:20:00,156.89,157.39,156.87,157.22,6733.997
2025-11-08 14:25:00,157.22,157.67,157.22,157.4,2908.843
2025-11-08 14:30:00,157.4,158.19,157.32,158.02,3800.693
2025-11-08 14:35:00,158.02,158.19,157.66,157.85,4559.79
2025-11-08 14:40:00,157.85,158.1,157.65,157.68,2631.428
2025-11-08 14:45:00,157.68,157.81,157.47,157.72,2812.011
2025-11-08 14:50:00,157.72,158.01,157.66,157.73,1905.188
2025-11-08 14:55:00,157.73,157.89,157.69,157.7,2157.607
2025-11-08 15:00:00,157.7,157.86,157.45,157.63,2341.986
2025-11-08 15:05:00,157.63,157.7,157.4,157.44,3847.511
2025-11-08 15:10:00,157.44,157.52,157.14,157.3,4377.822
2025-11-08 15:15:00,157.3,157.59,156.43,156.5,11669.237
2025-11-08 15:20:00,156.5,156.61,156.1,156.25,5668.543
2025-11-08 15:25:00,156.25,156.62,156.24,156.6,3078.959
2025-11-08 15:30:00,156.6,156.88,156.31,156.35,2552.527
2025-11-08 15:35:00,156.35,156.74,156.15,156.6,4633.872
2025-11-08 15:40:00,156.6,156.6,155.95,156.27,4297.65
2025-11-08 15:45:00,156.27,156.77,156.05,156.73,3526.451
2025-11-08 15:50:00,156.73,156.84,156.55,156.61,2882.138
2025-11-08 15:55:00,156.61,156.71,156.38,156.67,3216.526
2025-11-08 16:00:00,156.67,156.78,156.23,156.55,3254.021
2025-11-08 16:05:00,156.55,156.89,155.84,156.2,4229.614
2025-11-08 16:10:00,156.2,157.22,156.15,157.09,4582.555
2025-11-08 16:15:00,157.09,157.26,156.53,156.64,9908.348
2025-11-08 16:20:00,156.64,156.98,156.24,156.91,4373.518
2025-11-08 16:25:00,156.91,157.14,156.77,156.97,1807.288
2025-11-08 16:30:00,156.97,157.04,156.7,157.01,1919.498
2025-11-08 16:35:00,157.01,157.42,156.97,157.31,2118.535
2025-11-08 16:40:00,157.31,157.34,156.79,156.82,2462.847
2025-11-08 16:45:00,156.82,156.94,156.6,156.73,2059.604
2025-11-08 16:50:00,156.73,156.8,156.18,156.39,4974.784
2025-11-08 16:55:00,156.39,156.89,156.25,156.79,2320.942
2025-11-08 17:00:00,156.79,156.89,156.58,156.89,1782.894
2025-11-08 17:05:00,156.89,156.89,156.07,156.31,3783.466
2025-11-08 17:10:00,156.31,156.55,156.21,156.32,1879.885
2025-11-08 17:15:00,156.32,156.8,156.32,156.72,1244.439
2025-11-08 17:20:00,156.72,157.38,156.72,157.13,3046.566
2025-11-08 17:25:00,157.13,157.4,157.1,157.14,1575.992
2025-11-08 17:30:00,157.14,157.47,156.97,157.47,1265.259
2025-11-08 17:35:00,157.47,157.5,157.13,157.27,1519.494
2025-11-08 17:40:00,157.27,157.56,157.27,157.51,1761.715
2025-11-08 17:45:00,157.51,157.63,157.29,157.56,1322.818
2025-11-08 17:50:00,157.56,157.56,157.22,157.53,2363.274
2025-11-08 17:55:00,157.53,157.7,157.49,157.61,3125.401
2025-11-08 18:00:00,157.61,157.62,157.33,157.46,1890.337
2025-11-08 18:05:00,157.46,157.52,157.27,157.43,699.864
2025-11-08 18:10:00,157.43,157.78,157.43,157.66,1910.27
2025-11-08 18:15:00,157.66,157.67,157.36,157.43,1145.156
2025-11-08 18:20:00,157.43,157.43,157.07,157.08,1437.413
2025-11-08 18:25:00,157.08,157.22,156.97,157.19,1459.29
2025-11-08 18:30:00,157.19,157.81,157.19,157.62,2577.144
2025-11-08 18:35:00,157.62,157.83,157.36,157.82,2484.919
2025-11-08 18:40:00,157.82,157.92,157.69,157.81,3194.373
2025-11-08 18:45:00,157.81,158.01,157.77,157.97,3163.564
2025-11-08 18:50:00,157.97,158.14,157.97,158.11,3730.056
2025-11-08 18:55:00,158.11,158.21,157.96,157.97,2826.177
2025-11-08 19:00:00,157.97,157.97,157.71,157.96,2205.3
2025-11-08 19:05:00,157.96,158.06,157.85,157.89,2574.439
2025-11-08 19:10:00,157.89,157.98,157.77,157.9,2663.608
2025-11-08 19:15:00,157.9,157.94,157.15,157.26,3531.026
2025-11-08 19:20:00,157.26,157.26,156.29,156.4,5675.74
2025-11-08 19:25:00,156.4,156.72,156.32,156.68,1977.208
2025-11-08 19:30:00,156.68,156.78,156.41,156.66,2167.596
2025-11-08 19:35:00,156.66,157.14,156.57,157.13,1827.981
2025-11-08 19:40:00,157.13,157.45,157.13,157.37,1675.698
2025-11-08 19:45:00,157.37,157.55,157.1,157.22,3263.341
2025-11-08 19:50:00,157.22,157.36,157.19,157.23,2386.473
2025-11-08 19:55:00,157.23,157.51,157.13,157.37,1583.12
2025-11-08 20:00:00,157.37,157.62,157.32,157.61,2600.879
2025-11-08 20:05:00,157.61,157.77,157.37,157.45,1431.521
2025-11-08 20:10:00,157.45,157.63,157.22,157.35,1707.651
2025-11-08 20:15:00,157.35,157.83,157.24,157.83,1609.907
2025-11-08 20:20:00,157.83,157.85,157.48,157.75,1428.507
2025-11-08 20:25:00,157.75,157.95,157.75,157.91,2425.285
2025-11-08 20:30:00,157.91,158.1,157.85,157.93,4378.348
2025-11-08 20:35:00,157.93,158.14,157.88,158.03,2830.059
2025-11-08 20:40:00,158.03,158.16,157.95,158.11,2136.06
2025-11-08 20:45:00,158.11,158.29,157.79,157.91,2009.168
2025-11-08 20:50:00,157.91,157.97,157.41,157.53,7560.349
2025-11-08 20:55:00,157.53,157.74,157.51,157.71,3896.683
2025-11-08 21:00:00,157.71,157.92,157.62,157.86,1564.184
2025-11-08 21:05:00,157.86,157.93,157.7,157.76,2194.291
2025-11-08 21:10:00,157.76,157.9,157.64,157.72,827.213
2025-11-08 21:15:00,157.72,157.97,157.71,157.97,1024.919
2025-11-08 21:20:00,157.97,158.01,157.73,157.93,563.498
2025-11-08 21:25:00,157.93,158.1,157.89,157.99,1165.827
2025-11-08 21:30:00,157.99,158.1,157.74,158.06,1288.127
2025-11-08 21:35:00,158.06,158.23,157.9,157.94,1279.593
2025-11-08 21:40:00,157.94,158.19,157.93,158.16,940.292
2025-11-08 21:45:00,158.16,158.26,158.0,158.26,2105.809
2025-11-08 21:50:00,158.26,158.28,157.95,158.04,1109.109
2025-11-08 21:55:00,158.04,158.22,157.97,158.07,1312.593
2025-11-08 22:00:00,158.07,158.08,157.82,157.86,896.65
2025-11-08 22:05:00,157.86,157.89,157.73,157.88,759.771
2025-11-08 22:10:00,157.88,157.96,157.77,157.93,1140.149
2025-11-08 22:15:00,157.93,157.93,157.65,157.86,1688.611
2025-11-08 22:20:00,157.86,158.08,157.85,158.01,1544.221
2025-11-08 22:25:00,158.01,158.13,157.93,158.04,722.17
2025-11-08 22:30:00,158.04,158.05,157.81,157.82,1638.798
2025-11-08 22:35:00,157.82,157.82,157.64,157.65,1487.711
2025-11-08 22:40:00,157.65,157.86,157.65,157.72,1384.847
2025-11-08 22:45:00,157.72,158.1,157.72,158.1,1047.862
2025-11-08 22:50:00,158.1,158.42,158.08,158.23,1311.29
2025-11-08 22:55:00,158.23,158.23,158.03,158.04,1459.983
2025-11-08 23:00:00,158.04,158.12,157.87,158.04,1398.855
2025-11-08 23:05:00,158.04,158.11,157.86,158.02,1377.238
2025-11-08 23:10:00,158.02,158.16,157.97,158.12,1375.748
2025-11-08 23:15:00,158.12,158.18,157.97,158.05,1362.317
2025-11-08 23:20:00,158.05,158.33,158.05,158.32,2071.091
2025-11-08 23:25:00,158.32,158.36,158.23,158.3,1447.566
2025-11-08 23:30:00,158.3,158.47,158.28,158.37,2441.183
2025-11-08 23:35:00,158.37,158.39,158.14,158.39,2579.384
2025-11-08 23:40:00,158.39,158.46,158.32,158.36,2615.838
2025-11-08 23:45:00,158.36,158.41,158.21,158.41,1018.12
2025-11-08 23:50:00,158.41,158.41,158.18,158.26,983.628
2025-11-08 23:55:00,158.26,158.27,158.01,158.04,1807.522
2025-11-09 00:00:00,158.04,158.04,157.76,157.81,1550.962
2025-11-09 00:05:00,157.81,157.96,157.68,157.86,3244.636
2025-11-09 00:10:00,157.86,157.98,157.52,157.52,1841.285
2025-11-09 00:15:00,157.52,157.61,157.02,157.06,2809.025
2025-11-09 00:20:00,157.06,157.31,156.91,157.13,2047.879
2025-11-09 00:25:00,157.13,157.17,156.94,157.02,863.925
2025-11-09 00:30:00,157.02,157.37,157.01,157.37,1059.213
2025-11-09 00:35:00,157.37,157.57,157.35,157.49,1316.739
2025-11-09 00:40:00,157.49,157.57,157.33,157.33,1222.492
2025-11-09 00:45:00,157.33,157.38,157.15,157.16,1207.705
2025-11-09 00:50:00,157.16,157.16,156.71,156.92,2251.013
2025-11-09 00:55:00,156.92,156.92,156.62,156.86,1416.012
2025-11-09 01:00:00,156.86,157.41,156.79,157.24,1180.775
2025-11-09 01:05:00,157.24,157.57,157.1,157.51,996.348
2025-11-09 01:10:00,157.51,157.69,157.3,157.49,1054.243
2025-11-09 01:15:00,157.49,157.6,157.37,157.49,1067.951
2025-11-09 01:20:00,157.49,157.68,157.46,157.48,919.302
2025-11-09 01:25:00,157.48,157.49,157.13,157.23,963.988
2025-11-09 01:30:00,157.23,157.26,156.78,156.97,969.379
2025-11-09 01:35:00,156.97,157.51,156.94,157.4,1025.729
2025-11-09 01:40:00,157.4,157.74,157.31,157.74,907.01
2025-11-09 01:45:00,157.74,158.1,157.72,157.92,1232.571
2025-11-09 01:50:00,157.92,158.03,157.73,157.89,724.64
2025-11-09 01:55:00,157.89,158.33,157.88,158.19,2043.235
2025-11-09 02:00:00,158.19,158.19,157.95,158.01,4959.987
2025-11-09 02:05:00,158.01,158.11,157.68,157.8,3173.148
2025-11-09 02:10:00,157.8,157.87,157.64,157.66,2008.414
2025-11-09 02:15:00,157.66,157.99,157.49,157.88,2048.343
2025-11-09 02:20:00,157.88,158.09,157.83,158.08,1846.132
2025-11-09 02:25:00,158.08,158.09,157.31,157.31,3137.119
2025-11-09 02:30:00,157.31,157.32,156.43,156.47,3358.566
2025-11-09 02:35:00,156.47,156.88,156.15,156.25,3554.911
2025-11-09 02:40:00,156.25,156.55,156.06,156.28,2110.27
2025-11-09 02:45:00,156.28,156.58,156.18,156.35,2325.687
2025-11-09 02:50:00,156.35,156.46,155.93,156.14,6508.849
2025-11-09 02:55:00,156.14,156.23,155.76,156.08,4676.675
2025-11-09 03:00:00,156.08,156.25,155.99,156.16,1303.375
2025-11-09 03:05:00,156.16,156.21,156.06,156.19,1688.413
2025-11-09 03:10:00,156.19,156.47,156.1,156.37,1290.33
2025-11-09 03:15:00,156.37,156.52,156.15,156.2,5788.354
2025-11-09 03:20:00,156.2,156.39,155.4,155.41,5147.707
2025-11-09 03:25:00,155.41,155.66,155.19,155.55,4494.985
2025-11-09 03:30:00,155.55,155.92,155.52,155.68,2208.915
2025-11-09 03:35:00,155.68,155.72,155.25,155.47,3738.62
2025-11-09 03:40:00,155.47,156.04,155.47,155.7,1523.391
2025-11-09 03:45:00,155.7,155.96,155.46,155.76,2291.389
2025-11-09 03:50:00,155.76,156.15,155.75,156.04,1228.525
2025-11-09 03:55:00,156.04,156.04,155.82,155.91,1574.921
2025-11-09 04:00:00,155.91,156.2,155.89,156.06,925.2
2025-11-09 04:05:00,156.06,156.43,155.87,156.43,4493.11
2025-11-09 04:10:00,156.43,156.75,156.39,156.66,2345.36
2025-11-09 04:15:00,156.66,157.46,156.57,157.24,7344.984
2025-11-09 04:20:00,157.24,157.52,157.23,157.35,3806.88
2025-11-09 04:25:00,157.35,157.44,157.16,157.33,1360.978
2025-11-09 04:30:00,157.33,157.36,157.03,157.04,981.1
2025-11-09 04:35:00,157.04,157.2,156.94,156.99,1642.043
2025-11-09 04:40:00,156.99,157.11,156.82,157.0,1057.083
2025-11-09 04:45:00,157.0,157.01,156.7,156.87,1806.157
2025-11-09 04:50:00,156.87,157.13,156.87,157.08,1917.026
2025-11-09 04:55:00,157.08,157.29,157.08,157.23,2332.348
2025-11-09 05:00:00,157.23,157.34,157.13,157.33,1990.392
2025-11-09 05:05:00,157.33,157.73,157.33,157.66,4477.204
2025-11-09 05:10:00,157.66,157.78,157.45,157.54,4689.23
2025-11-09 05:15:00,157.54,157.84,157.54,157.67,2262.148
2025-11-09 05:20:00,157.67,157.79,157.37,157.55,2139.462
2025-11-09 05:25:00,157.55,157.79,157.5,157.79,1421.015
2025-11-09 05:30:00,157.79,157.9,157.51,157.52,2771.655
2025-11-09 05:35:00,157.52,157.77,157.38,157.77,2012.174
2025-11-09 05:40:00,157.77,157.9,157.76,157.89,2429.168
2025-11-09 05:45:00,157.89,158.15,157.84,158.07,3303.918
2025-11-09 05:50:00,158.07,158.22,157.98,158.16,2558.452
2025-11-09 05:55:00,158.16,158.33,158.1,158.11,3499.619
2025-11-09 06:00:00,158.11,158.21,157.94,157.94,3459.271
2025-11-09 06:05:00,157.94,158.17,157.85,158.0,2961.924
2025-11-09 06:10:00,158.0,158.19,157.95,158.16,2121.025
2025-11-09 06:15:00,158.16,158.3,158.0,158.3,2809.447
2025-11-09 06:20:00,158.3,158.48,158.23,158.48,2046.929
2025-11-09 06:25:00,158.48,158.51,158.33,158.39,2764.131
2025-11-09 06:30:00,158.39,158.47,158.17,158.35,1967.59
2025-11-09 06:35:00,158.35,158.82,158.34,158.81,2315.724
2025-11-09 06:40:00,158.81,159.1,158.78,158.88,6001.163
2025-11-09 06:45:00,158.88,158.96,158.46,158.52,2570.339
2025-11-09 06:50:00,158.52,158.54,158.14,158.14,2845.161
2025-11-09 06:55:00,158.14,158.32,158.13,158.25,1473.846
2025-11-09 07:00:00,158.25,158.49,158.18,158.37,2177.273
2025-11-09 07:05:00,158.37,158.46,158.15,158.23,1441.575
2025-11-09 07:10:00,158.23,158.39,158.14,158.32,1367.641
2025-11-09 07:15:00,158.32,158.5,158.25,158.41,1193.23
2025-11-09 07:20:00,158.41,158.43,157.85,157.86,3071.915
2025-11-09 07:25:00,157.86,158.09,157.84,157.92,1370.152
2025-11-09 07:30:00,157.92,158.83,157.91,158.73,2272.557
2025-11-09 07:35:00,158.73,159.4,158.69,159.4,2765.27
2025-11-09 07:40:00,159.4,159.52,159.16,159.33,11899.279
2025-11-09 07:45:00,159.33,159.57,159.23,159.47,2200.815
2025-11-09 07:50:00,159.47,159.54,159.21,159.26,2771.084
2025-11-09 07:55:00,159.26,159.41,159.23,159.31,1192.134
2025-11-09 08:00:00,159.31,159.35,159.0,159.12,2516.716
2025-11-09 08:05:00,159.12,159.23,158.96,159.23,1304.091
2025-11-09 08:10:00,159.23,159.6,159.17,159.55,1658.459
2025-11-09 08:15:00,159.55,159.66,159.34,159.42,2022.155
2025-11-09 08:20:00,159.42,159.42,158.77,159.1,2467.598
2025-11-09 08:25:00,159.1,159.15,158.98,159.12,2240.348
2025-11-09 08:30:00,159.12,159.72,159.11,159.31,1979.321
2025-11-09 08:35:00,159.31,159.47,159.15,159.31,1671.631
2025-11-09 08:40:00,159.31,159.59,159.3,159.56,2032.597
2025-11-09 08:45:00,159.56,159.56,158.92,159.12,1915.877
2025-11-09 08:50:00,159.12,159.23,159.01,159.2,1456.462
2025-11-09 08:55:00,159.2,159.48,159.19,159.48,1259.254
2025-11-09 09:00:00,159.48,159.8,159.48,159.66,2057.694
2025-11-09 09:05:00,159.66,159.94,159.61,159.65,1466.83
2025-11-09 09:10:00,159.65,159.79,159.42,159.45,1476.017
2025-11-09 09:15:00,159.45,159.7,159.18,159.67,1987.007
2025-11-09 09:20:00,159.67,159.89,159.67,159.87,1433.052
2025-11-09 09:25:00,159.87,159.88,158.95,159.11,3265.753
2025-11-09 09:30:00,159.11,159.18,158.77,159.02,2803.182
2025-11-09 09:35:00,159.02,159.17,158.82,159.08,1366.484
2025-11-09 09:40:00,159.08,159.09,158.74,158.77,1275.32
2025-11-09 09:45:00,158.77,158.86,158.53,158.76,2002.335
2025-11-09 09:50:00,158.76,158.88,158.33,158.33,1662.277
2025-11-09 09:55:00,158.33,158.44,158.21,158.29,2755.911
2025-11-09 10:00:00,158.29,158.29,157.86,158.25,2849.388
2025-11-09 10:05:00,158.25,158.25,157.57,157.94,2207.627
2025-11-09 10:10:00,157.94,158.07,157.8,157.94,1034.725
2025-11-09 10:15:00,157.94,158.18,157.47,157.5,2022.696
2025-11-09 10:20:00,157.5,157.76,157.29,157.75,1814.412
2025-11-09 10:25:00,157.75,157.96,157.45,157.71,1553.054
2025-11-09 10:30:00,157.71,157.76,157.33,157.37,1070.679
2025-11-09 10:35:00,157.37,157.62,157.29,157.56,784.619
2025-11-09 10:40:00,157.56,157.78,157.56,157.77,915.793
2025-11-09 10:45:00,157.77,158.25,157.76,158.19,2301.967
2025-11-09 10:50:00,158.19,158.25,157.96,158.1,1081.554
2025-11-09 10:55:00,158.1,158.46,158.03,158.45,1101.948
2025-11-09 11:00:00,158.45,159.22,158.45,159.19,1926.257
2025-11-09 11:05:00,159.19,159.34,158.87,159.08,1842.652
2025-11-09 11:10:00,159.08,159.36,158.87,159.36,2382.905
2025-11-09 11:15:00,159.36,159.5,158.99,159.04,4193.331
2025-11-09 11:20:00,159.04,159.3,158.85,159.01,2322.299
2025-11-09 11:25:00,159.01,159.37,158.98,159.08,2674.882
2025-11-09 11:30:00,159.08,159.12,158.7,158.79,1529.626
2025-11-09 11:35:00,158.79,158.92,158.7,158.88,1282.673
2025-11-09 11:40:00,158.88,159.07,158.79,159.06,1468.035
2025-11-09 11:45:00,159.06,159.28,159.04,159.18,1127.194
2025-11-09 11:50:00,159.18,159.3,158.95,158.98,2017.525
2025-11-09 11:55:00,158.98,159.07,158.84,159.07,1334.319
2025-11-09 12:00:00,159.07,159.08,158.64,158.77,1254.487
2025-11-09 12:05:00,158.77,158.92,158.59,158.8,919.464
2025-11-09 12:10:00,158.8,159.08,158.78,158.96,1955.993
2025-11-09 12:15:00,158.96,159.5,158.95,159.44,4783.261
2025-11-09 12:20:00,159.44,159.93,159.42,159.69,7863.486
2025-11-09 12:25:00,159.69,159.7,158.95,159.07,5374.355
2025-11-09 12:30:00,159.07,159.32,158.96,159.16,1295.649
2025-11-09 12:35:00,159.16,159.48,159.06,159.31,1279.662
2025-11-09 12:40:00,159.31,159.48,159.29,159.38,1027.344
2025-11-09 12:45:00,159.38,159.54,159.24,159.28,1347.984
2025-11-09 12:50:00,159.28,159.35,159.07,159.12,1377.674
2025-11-09 12:55:00,159.12,159.2,159.03,159.11,1238.607
2025-11-09 13:00:00,159.11,159.28,159.0,159.24,1735.132
2025-11-09 13:05:00,159.24,159.8,159.23,159.57,2073.319
2025-11-09 13:10:00,159.57,159.95,159.32,159.82,2906.443
2025-11-09 13:15:00,159.82,159.91,159.5,159.67,5530.192
2025-11-09 13:20:00,159.67,159.87,159.39,159.7,4650.747
2025-11-09 13:25:00,159.7,159.79,159.56,159.78,2721.923
2025-11-09 13:30:00,159.78,160.24,159.45,159.95,4347.437
2025-11-09 13:35:00,159.95,160.35,159.78,160.29,5313.004
2025-11-09 13:40:00,160.29,160.34,159.92,160.29,5953.51
2025-11-09 13:45:00,160.29,160.39,159.93,160.39,6673.232
2025-11-09 13:50:00,160.39,160.5,160.08,160.1,4352.362
2025-11-09 13:55:00,160.1,160.21,159.83,160.04,6367.716
2025-11-09 14:00:00,160.04,160.04,159.37,159.41,6782.344
2025-11-09 14:05:00,159.41,160.38,159.25,160.14,7041.603
2025-11-09 14:10:00,160.14,160.58,160.03,160.14,8696.494
2025-11-09 14:15:00,160.14,160.55,159.58,160.4,14268.13
2025-11-09 14:20:00,160.4,160.4,159.99,160.13,3895.074
2025-11-09 14:25:00,160.13,162.43,160.13,162.39,18563.365
2025-11-09 14:30:00,162.39,163.09,162.22,162.46,19001.78
2025-11-09 14:35:00,162.46,162.63,161.49,161.5,21006.133
2025-11-09 14:40:00,161.5,161.84,161.11,161.24,9938.8
2025-11-09 14:45:00,161.24,161.46,160.36,160.61,9907.6
2025-11-09 14:50:00,160.61,161.24,160.6,160.99,7423.351
2025-11-09 14:55:00,160.99,161.09,159.88,160.16,12827.75
2025-11-09 15:00:00,160.16,160.73,159.77,160.72,16658.428
2025-11-09 15:05:00,160.72,161.32,160.47,161.13,12961.878
2025-11-09 15:10:00,161.13,161.8,161.1,161.59,10205.03
2025-11-09 15:15:00,161.59,162.44,161.38,162.38,11385.921
2025-11-09 15:20:00,162.38,162.88,162.07,162.39,9043.322
2025-11-09 15:25:00,162.39,162.87,162.2,162.87,5198.375
2025-11-09 15:30:00,162.87,162.98,162.58,162.86,5709.605
2025-11-09 15:35:00,162.86,163.9,162.86,163.49,15547.862
2025-11-09 15:40:00,163.49,163.98,163.48,163.55,5283.29
2025-11-09 15:45:00,163.55,163.63,162.73,162.79,7844.124
2025-11-09 15:50:00,162.79,163.19,162.35,162.46,5662.546
2025-11-09 15:55:00,162.46,162.7,162.27,162.53,2600.92
2025-11-09 16:00:00,162.53,162.87,162.3,162.57,3928.939
2025-11-09 16:05:00,162.57,162.72,162.01,162.15,3173.511
2025-11-09 16:10:00,162.15,162.32,161.91,161.98,4916.171
2025-11-09 16:15:00,161.98,162.29,161.8,162.09,3654.282
2025-11-09 16:20:00,162.09,162.42,162.03,162.19,2239.388
2025-11-09 16:25:00,162.19,162.49,162.16,162.29,1447.288
2025-11-09 16:30:00,162.29,162.3,162.09,162.24,5201.287
2025-11-09 16:35:00,162.24,162.88,162.18,162.47,2228.574
2025-11-09 16:40:00,162.47,162.71,162.45,162.55,1598.746
2025-11-09 16:45:00,162.55,162.84,162.51,162.75,1940.006
2025-11-09 16:50:00,162.75,163.15,162.75,163.03,3311.713
2025-11-09 16:55:00,163.03,163.06,162.81,162.94,2093.65
2025-11-09 17:00:00,162.94,163.01,162.46,162.58,2804.992
2025-11-09 17:05:00,162.58,162.74,162.38,162.55,2103.575
2025-11-09 17:10:00,162.55,162.56,162.2,162.4,2284.298
2025-11-09 17:15:00,162.4,162.4,161.95,162.04,2097.51
2025-11-09 17:20:00,162.04,162.04,161.42,161.8,5990.728
2025-11-09 17:25:00,161.8,161.95,161.57,161.68,3107.632
2025-11-09 17:30:00,161.68,161.98,161.62,161.86,3621.514
2025-11-09 17:35:00,161.86,162.03,161.49,161.5,2397.286
2025-11-09 17:40:00,161.5,161.5,161.21,161.37,3715.841
2025-11-09 17:45:00,161.37,161.68,161.34,161.66,1800.465
2025-11-09 17:50:00,161.66,161.91,161.61,161.87,2022.511
2025-11-09 17:55:00,161.87,161.87,161.68,161.8,1704.357
2025-11-09 18:00:00,161.8,161.94,161.73,161.91,2286.662
2025-11-09 18:05:00,161.91,162.0,161.49,161.63,1862.241
2025-11-09 18:10:00,161.63,161.64,161.46,161.55,2078.333
2025-11-09 18:15:00,161.55,161.72,161.37,161.72,1990.847
2025-11-09 18:20:00,161.72,161.84,161.4,161.48,1545.602
2025-11-09 18:25:00,161.48,161.69,161.43,161.53,939.215
2025-11-09 18:30:00,161.53,161.86,161.53,161.75,1665.174
2025-11-09 18:35:00,161.75,162.22,161.75,162.12,1977.702
2025-11-09 18:40:00,162.12,162.67,162.11,162.66,1447.108
2025-11-09 18:45:00,162.66,163.41,162.45,163.33,7430.733
2025-11-09 18:50:00,163.33,163.65,163.22,163.57,7048.711
2025-11-09 18:55:00,163.57,164.08,163.51,163.99,7675.9
2025-11-09 19:00:00,163.99,164.13,163.64,163.7,4718.885
2025-11-09 19:05:00,163.7,163.89,163.5,163.53,3153.938
2025-11-09 19:10:00,163.53,163.76,163.37,163.56,2890.979
2025-11-09 19:15:00,163.56,163.97,163.51,163.97,2358.434
2025-11-09 19:20:00,163.97,164.56,163.9,164.52,9464.877
2025-11-09 19:25:00,164.52,165.21,164.44,165.03,9057.792
2025-11-09 19:30:00,165.03,166.0,165.03,165.3,10164.304
2025-11-09 19:35:00,165.3,165.46,165.02,165.4,7413.827
2025-11-09 19:40:00,165.4,165.44,165.04,165.08,4712.395
2025-11-09 19:45:00,165.08,165.38,164.87,165.13,5962.174
2025-11-09 19:50:00,165.13,165.78,165.13,165.62,7472.692
2025-11-09 19:55:00,165.62,166.27,165.51,166.13,8037.309
2025-11-09 20:00:00,166.13,166.32,165.72,166.06,5652.294
2025-11-09 20:05:00,166.06,166.21,165.34,165.43,7743.411
2025-11-09 20:10:00,165.43,165.43,165.08,165.23,7304.35
2025-11-09 20:15:00,165.23,165.74,165.0,165.46,10029.419
2025-11-09 20:20:00,165.46,165.73,165.33,165.7,4665.515
2025-11-09 20:25:00,165.7,165.7,165.35,165.63,3405.115
2025-11-09 20:30:00,165.63,165.98,165.61,165.88,3537.71
2025-11-09 20:35:00,165.88,165.95,165.62,165.68,1096.002
2025-11-09 20:40:00,165.68,165.87,165.62,165.63,3740.355
2025-11-09 20:45:00,165.63,165.69,165.37,165.53,3137.977
2025-11-09 20:50:00,165.53,165.7,165.42,165.62,2267.328
2025-11-09 20:55:00,165.62,165.64,165.24,165.32,2301.536
2025-11-09 21:00:00,165.32,165.59,165.32,165.55,1508.16
2025-11-09 21:05:00,165.55,165.79,165.39,165.46,1914.535
2025-11-09 21:10:00,165.46,165.47,164.88,164.98,2716.465
2025-11-09 21:15:00,164.98,165.41,164.97,165.32,1829.833
2025-11-09 21:20:00,165.32,165.54,165.18,165.19,3929.687
2025-11-09 21:25:00,165.19,165.33,165.16,165.33,845.672
2025-11-09 21:30:00,165.33,165.33,165.07,165.13,1231.817
2025-11-09 21:35:00,165.13,165.17,164.76,165.07,2377.406
2025-11-09 21:40:00,165.07,165.49,164.85,165.06,2257.773
2025-11-09 21:45:00,165.06,165.21,164.9,164.95,1381.485
2025-11-09 21:50:00,164.95,164.95,164.45,164.46,3602.643
2025-11-09 21:55:00,164.46,165.2,164.35,165.2,4373.732
2025-11-09 22:00:00,165.2,165.4,164.83,164.89,3856.206
2025-11-09 22:05:00,164.89,164.95,164.35,164.35,2238.483
2025-11-09 22:10:00,164.35,164.71,164.35,164.52,2132.647
2025-11-09 22:15:00,164.52,165.07,164.52,165.07,2142.67
2025-11-09 22:20:00,165.07,165.15,164.66,164.78,2188.412
2025-11-09 22:25:00,164.78,164.81,164.51,164.54,1039.167
2025-11-09 22:30:00,164.54,164.79,164.46,164.53,2144.741
2025-11-09 22:35:00,164.53,164.53,164.11,164.29,3144.911
2025-11-09 22:40:00,164.29,164.52,164.2,164.51,922.973
2025-11-09 22:45:00,164.51,165.25,164.51,165.25,1266.812
2025-11-09 22:50:00,165.25,165.57,165.14,165.57,1614.499
2025-11-09 22:55:00,165.57,165.65,165.18,165.42,2116.226
2025-11-09 23:00:00,165.42,166.55,165.42,165.65,7312.722
2025-11-09 23:05:00,165.65,166.03,165.17,165.48,6231.49
2025-11-09 23:10:00,165.48,165.53,165.09,165.18,3466.022
2025-11-09 23:15:00,165.18,165.48,165.09,165.09,1895.927
2025-11-09 23:20:00,165.09,165.09,164.59,164.72,1652.224
2025-11-09 23:25:00,164.72,164.85,164.46,164.46,3118.625
2025-11-09 23:30:00,164.46,164.61,164.14,164.46,2939.835
2025-11-09 23:35:00,164.46,164.46,163.92,164.03,3678.405
2025-11-09 23:40:00,164.03,164.24,163.98,164.03,2594.596
2025-11-09 23:45:00,164.03,164.34,163.97,164.17,1146.289
2025-11-09 23:50:00,164.17,164.54,164.14,164.53,2120.762
2025-11-09 23:55:00,164.53,164.58,164.39,164.54,1626.398
2025-11-10 00:00:00,164.54,164.61,163.45,163.75,7368.134
2025-11-10 00:05:00,163.75,164.36,163.48,164.35,2494.688
2025-11-10 00:10:00,164.35,165.37,164.35,165.26,3632.214
2025-11-10 00:15:00,165.26,165.93,165.03,165.89,4185.263
2025-11-10 00:20:00,165.89,166.36,165.75,166.09,5404.399
2025-11-10 00:25:00,166.09,166.22,165.61,165.79,3853.8
2025-11-10 00:30:00,165.79,166.26,165.67,166.15,4050.493
2025-11-10 00:35:00,166.15,166.78,166.08,166.77,5938.252
2025-11-10 00:40:00,166.77,167.33,166.67,166.99,12005.763
2025-11-10 00:45:00,166.99,167.93,166.88,167.82,11994.345
2025-11-10 00:50:00,167.82,168.33,167.65,167.91,12516.558
2025-11-10 00:55:00,167.91,168.01,167.35,167.47,6050.557
2025-11-10 01:00:00,167.47,168.26,167.39,167.59,7294.196
2025-11-10 01:05:00,167.59,167.7,166.54,166.93,5890.273
2025-11-10 01:10:00,166.93,167.99,166.93,167.15,7374.541
2025-11-10 01:15:00,167.15,167.52,166.72,167.29,3877.297
2025-11-10 01:20:00,167.29,167.43,166.52,166.95,4510.021
2025-11-10 01:25:00,166.95,167.45,166.45,166.85,4110.798
2025-11-10 01:30:00,166.85,167.08,166.52,166.53,3994.134
2025-11-10 01:35:00,166.53,166.8,166.34,166.71,2410.576
2025-11-10 01:40:00,166.71,167.03,166.53,166.89,3698.674
2025-11-10 01:45:00,166.89,167.62,166.76,167.61,5117.368
2025-11-10 01:50:00,167.61,167.68,167.09,167.12,3331.345
2025-11-10 01:55:00,167.12,167.24,166.89,167.05,2176.186
2025-11-10 02:00:00,167.05,167.1,166.37,166.61,4050.821
2025-11-10 02:05:00,166.61,167.36,166.52,167.31,4374.894
2025-11-10 02:10:00,167.31,167.57,167.25,167.46,2902.695
2025-11-10 02:15:00,167.46,167.55,167.2,167.5,2953.652
2025-11-10 02:20:00,167.5,167.66,167.21,167.57,2541.969
2025-11-10 02:25:00,167.57,167.91,167.39,167.44,2812.39
2025-11-10 02:30:00,167.44,167.97,167.36,167.74,3981.039
2025-11-10 02:35:00,167.74,167.95,166.63,166.95,7201.097
2025-11-10 02:40:00,166.95,167.0,166.42,166.6,3769.151
2025-11-10 02:45:00,166.6,166.98,166.5,166.96,2342.142
2025-11-10 02:50:00,166.96,167.44,166.89,167.14,3236.906
2025-11-10 02:55:00,167.14,167.82,167.02,167.77,4140.035
2025-11-10 03:00:00,167.77,168.77,167.77,168.65,11017.63
2025-11-10 03:05:00,168.65,168.75,168.24,168.32,4358.939
2025-11-10 03:10:00,168.32,168.53,167.5,167.53,3153.284
2025-11-10 03:15:00,167.53,168.01,167.47,167.74,2680.444
2025-11-10 03:20:00,167.74,167.83,167.35,167.46,3358.859
2025-11-10 03:25:00,167.46,167.63,167.3,167.53,2654.36
2025-11-10 03:30:00,167.53,167.87,167.22,167.75,2504.701
2025-11-10 03:35:00,167.75,168.1,167.63,168.1,3838.809
2025-11-10 03:40:00,168.1,168.41,167.99,168.34,7869.771
2025-11-10 03:45:00,168.34,168.34,167.67,168.01,2211.457
2025-11-10 03:50:00,168.01,168.37,167.67,168.04,3297.126
2025-11-10 03:55:00,168.04,168.35,168.04,168.13,4210.521
2025-11-10 04:00:00,168.13,168.38,168.01,168.04,3479.392
2025-11-10 04:05:00,168.04,168.89,168.03,168.88,7189.052
2025-11-10 04:10:00,168.88,168.93,168.36,168.44,3572.478
2025-11-10 04:15:00,168.44,168.44,167.2,167.41,6265.336
2025-11-10 04:20:00,167.41,167.44,166.84,166.88,3379.784
2025-11-10 04:25:00,166.88,167.19,166.7,167.11,3916.881
2025-11-10 04:30:00,167.11,167.39,166.96,167.13,2769.398
2025-11-10 04:35:00,167.13,167.36,166.99,167.1,1696.657
2025-11-10 04:40:00,167.1,167.29,166.9,167.29,1379.428
2025-11-10 04:45:00,167.29,167.51,167.07,167.5,1255.618
2025-11-10 04:50:00,167.5,168.3,167.5,168.26,9108.746
2025-11-10 04:55:00,168.26,168.39,167.99,168.06,10172.139
2025-11-10 05:00:00,168.06,168.48,167.96,168.39,3154.992
2025-11-10 05:05:00,168.39,168.59,168.21,168.44,2841.57
2025-11-10 05:10:00,168.44,168.55,168.25,168.54,1834.006
2025-11-10 05:15:00,168.54,168.54,168.08,168.4,2414.008
2025-11-10 05:20:00,168.4,168.62,167.74,167.81,4584.326
2025-11-10 05:25:00,167.81,168.0,167.77,167.87,2862.922
2025-11-10 05:30:00,167.87,167.98,167.14,167.25,2989.376
2025-11-10 05:35:00,167.25,167.44,166.93,167.23,2273.859
2025-11-10 05:40:00,167.23,167.5,167.18,167.27,1601.013
2025-11-10 05:45:00,167.27,167.6,167.15,167.27,2217.819
2025-11-10 05:50:00,167.27,167.54,167.2,167.4,1833.666
2025-11-10 05:55:00,167.4,167.57,167.4,167.55,1585.011
2025-11-10 06:00:00,167.55,167.66,167.27,167.65,2529.965
2025-11-10 06:05:00,167.65,167.7,167.36,167.54,2654.637
2025-11-10 06:10:00,167.54,167.7,167.19,167.44,1643.145
2025-11-10 06:15:00,167.44,167.55,167.12,167.54,1237.059
2025-11-10 06:20:00,167.54,167.54,166.83,166.96,2638.959
2025-11-10 06:25:00,166.96,166.97,166.38,166.79,4922.247
2025-11-10 06:30:00,166.79,167.18,166.72,167.18,1917.139
2025-11-10 06:35:00,167.18,167.34,166.74,166.83,3054.713
2025-11-10 06:40:00,166.83,167.17,166.79,167.05,2952.505
2025-11-10 06:45:00,167.05,167.54,167.04,167.52,2307.912
2025-11-10 06:50:00,167.52,167.54,167.07,167.11,2516.839
2025-11-10 06:55:00,167.11,167.13,166.88,166.91,1951.479
2025-11-10 07:00:00,166.91,167.15,166.78,167.07,2397.684
2025-11-10 07:05:00,167.07,167.93,167.03,167.88,2990.603
2025-11-10 07:10:00,167.88,168.07,167.82,168.04,4639.717
2025-11-10 07:15:00,168.04,168.17,167.59,167.7,2051.995
2025-11-10 07:20:00,167.7,167.83,167.55,167.56,1578.286
2025-11-10 07:25:00,167.56,167.71,167.42,167.47,1761.859
2025-11-10 07:30:00,167.47,167.87,167.44,167.44,1937.491
2025-11-10 07:35:00,167.44,167.44,167.01,167.26,1349.887
2025-11-10 07:40:00,167.26,167.87,167.22,167.59,2048.846
2025-11-10 07:45:00,167.59,167.8,167.47,167.73,1537.83
2025-11-10 07:50:00,167.73,167.73,167.21,167.23,1372.406
2025-11-10 07:55:00,167.23,167.43,167.22,167.4,1884.855
2025-11-10 08:00:00,167.4,167.4,167.2,167.31,1491.431
2025-11-10 08:05:00,167.31,167.33,166.89,166.96,4082.492
2025-11-10 08:10:00,166.96,167.07,166.6,166.69,2965.43
2025-11-10 08:15:00,166.69,166.88,166.58,166.82,1964.331
2025-11-10 08:20:00,166.82,167.05,166.71,167.04,1755.426
2025-11-10 08:25:00,167.04,167.31,167.01,167.06,1384.125
2025-11-10 08:30:00,167.06,167.06,166.38,166.53,4355.955
2025-11-10 08:35:00,166.53,166.56,166.21,166.24,2473.605
2025-11-10 08:40:00,166.24,166.64,166.1,166.36,5076.666
2025-11-10 08:45:00,166.36,166.55,166.28,166.48,2291.615
2025-11-10 08:50:00,166.48,166.77,166.48,166.63,4928.063
2025-11-10 08:55:00,166.63,166.72,166.41,166.6,2713.789
2025-11-10 09:00:00,166.6,166.75,166.34,166.44,4252.185
2025-11-10 09:05:00,166.44,167.1,166.44,166.81,4257.343
2025-11-10 09:10:00,166.81,166.97,166.73,166.9,1853.053
2025-11-10 09:15:00,166.9,167.24,166.64,167.16,2462.16
2025-11-10 09:20:00,167.16,167.48,167.1,167.43,2953.617
2025-11-10 09:25:00,167.43,167.73,167.43,167.73,3639.853
2025-11-10 09:30:00,167.73,168.71,167.68,168.54,7662.555
2025-11-10 09:35:00,168.54,168.83,168.4,168.82,4682.621
2025-11-10 09:40:00,168.82,169.24,168.59,168.86,2710.372
2025-11-10 09:45:00,168.86,169.74,168.86,169.54,6863.867
2025-11-10 09:50:00,169.54,169.75,169.23,169.37,5803.9
2025-11-10 09:55:00,169.37,169.49,169.17,169.4,3289.498
2025-11-10 10:00:00,169.4,169.63,169.16,169.17,4274.024
2025-11-10 10:05:00,169.17,169.46,169.11,169.26,7964.826
2025-11-10 10:10:00,169.26,169.39,168.83,168.93,2971.892
2025-11-10 10:15:00,168.93,169.2,168.84,169.1,2456.525
2025-11-10 10:20:00,169.1,169.44,168.91,169.25,4118.042
2025-11-10 10:25:00,169.25,169.26,168.66,168.72,2674.829
2025-11-10 10:30:00,168.72,168.79,168.21,168.46,3189.163
2025-11-10 10:35:00,168.46,168.59,167.97,168.1,9793.651
2025-11-10 10:40:00,168.1,168.41,168.09,168.37,1891.206
2025-11-10 10:45:00,168.37,168.81,168.27,168.35,2192.966
2025-11-10 10:50:00,168.35,168.43,168.1,168.26,1408.21
2025-11-10 10:55:00,168.26,168.49,168.07,168.34,859.008
2025-11-10 11:00:00,168.34,168.65,168.27,168.6,1644.589
2025-11-10 11:05:00,168.6,168.65,168.13,168.37,1928.643
2025-11-10 11:10:00,168.37,168.83,168.37,168.39,2655.039
2025-11-10 11:15:00,168.39,168.51,168.14,168.18,1994.454
2025-11-10 11:20:00,168.18,168.33,168.03,168.18,1228.977
2025-11-10 11:25:00,168.18,168.51,168.17,168.42,3140.01
2025-11-10 11:30:00,168.42,168.63,168.22,168.23,2720.435
2025-11-10 11:35:00,168.23,168.48,168.17,168.42,1449.338
2025-11-10 11:40:00,168.42,168.72,168.4,168.65,1342.444
2025-11-10 11:45:00,168.65,168.76,168.46,168.51,960.715
2025-11-10 11:50:00,168.51,168.51,168.2,168.28,2402.581
2025-11-10 11:55:00,168.28,168.39,168.13,168.32,842.301
2025-11-10 12:00:00,168.32,168.48,167.31,167.42,9439.721
2025-11-10 12:05:00,167.42,167.45,166.95,167.28,5663.138
2025-11-10 12:10:00,167.28,167.52,167.13,167.3,2290.408
2025-11-10 12:15:00,167.3,167.56,166.99,167.55,2235.797
2025-11-10 12:20:00,167.55,167.79,167.47,167.74,1984.971
2025-11-10 12:25:00,167.74,167.87,167.64,167.71,1372.172
2025-11-10 12:30:00,167.71,167.9,167.48,167.48,2516.147
2025-11-10 12:35:00,167.48,167.79,167.38,167.72,2188.717
2025-11-10 12:40:00,167.72,168.21,167.72,168.04,2478.659
2025-11-10 12:45:00,168.04,168.36,167.9,168.16,3514.126
2025-11-10 12:50:00,168.16,168.31,167.86,168.15,2242.363
2025-11-10 12:55:00,168.15,168.31,168.04,168.12,1388.971
2025-11-10 13:00:00,168.12,169.09,168.0,168.84,4370.861
2025-11-10 13:05:00,168.84,169.5,168.64,169.43,6733.567
2025-11-10 13:10:00,169.43,169.68,169.01,169.04,7010.038
2025-11-10 13:15:00,169.04,169.25,168.94,169.01,3150.406
2025-11-10 13:20:00,169.01,169.23,168.46,168.77,3489.961
2025-11-10 13:25:00,168.77,169.31,168.76,169.18,2299.185
2025-11-10 13:30:00,169.18,169.6,169.11,169.5,3255.444
2025-11-10 13:35:00,169.5,170.38,169.46,170.13,10787.362
2025-11-10 13:40:00,170.13,170.47,170.0,170.0,5717.021
2025-11-10 13:45:00,170.0,170.23,169.65,169.73,3567.889
2025-11-10 13:50:00,169.73,169.95,169.62,169.66,2293.777
2025-11-10 13:55:00,169.66,169.98,169.66,169.73,2561.356
2025-11-10 14:00:00,169.73,169.73,168.47,168.78,4640.34
2025-11-10 14:05:00,168.78,168.78,168.43,168.44,3767.539
2025-11-10 14:10:00,168.44,168.68,168.01,168.06,3112.697
2025-11-10 14:15:00,168.06,168.59,167.79,168.56,8351.246
2025-11-10 14:20:00,168.56,168.73,168.16,168.22,2169.505
2025-11-10 14:25:00,168.22,168.55,168.18,168.38,2734.357
2025-11-10 14:30:00,168.38,168.53,167.45,167.69,9478.432
2025-11-10 14:35:00,167.69,168.15,167.51,167.57,5717.477
2025-11-10 14:40:00,167.57,168.2,167.57,167.76,5921.135
2025-11-10 14:45:00,167.76,167.84,165.97,166.17,14531.4
2025-11-10 14:50:00,166.17,166.43,165.33,165.58,12829.212
2025-11-10 14:55:00,165.58,166.4,165.52,166.17,7235.518
2025-11-10 15:00:00,166.17,166.75,165.88,166.68,5464.305
2025-11-10 15:05:00,166.68,166.94,166.49,166.67,6273.931
2025-11-10 15:10:00,166.67,166.83,165.89,165.92,6147.026
2025-11-10 15:15:00,165.92,166.42,165.58,165.83,5059.206
2025-11-10 15:20:00,165.83,166.37,165.68,166.37,3119.624
2025-11-10 15:25:00,166.37,166.6,166.11,166.5,3216.746
2025-11-10 15:30:00,166.5,166.68,166.25,166.45,4000.311
2025-11-10 15:35:00,166.45,166.98,166.19,166.48,4292.084
2025-11-10 15:40:00,166.48,167.3,166.29,167.08,4861.145
2025-11-10 15:45:00,167.08,167.08,166.31,166.6,7687.111
2025-11-10 15:50:00,166.6,166.65,165.2,165.9,22328.452
2025-11-10 15:55:00,165.9,166.36,165.68,166.29,7435.091
2025-11-10 16:00:00,166.29,166.4,165.55,165.72,7222.038
2025-11-10 16:05:00,165.72,166.69,165.59,166.49,13406.858
2025-11-10 16:10:00,166.49,167.06,166.48,166.66,8216.581
2025-11-10 16:15:00,166.66,166.94,166.5,166.65,4020.58
2025-11-10 16:20:00,166.65,166.91,165.84,166.08,4548.206
2025-11-10 16:25:00,166.08,166.4,166.02,166.04,2342.198
2025-11-10 16:30:00,166.04,166.49,165.87,166.07,2362.041
2025-11-10 16:35:00,166.07,166.26,165.72,165.74,3063.446
2025-11-10 16:40:00,165.74,165.84,165.47,165.66,10603.16
2025-11-10 16:45:00,165.66,166.19,165.25,166.17,7677.894
2025-11-10 16:50:00,166.17,166.47,165.92,165.93,3009.183
2025-11-10 16:55:00,165.93,166.27,165.84,166.16,2563.365
2025-11-10 17:00:00,166.16,166.61,165.99,166.51,2481.681
2025-11-10 17:05:00,166.51,167.06,166.4,166.76,4757.438
2025-11-10 17:10:00,166.76,166.97,166.51,166.52,1540.831
2025-11-10 17:15:00,166.52,166.91,166.49,166.76,1884.939
2025-11-10 17:20:00,166.76,167.08,166.62,166.78,2886.732
2025-11-10 17:25:00,166.78,167.22,166.78,166.86,2103.893
2025-11-10 17:30:00,166.86,167.63,166.84,167.59,8464.883
2025-11-10 17:35:00,167.59,168.09,167.49,168.0,3229.942
2025-11-10 17:40:00,168.0,168.26,167.93,168.12,5232.411
2025-11-10 17:45:00,168.12,168.49,168.02,168.17,3019.301
2025-11-10 17:50:00,168.17,168.17,167.71,167.78,2555.007
2025-11-10 17:55:00,167.78,167.92,167.53,167.87,2720.278
2025-11-10 18:00:00,167.87,168.14,167.33,167.45,2213.005
2025-11-10 18:05:00,167.45,167.62,167.08,167.26,3763.068
2025-11-10 18:10:00,167.26,167.32,166.6,166.73,5757.804
2025-11-10 18:15:00,166.73,167.04,166.47,166.94,2631.14
2025-11-10 18:20:00,166.94,167.22,166.63,167.0,3102.931
2025-11-10 18:25:00,167.0,167.08,166.7,166.81,1821.326
2025-11-10 18:30:00,166.81,167.07,166.65,166.77,3523.761
2025-11-10 18:35:00,166.77,167.17,166.7,166.96,2686.123
2025-11-10 18:40:00,166.96,167.12,166.77,166.97,2082.281
2025-11-10 18:45:00,166.97,167.1,166.66,166.96,3354.469
2025-11-10 18:50:00,166.96,166.99,166.31,166.33,2097.664
2025-11-10 18:55:00,166.33,166.34,165.66,165.66,3773.005
2025-11-10 19:00:00,165.66,166.2,165.65,166.08,3628.699
2025-11-10 19:05:00,166.08,166.39,166.04,166.24,2958.513
2025-11-10 19:10:00,166.24,166.85,166.22,166.85,3438.262
2025-11-10 19:15:00,166.85,166.85,166.5,166.66,1494.102
2025-11-10 19:20:00,166.66,166.66,166.26,166.27,1746.416
2025-11-10 19:25:00,166.27,166.59,166.21,166.38,1333.119
2025-11-10 19:30:00,166.38,166.4,165.74,165.77,2499.143
2025-11-10 19:35:00,165.77,166.59,165.61,166.59,2433.401
2025-11-10 19:40:00,166.59,167.18,166.58,166.83,2769.484
2025-11-10 19:45:00,166.83,167.52,166.83,167.36,2893.015
2025-11-10 19:50:00,167.36,167.7,167.35,167.61,1700.335
2025-11-10 19:55:00,167.61,167.65,167.03,167.22,1522.346
2025-11-10 20:00:00,167.22,167.41,167.12,167.24,1124.404
2025-11-10 20:05:00,167.24,167.64,167.05,167.54,2712.389
2025-11-10 20:10:00,167.54,167.88,167.42,167.72,2305.772
2025-11-10 20:15:00,167.72,167.73,167.19,167.55,7675.498
2025-11-10 20:20:00,167.55,167.73,166.98,167.26,1457.569
2025-11-10 20:25:00,167.26,167.5,167.05,167.08,1342.19
2025-11-10 20:30:00,167.08,167.19,166.83,167.19,1304.264
2025-11-10 20:35:00,167.19,167.94,167.19,167.88,2373.529
2025-11-10 20:40:00,167.88,168.25,167.77,168.12,3843.315
2025-11-10 20:45:00,168.12,168.43,167.91,167.94,3443.188
2025-11-10 20:50:00,167.94,168.06,167.72,167.81,3503.679
2025-11-10 20:55:00,167.81,168.1,167.51,167.86,2087.138
2025-11-10 21:00:00,167.86,167.86,166.84,166.84,2118.366
2025-11-10 21:05:00,166.84,167.08,166.31,166.43,2566.702
2025-11-10 21:10:00,166.43,166.43,166.06,166.38,2490.435
2025-11-10 21:15:00,166.38,166.38,165.86,166.28,2415.438
2025-11-10 21:20:00,166.28,166.46,166.11,166.19,1927.28
2025-11-10 21:25:00,166.19,166.22,166.01,166.19,1724.638
2025-11-10 21:30:00,166.19,166.51,166.13,166.43,2202.902
2025-11-10 21:35:00,166.43,166.52,165.91,165.91,2899.051
2025-11-10 21:40:00,165.91,166.17,165.83,166.17,1885.239
2025-11-10 21:45:00,166.17,166.29,165.0,165.01,8416.663
2025-11-10 21:50:00,165.01,165.22,164.84,165.02,2170.277
2025-11-10 21:55:00,165.02,165.61,165.02,165.54,1740.501
2025-11-10 22:00:00,165.54,165.84,165.49,165.84,1177.326
2025-11-10 22:05:00,165.84,166.33,165.84,166.3,1657.574
2025-11-10 22:10:00,166.3,166.33,165.17,165.43,2135.386
2025-11-10 22:15:00,165.43,165.91,165.38,165.91,2934.77
2025-11-10 22:20:00,165.91,166.19,165.91,166.13,5039.147
2025-11-10 22:25:00,166.13,166.3,166.05,166.11,3494.421
2025-11-10 22:30:00,166.11,166.37,166.04,166.26,3621.425
2025-11-10 22:35:00,166.26,166.56,166.15,166.41,5550.722
2025-11-10 22:40:00,166.41,166.41,166.24,166.37,3014.181
2025-11-10 22:45:00,166.37,167.33,166.3,167.26,4353.26
2025-11-10 22:50:00,167.26,167.66,167.26,167.38,4051.759
2025-11-10 22:55:00,167.38,167.82,167.38,167.63,2440.365
2025-11-10 23:00:00,167.63,167.77,167.29,167.29,2811.101
2025-11-10 23:05:00,167.29,167.77,167.29,167.53,1692.497
2025-11-10 23:10:00,167.53,167.86,167.53,167.63,2320.576
2025-11-10 23:15:00,167.63,167.91,167.45,167.54,1832.45
2025-11-10 23:20:00,167.54,167.98,167.48,167.93,2724.798
2025-11-10 23:25:00,167.93,168.04,167.77,167.8,1239.939
2025-11-10 23:30:00,167.8,167.97,167.67,167.76,1008.085
2025-11-10 23:35:00,167.76,167.8,167.2,167.41,1864.63
2025-11-10 23:40:00,167.41,167.74,167.37,167.66,949.671
2025-11-10 23:45:00,167.66,168.07,167.49,168.03,1802.15
2025-11-10 23:50:00,168.03,168.03,167.17,167.35,1971.321
2025-11-10 23:55:00,167.35,167.46,167.26,167.29,1553.968
2025-11-11 00:00:00,167.29,167.56,167.16,167.27,1633.271
2025-11-11 00:05:00,167.27,167.59,167.01,167.34,1767.37
2025-11-11 00:10:00,167.34,167.34,166.48,166.92,2913.935
2025-11-11 00:15:00,166.92,167.28,166.82,167.17,2061.878
2025-11-11 00:20:00,167.17,167.55,167.13,167.31,1541.493
2025-11-11 00:25:00,167.31,167.35,166.57,166.81,1235.933
2025-11-11 00:30:00,166.81,167.24,166.56,166.87,1441.247
2025-11-11 00:35:00,166.87,167.02,166.22,166.35,2586.235
2025-11-11 00:40:00,166.35,166.66,166.23,166.24,1418.878
2025-11-11 00:45:00,166.24,166.78,166.0,166.67,2371.988
2025-11-11 00:50:00,166.67,166.91,166.51,166.77,1355.336
2025-11-11 00:55:00,166.77,167.58,166.76,167.49,2278.809
2025-11-11 01:00:00,167.49,167.82,167.24,167.26,2707.675
2025-11-11 01:05:00,167.26,167.58,167.26,167.55,1834.955
2025-11-11 01:10:00,167.55,167.9,167.46,167.9,1480.577
2025-11-11 01:15:00,167.9,170.52,167.89,170.39,16742.556
2025-11-11 01:20:00,170.39,170.98,169.44,169.61,15645.194
2025-11-11 01:25:00,169.61,169.67,168.8,168.86,4827.802
2025-11-11 01:30:00,168.86,168.96,168.1,168.37,7240.44
2025-11-11 01:35:00,168.37,168.37,166.62,167.53,7852.725
2025-11-11 01:40:00,167.53,167.69,167.11,167.49,5891.672
2025-11-11 01:45:00,167.49,168.1,167.45,167.97,4202.501
2025-11-11 01:50:00,167.97,168.31,167.82,167.95,2650.247
2025-11-11 01:55:00,167.95,167.98,167.01,167.35,4344.001
2025-11-11 02:00:00,167.35,167.58,166.58,166.93,5063.375
2025-11-11 02:05:00,166.93,166.99,166.24,166.98,4566.266
2025-11-11 02:10:00,166.98,167.92,166.94,167.77,3898.356
2025-11-11 02:15:00,167.77,167.94,167.42,167.51,2522.135
2025-11-11 02:20:00,167.51,167.87,167.34,167.87,2297.825
2025-11-11 02:25:00,167.87,168.62,167.87,168.62,2782.373
2025-11-11 02:30:00,168.62,170.7,168.59,170.22,9408.364
2025-11-11 02:35:00,170.22,170.93,170.01,170.27,7702.282
2025-11-11 02:40:00,170.27,170.63,169.91,170.51,7843.087
2025-11-11 02:45:00,170.51,170.98,169.74,169.79,9368.888
2025-11-11 02:50:00,169.79,170.21,169.75,170.18,2737.769
2025-11-11 02:55:00,170.18,170.42,169.81,170.26,2731.827
2025-11-11 03:00:00,170.26,170.52,170.09,170.52,3593.404
2025-11-11 03:05:00,170.52,171.35,170.49,171.34,9163.151
2025-11-11 03:10:00,171.34,171.65,171.06,171.53,9188.27
2025-11-11 03:15:00,171.53,171.82,171.23,171.48,7137.398
2025-11-11 03:20:00,171.48,171.93,171.33,171.49,5045.278
2025-11-11 03:25:00,171.49,171.75,170.84,170.84,4155.284
2025-11-11 03:30:00,170.84,170.89,170.52,170.65,2478.975
2025-11-11 03:35:00,170.65,170.65,169.81,169.94,7711.02
2025-11-11 03:40:00,169.94,170.07,169.52,169.61,2350.5
2025-11-11 03:45:00,169.61,169.86,169.5,169.61,4393.285
2025-11-11 03:50:00,169.61,170.04,169.58,169.99,4514.28
2025-11-11 03:55:00,169.99,170.17,169.88,169.96,2114.476
2025-11-11 04:00:00,169.96,170.09,169.82,169.93,1702.429
2025-11-11 04:05:00,169.93,170.1,169.67,170.1,1711.99
2025-11-11 04:10:00,170.1,170.1,168.92,168.98,6881.002
2025-11-11 04:15:00,168.98,169.24,168.74,169.01,3034.671
2025-11-11 04:20:00,169.01,169.35,168.64,169.07,3062.577
2025-11-11 04:25:00,169.07,169.07,168.58,168.7,2122.085
2025-11-11 04:30:00,168.7,169.02,168.7,168.78,2772.173
2025-11-11 04:35:00,168.78,168.93,168.12,168.14,6578.655
2025-11-11 04:40:00,168.14,168.34,167.7,167.93,7371.676
2025-11-11 04:45:00,167.93,167.95,167.34,167.41,5941.375
2025-11-11 04:50:00,167.41,167.48,166.79,166.79,10363.076
2025-11-11 04:55:00,166.79,166.97,166.58,166.94,8451.621
2025-11-11 05:00:00,166.94,166.95,165.41,165.44,22596.412
2025-11-11 05:05:00,165.44,165.7,165.03,165.61,16771.479
2025-11-11 05:10:00,165.61,165.61,165.1,165.23,5926.493
2025-11-11 05:15:00,165.23,165.69,165.08,165.39,6202.284
2025-11-11 05:20:00,165.39,165.68,165.09,165.53,5848.914
2025-11-11 05:25:00,165.53,165.98,165.44,165.89,4126.543
2025-11-11 05:30:00,165.89,165.94,165.43,165.45,5653.839
2025-11-11 05:35:00,165.45,165.79,165.24,165.78,2711.07
2025-11-11 05:40:00,165.78,165.94,165.46,165.47,1611.044
2025-11-11 05:45:00,165.47,165.86,165.35,165.78,3191.461
2025-11-11 05:50:00,165.78,165.82,165.38,165.6,4572.681
2025-11-11 05:55:00,165.6,165.78,165.09,165.18,2786.519
2025-11-11 06:00:00,165.18,165.31,164.66,164.67,14278.111
2025-11-11 06:05:00,164.67,164.72,163.64,164.11,17908.325
2025-11-11 06:10:00,164.11,164.38,164.0,164.3,6074.094
2025-11-11 06:15:00,164.3,164.76,164.3,164.61,4257.707
2025-11-11 06:20:00,164.61,165.0,164.28,164.62,4752.408
2025-11-11 06:25:00,164.62,165.04,164.61,164.74,4279.615
2025-11-11 06:30:00,164.74,165.17,164.74,165.09,2375.046
2025-11-11 06:35:00,165.09,165.32,164.97,165.03,3227.689
2025-11-11 06:40:00,165.03,165.12,164.73,164.75,5668.936
2025-11-11 06:45:00,164.75,164.75,163.9,164.2,11949.246
2025-11-11 06:50:00,164.2,164.69,164.18,164.52,8710.458
2025-11-11 06:55:00,164.52,165.16,164.48,164.96,6539.783
2025-11-11 07:00:00,164.96,165.18,164.85,165.06,9989.206
2025-11-11 07:05:00,165.06,165.18,164.64,164.64,2645.499
2025-11-11 07:10:00,164.64,165.2,164.51,165.15,1298.808
2025-11-11 07:15:00,165.15,165.24,164.37,164.8,2640.224
2025-11-11 07:20:00,164.8,165.16,164.57,165.12,3729.939
2025-11-11 07:25:00,165.12,165.18,164.85,165.02,2227.776
2025-11-11 07:30:00,165.02,165.15,164.93,165.12,1157.774
2025-11-11 07:35:00,165.12,165.15,164.33,164.4,1637.618
2025-11-11 07:40:00,164.4,164.75,164.23,164.65,1736.609
2025-11-11 07:45:00,164.65,164.93,164.11,164.17,3620.661
2025-11-11 07:50:00,164.17,164.23,163.89,164.08,3352.655
2025-11-11 07:55:00,164.08,164.29,163.91,163.99,1762.981
2025-11-11 08:00:00,163.99,164.43,163.96,164.33,1632.422
2025-11-11 08:05:00,164.33,164.39,163.62,163.96,3572.906
2025-11-11 08:10:00,163.96,164.9,163.96,164.52,3110.429
2025-11-11 08:15:00,164.52,164.73,164.24,164.56,3599.831
2025-11-11 08:20:00,164.56,164.75,164.24,164.24,1589.117
2025-11-11 08:25:00,164.24,164.55,163.99,164.02,2703.967
2025-11-11 08:30:00,164.02,164.19,163.88,163.97,2130.316
2025-11-11 08:35:00,163.97,164.1,163.81,163.99,2299.062
2025-11-11 08:40:00,163.99,164.46,163.92,164.39,1615.206
2025-11-11 08:45:00,164.39,164.48,164.12,164.41,1490.279
2025-11-11 08:50:00,164.41,164.44,164.01,164.03,1239.646
2025-11-11 08:55:00,164.03,164.21,163.97,164.01,5030.986
2025-11-11 09:00:00,164.01,164.49,163.86,164.49,2267.63
2025-11-11 09:05:00,164.49,164.97,164.48,164.93,4720.726
2025-11-11 09:10:00,164.93,164.93,163.77,163.78,3882.017
2025-11-11 09:15:00,163.78,163.96,163.17,163.38,7646.859
2025-11-11 09:20:00,163.38,164.09,163.36,164.05,2971.7
2025-11-11 09:25:00,164.05,164.19,164.01,164.12,1330.564
2025-11-11 09:30:00,164.12,164.27,163.92,164.23,2388.732
2025-11-11 09:35:00,164.23,164.45,164.22,164.45,1296.426
2025-11-11 09:40:00,164.45,164.55,163.92,163.96,3197.767
2025-11-11 09:45:00,163.96,164.28,163.85,164.03,4194.606
2025-11-11 09:50:00,164.03,164.09,163.89,163.98,2171.133
2025-11-11 09:55:00,163.98,164.07,163.88,164.05,2294.537
2025-11-11 10:00:00,164.05,164.21,163.78,163.96,2108.189
2025-11-11 10:05:00,163.96,164.4,163.94,164.24,1311.039
2025-11-11 10:10:00,164.24,164.4,163.34,163.79,3397.215
2025-11-11 10:15:00,163.79,164.36,163.79,163.89,2064.611
2025-11-11 10:20:00,163.89,164.03,163.0,163.38,12553.334
2025-11-11 10:25:00,163.38,163.39,163.08,163.29,2845.293
2025-11-11 10:30:00,163.29,163.57,163.03,163.03,3642.191
2025-11-11 10:35:00,163.03,163.7,162.85,163.59,4803.046
2025-11-11 10:40:00,163.59,163.68,163.4,163.65,1350.01
2025-11-11 10:45:00,163.65,163.68,163.33,163.35,1611.174
2025-11-11 10:50:00,163.35,163.51,163.35,163.49,760.416
2025-11-11 10:55:00,163.49,163.8,163.49,163.8,1736.991
2025-11-11 11:00:00,163.8,164.34,163.8,164.33,2377.867
2025-11-11 11:05:00,164.33,164.59,164.28,164.56,5696.564
2025-11-11 11:10:00,164.56,164.62,164.55,164.57,10790.113
2025-11-11 11:15:00,164.57,164.58,163.97,164.1,5341.628
2025-11-11 11:20:00,164.1,164.29,163.71,163.99,4933.754
2025-11-11 11:25:00,163.99,164.05,163.86,163.88,2260.256
2025-11-11 11:30:00,163.88,164.09,163.84,164.03,1592.769
2025-11-11 11:35:00,164.03,164.09,163.86,163.86,1917.653
2025-11-11 11:40:00,163.86,164.29,163.83,164.2,1783.369
2025-11-11 11:45:00,164.2,164.33,163.62,163.64,3404.706
2025-11-11 11:50:00,163.64,163.65,163.16,163.24,3164.653
2025-11-11 11:55:00,163.24,163.72,163.05,163.71,1851.299
2025-11-11 12:00:00,163.71,163.9,163.4,163.86,2079.25
2025-11-11 12:05:00,163.86,164.35,163.85,164.31,2886.28
2025-11-11 12:10:00,164.31,164.39,163.64,163.71,1646.001
2025-11-11 12:15:00,163.71,163.85,163.26,163.3,2077.646
2025-11-11 12:20:00,163.3,163.5,163.17,163.21,1918.796
2025-11-11 12:25:00,163.21,163.48,163.11,163.34,1802.967
2025-11-11 12:30:00,163.34,163.61,163.33,163.48,1142.397
2025-11-11 12:35:00,163.48,163.48,163.13,163.24,1430.156
2025-11-11 12:40:00,163.24,163.3,163.03,163.06,4651.294
2025-11-11 12:45:00,163.06,163.33,162.81,162.88,3889.436
2025-11-11 12:50:00,162.88,163.59,162.58,163.41,8384.871
2025-11-11 12:55:00,163.41,163.6,163.2,163.34,4321.322
2025-11-11 13:00:00,163.34,163.61,163.34,163.53,2276.881
2025-11-11 13:05:00,163.53,163.98,163.46,163.71,3396.937
2025-11-11 13:10:00,163.71,163.79,163.54,163.79,1157.796
2025-11-11 13:15:00,163.79,163.88,163.38,163.55,2125.183
2025-11-11 13:20:00,163.55,163.81,162.95,163.15,3153.592
2025-11-11 13:25:00,163.15,163.23,162.9,163.18,2937.826
2025-11-11 13:30:00,163.18,163.65,163.18,163.28,1579.056
2025-11-11 13:35:00,163.28,163.52,163.14,163.25,2299.259
2025-11-11 13:40:00,163.25,163.46,163.1,163.25,1692.026
2025-11-11 13:45:00,163.25,163.81,163.25,163.55,1771.849
2025-11-11 13:50:00,163.55,163.59,162.92,162.98,3262.487
2025-11-11 13:55:00,162.98,163.08,162.43,162.82,10029.583
2025-11-11 14:00:00,162.82,163.05,162.15,162.46,6949.023
2025-11-11 14:05:00,162.46,162.56,162.03,162.24,5581.609
2025-11-11 14:10:00,162.24,162.34,161.94,162.28,8721.7
2025-11-11 14:15:00,162.28,162.58,162.15,162.57,3709.779
2025-11-11 14:20:00,162.57,162.88,162.48,162.79,8934.83
2025-11-11 14:25:00,162.79,163.25,162.72,162.93,6858.005
2025-11-11 14:30:00,162.93,162.99,162.29,162.36,2748.818
2025-11-11 14:35:00,162.36,162.78,162.15,162.63,5046.72
2025-11-11 14:40:00,162.63,162.64,162.06,162.12,2450.254
2025-11-11 14:45:00,162.12,162.13,161.07,161.42,19079.911
2025-11-11 14:50:00,161.42,161.7,161.23,161.63,13375.257
2025-11-11 14:55:00,161.63,162.96,161.61,162.96,20330.402
2025-11-11 15:00:00,162.96,162.96,161.91,162.02,9060.225
2025-11-11 15:05:00,162.02,162.33,161.5,161.87,11922.77
2025-11-11 15:10:00,161.87,162.21,161.76,161.95,12282.937
2025-11-11 15:15:00,161.95,162.32,161.8,162.19,10122.479
2025-11-11 15:20:00,162.19,162.19,161.65,162.17,17821.133
2025-11-11 15:25:00,162.17,162.19,161.12,161.21,16082.674
2025-11-11 15:30:00,161.21,161.21,160.39,161.0,12975.024
2025-11-11 15:35:00,161.0,161.01,160.55,161.0,3620.06
2025-11-11 15:40:00,161.0,161.4,160.71,160.78,6804.053
2025-11-11 15:45:00,160.78,160.94,160.1,160.71,12846.062
2025-11-11 15:50:00,160.71,161.06,160.59,160.86,7579.347
2025-11-11 15:55:00,160.86,161.09,160.6,160.87,13968.101
2025-11-11 16:00:00,160.87,161.21,160.61,161.05,13036.025
2025-11-11 16:05:00,161.05,161.21,160.22,160.37,10894.167
2025-11-11 16:10:00,160.37,160.92,160.35,160.68,12814.45
2025-11-11 16:15:00,160.68,160.91,160.48,160.83,3765.495
2025-11-11 16:20:00,160.83,160.9,160.63,160.68,2087.48
2025-11-11 16:25:00,160.68,160.74,160.11,160.22,2675.967
2025-11-11 16:30:00,160.22,160.46,159.73,160.37,9550.058
2025-11-11 16:35:00,160.37,160.5,160.05,160.3,3675.939
2025-11-11 16:40:00,160.3,160.76,160.14,160.55,2845.405
2025-11-11 16:45:00,160.55,161.0,160.43,160.98,3076.142
2025-11-11 16:50:00,160.98,160.98,160.55,160.66,1589.451
2025-11-11 16:55:00,160.66,160.75,160.54,160.62,1639.899
2025-11-11 17:00:00,160.62,160.88,160.33,160.47,2367.77
2025-11-11 17:05:00,160.47,161.04,160.47,160.64,3076.995
2025-11-11 17:10:00,160.64,160.82,160.28,160.28,2806.03
2025-11-11 17:15:00,160.28,160.42,159.97,160.09,4807.154
2025-11-11 17:20:00,160.09,160.27,159.9,159.91,11698.92
2025-11-11 17:25:00,159.91,159.91,159.63,159.76,3536.967
2025-11-11 17:30:00,159.76,159.96,159.34,159.38,4130.785
2025-11-11 17:35:00,159.38,159.5,158.73,158.88,8073.139
2025-11-11 17:40:00,158.88,159.17,158.31,159.05,10182.846
2025-11-11 17:45:00,159.05,159.24,158.76,159.02,3413.399
2025-11-11 17:50:00,159.02,159.49,158.92,159.43,1628.81
2025-11-11 17:55:00,159.43,159.64,159.39,159.52,4842.803
2025-11-11 18:00:00,159.52,159.8,159.26,159.26,2499.924
2025-11-11 18:05:00,159.26,159.55,158.77,158.92,2762.646
2025-11-11 18:10:00,158.92,159.19,158.92,158.93,2471.547
2025-11-11 18:15:00,158.93,159.11,158.81,158.93,1859.981
2025-11-11 18:20:00,158.93,159.11,158.67,158.7,1721.464
2025-11-11 18:25:00,158.7,158.87,158.38,158.74,2400.587
2025-11-11 18:30:00,158.74,159.29,158.73,159.1,1806.517
2025-11-11 18:35:00,159.1,159.14,158.72,159.1,2979.251
2025-11-11 18:40:00,159.1,159.24,158.9,159.11,2323.605
2025-11-11 18:45:00,159.11,159.41,159.01,159.36,2344.812
2025-11-11 18:50:00,159.36,159.5,159.04,159.06,1951.705
2025-11-11 18:55:00,159.06,159.18,158.95,158.98,769.542
2025-11-11 19:00:00,158.98,158.98,158.23,158.47,2646.617
2025-11-11 19:05:00,158.47,158.47,157.7,158.03,7922.604
2025-11-11 19:10:00,158.03,158.31,157.88,157.97,7904.197
2025-11-11 19:15:00,157.97,158.53,157.97,158.33,3100.092
2025-11-11 19:20:00,158.33,158.64,158.33,158.53,1752.691
2025-11-11 19:25:00,158.53,158.67,158.43,158.62,1530.118
2025-11-11 19:30:00,158.62,158.71,158.52,158.6,2470.215
2025-11-11 19:35:00,158.6,158.66,158.31,158.32,2107.393
2025-11-11 19:40:00,158.32,158.42,157.91,158.05,1788.867
2025-11-11 19:45:00,158.05,158.38,157.92,158.24,2029.395
2025-11-11 19:50:00,158.24,158.24,157.91,158.01,1209.253
2025-11-11 19:55:00,158.01,158.09,157.42,157.62,4343.369
2025-11-11 20:00:00,157.62,157.63,157.31,157.34,2828.949
2025-11-11 20:05:00,157.34,157.38,156.78,157.0,5303.081
2025-11-11 20:10:00,157.0,157.35,156.79,157.2,2460.813
2025-11-11 20:15:00,157.2,157.5,156.93,157.34,2140.902
2025-11-11 20:20:00,157.34,157.81,157.34,157.79,2411.684
2025-11-11 20:25:00,157.79,157.86,157.36,157.37,1797.137
2025-11-11 20:30:00,157.37,157.37,156.69,156.79,4574.34
2025-11-11 20:35:00,156.79,156.97,156.69,156.84,3425.842
2025-11-11 20:40:00,156.84,156.89,156.45,156.55,4995.869
2025-11-11 20:45:00,156.55,156.86,156.42,156.6,4974.511
2025-11-11 20:50:00,156.6,156.77,156.41,156.58,3408.333
2025-11-11 20:55:00,156.58,156.77,156.26,156.77,4348.803
2025-11-11 21:00:00,156.77,157.21,156.68,157.1,3240.133
2025-11-11 21:05:00,157.1,157.13,156.61,157.01,2437.123
2025-11-11 21:10:00,157.01,157.21,156.97,157.12,2508.768
2025-11-11 21:15:00,157.12,157.31,156.85,157.13,5119.358
2025-11-11 21:20:00,157.13,157.39,157.08,157.27,3951.978
2025-11-11 21:25:00,157.27,157.3,157.08,157.09,2158.074
2025-11-11 21:30:00,157.09,157.1,156.41,156.6,3568.128
2025-11-11 21:35:00,156.6,156.75,156.1,156.14,5309.782
2025-11-11 21:40:00,156.14,156.35,155.91,156.04,11211.706
2025-11-11 21:45:00,156.04,156.19,155.82,155.85,2817.848
2025-11-11 21:50:00,155.85,156.29,155.66,156.11,4848.201
2025-11-11 21:55:00,156.11,156.48,156.05,156.08,2850.681
2025-11-11 22:00:00,156.08,156.11,155.53,156.02,2691.953
2025-11-11 22:05:00,156.02,156.3,155.93,156.01,2731.771
2025-11-11 22:10:00,156.01,156.61,156.0,156.47,3379.944
2025-11-11 22:15:00,156.47,156.48,156.02,156.3,2898.588
2025-11-11 22:20:00,156.3,156.98,156.3,156.98,10480.345
2025-11-11 22:25:00,156.98,156.98,156.65,156.79,2672.543
2025-11-11 22:30:00,156.79,156.79,156.53,156.67,2292.123
2025-11-11 22:35:00,156.67,157.0,156.66,156.94,2954.168
2025-11-11 22:40:00,156.94,156.95,156.71,156.88,2955.502
2025-11-11 22:45:00,156.88,156.94,156.81,156.83,1497.325
2025-11-11 22:50:00,156.83,157.17,156.75,157.05,6076.381
2025-11-11 22:55:00,157.05,157.28,156.63,156.72,3579.52
2025-11-11 23:00:00,156.72,156.76,156.06,156.19,3189.216
2025-11-11 23:05:00,156.19,156.49,156.05,156.27,2686.787
2025-11-11 23:10:00,156.27,156.66,156.26,156.57,1369.787
2025-11-11 23:15:00,156.57,156.91,156.55,156.75,2456.322
2025-11-11 23:20:00,156.75,156.76,155.92,155.96,4590.298
2025-11-11 23:25:00,155.96,156.18,155.77,155.96,3010.682
2025-11-11 23:30:00,155.96,155.96,155.34,155.42,5030.785
2025-11-11 23:35:00,155.42,155.42,154.78,155.31,3329.514
2025-11-11 23:40:00,155.31,155.7,155.12,155.12,1698.447
2025-11-11 23:45:00,155.12,155.17,153.99,154.46,11762.088
2025-11-11 23:50:00,154.46,154.54,154.0,154.35,4015.056
2025-11-11 23:55:00,154.35,154.85,154.35,154.63,3429.524
2025-11-12 00:00:00,154.63,155.34,154.49,155.3,8729.081
2025-11-12 00:05:00,155.3,155.32,154.73,154.76,7946.276
2025-11-12 00:10:00,154.76,154.83,153.64,154.18,8958.537
2025-11-12 00:15:00,154.18,154.91,154.03,154.75,3410.225
2025-11-12 00:20:00,154.75,154.94,154.22,154.81,4707.332
2025-11-12 00:25:00,154.81,155.11,154.66,154.81,2616.11
2025-11-12 00:30:00,154.81,154.96,154.23,154.45,7501.25
2025-11-12 00:35:00,154.45,154.67,154.07,154.15,4194.881
2025-11-12 00:40:00,154.15,154.52,154.02,154.48,3555.825
2025-11-12 00:45:00,154.48,154.81,154.24,154.73,2668.935
2025-11-12 00:50:00,154.73,154.84,154.05,154.08,2403.297
2025-11-12 00:55:00,154.08,154.48,153.71,153.86,2517.456
2025-11-12 01:00:00,153.86,154.34,153.73,153.99,4563.424
2025-11-12 01:05:00,153.99,154.69,153.98,154.63,2148.235
2025-11-12 01:10:00,154.63,154.95,154.48,154.83,3339.538
2025-11-12 01:15:00,154.83,155.55,154.73,155.36,9272.517
2025-11-12 01:20:00,155.36,155.36,154.67,154.77,2988.595
2025-11-12 01:25:00,154.77,155.01,154.57,155.01,1684.846
2025-11-12 01:30:00,155.01,155.25,154.92,155.21,2457.117
2025-11-12 01:35:00,155.21,155.44,155.09,155.24,9170.617
2025-11-12 01:40:00,155.24,155.42,155.05,155.12,2750.762
2025-11-12 01:45:00,155.12,155.37,154.93,155.23,2459.187
2025-11-12 01:50:00,155.23,155.48,155.08,155.43,2874.118
2025-11-12 01:55:00,155.43,155.56,155.29,155.44,2270.955
2025-11-12 02:00:00,155.44,155.61,155.11,155.13,2592.244
2025-11-12 02:05:00,155.13,155.52,155.13,155.47,2197.536
2025-11-12 02:10:00,155.47,155.58,155.3,155.36,3444.393
2025-11-12 02:15:00,155.36,155.56,155.17,155.17,5814.158
2025-11-12 02:20:00,155.17,155.24,154.63,154.86,11338.63
2025-11-12 02:25:00,154.86,154.87,154.52,154.78,2648.646
2025-11-12 02:30:00,154.78,154.82,153.77,154.08,6762.779
2025-11-12 02:35:00,154.08,154.43,153.82,154.22,3029.064
2025-11-12 02:40:00,154.22,154.34,153.96,154.15,1754.59
2025-11-12 02:45:00,154.15,154.28,153.94,154.1,2745.882
2025-11-12 02:50:00,154.1,154.56,153.82,154.52,3482.508
2025-11-12 02:55:00,154.52,154.61,154.12,154.33,1714.74
2025-11-12 03:00:00,154.33,154.41,154.03,154.41,1684.234
2025-11-12 03:05:00,154.41,154.42,154.05,154.06,5419.392
2025-11-12 03:10:00,154.06,154.35,154.0,154.28,1683.537
2025-11-12 03:15:00,154.28,154.55,154.06,154.47,2920.01
2025-11-12 03:20:00,154.47,154.74,154.42,154.69,2718.555
2025-11-12 03:25:00,154.69,154.7,154.48,154.69,1656.201
2025-11-12 03:30:00,154.69,154.78,154.52,154.71,2658.298
2025-11-12 03:35:00,154.71,154.91,154.48,154.62,3679.29
2025-11-12 03:40:00,154.62,155.01,154.62,154.95,3278.986
2025-11-12 03:45:00,154.95,155.01,154.7,154.92,1193.477
2025-11-12 03:50:00,154.92,154.99,154.65,154.93,4294.459
2025-11-12 03:55:00,154.93,154.93,154.53,154.59,2332.891
2025-11-12 04:00:00,154.59,154.68,154.35,154.5,3049.98
2025-11-12 04:05:00,154.5,154.83,154.32,154.77,1450.6
2025-11-12 04:10:00,154.77,155.0,154.69,154.99,1415.753
2025-11-12 04:15:00,154.99,155.08,154.67,154.76,3018.185
2025-11-12 04:20:00,154.76,154.86,154.64,154.82,2003.377
2025-11-12 04:25:00,154.82,154.89,154.64,154.67,1321.323
2025-11-12 04:30:00,154.67,154.68,154.36,154.37,1666.012
2025-11-12 04:35:00,154.37,154.71,154.32,154.58,977.716
2025-11-12 04:40:00,154.58,154.61,154.25,154.36,936.294
2025-11-12 04:45:00,154.36,154.61,154.22,154.54,1480.689
2025-11-12 04:50:00,154.54,154.74,154.4,154.58,1811.616
2025-11-12 04:55:00,154.58,154.98,154.54,154.98,1517.212
2025-11-12 05:00:00,154.98,155.16,154.95,155.05,2660.612
2025-11-12 05:05:00,155.05,155.13,154.94,154.97,2455.056
2025-11-12 05:10:00,154.97,155.36,154.96,155.17,2895.117
2025-11-12 05:15:00,155.17,155.44,155.11,155.43,1731.858
2025-11-12 05:20:00,155.43,155.74,155.38,155.67,3231.355
2025-11-12 05:25:00,155.67,155.71,155.38,155.56,3308.746
2025-11-12 05:30:00,155.56,155.57,155.33,155.42,2772.091
2025-11-12 05:35:00,155.42,155.59,155.2,155.54,9695.556
2025-11-12 05:40:00,155.54,156.09,155.39,156.07,12198.736
2025-11-12 05:45:00,156.07,156.07,155.62,155.64,7456.165
2025-11-12 05:50:00,155.64,155.71,155.43,155.6,13761.647
2025-11-12 05:55:00,155.6,155.64,155.43,155.49,2154.845
2025-11-12 06:00:00,155.49,155.51,155.37,155.42,8662.075
2025-11-12 06:05:00,155.42,155.78,155.42,155.75,4249.725
2025-11-12 06:10:00,155.75,155.98,155.61,155.79,3364.326
2025-11-12 06:15:00,155.79,156.3,155.7,156.18,4510.326
2025-11-12 06:20:00,156.18,156.25,155.99,156.16,3787.926
2025-11-12 06:25:00,156.16,156.44,155.99,156.28,7411.791
2025-11-12 06:30:00,156.28,156.36,156.13,156.32,2395.61
2025-11-12 06:35:00,156.32,156.51,156.26,156.26,1589.449
2025-11-12 06:40:00,156.26,156.26,156.02,156.04,1980.561
2025-11-12 06:45:00,156.04,156.33,156.04,156.32,3245.22
2025-11-12 06:50:00,156.32,156.46,156.22,156.31,3258.452
2025-11-12 06:55:00,156.31,156.31,155.93,155.94,4952.38
2025-11-12 07:00:00,155.94,155.97,155.7,155.85,1844.132
2025-11-12 07:05:00,155.85,156.44,155.83,156.44,1345.399
2025-11-12 07:10:00,156.44,156.57,156.35,156.38,1676.49
2025-11-12 07:15:00,156.38,156.49,155.93,156.1,2109.37
2025-11-12 07:20:00,156.1,156.19,155.96,156.14,2135.55
2025-11-12 07:25:00,156.14,156.25,156.05,156.13,1273.288
2025-11-12 07:30:00,156.13,156.26,155.8,156.17,1780.653
2025-11-12 07:35:00,156.17,156.47,156.13,156.45,996.498
2025-11-12 07:40:00,156.45,156.45,156.14,156.16,1214.561
2025-11-12 07:45:00,156.16,156.19,155.83,155.87,2845.523
2025-11-12 07:50:00,155.87,155.88,154.91,154.98,7907.183
2025-11-12 07:55:00,154.98,155.12,154.85,155.05,5390.768
2025-11-12 08:00:00,155.05,155.27,155.02,155.24,1482.879
2025-11-12 08:05:00,155.24,155.46,155.21,155.4,2262.367
2025-11-12 08:10:00,155.4,155.47,155.32,155.39,866.129
2025-11-12 08:15:00,155.39,156.13,155.39,156.08,2948.685
2025-11-12 08:20:00,156.08,156.38,156.08,156.31,1668.0
2025-11-12 08:25:00,156.31,156.73,156.31,156.73,2139.434
2025-11-12 08:30:00,156.73,157.13,156.46,157.13,4174.922
2025-11-12 08:35:00,157.13,157.8,157.13,157.51,6813.936
2025-11-12 08:40:00,157.51,157.51,157.18,157.35,4672.149
2025-11-12 08:45:00,157.35,158.14,157.34,158.03,19412.519
2025-11-12 08:50:00,158.03,158.13,157.77,157.79,8265.108
2025-11-12 08:55:00,157.79,158.08,157.71,158.03,2021.106
2025-11-12 09:00:00,158.03,158.31,157.81,158.11,7280.735
2025-11-12 09:05:00,158.11,158.31,157.96,158.23,3380.828
2025-11-12 09:10:00,158.23,158.7,158.23,158.67,8586.9
2025-11-12 09:15:00,158.67,158.94,158.49,158.89,7389.803
2025-11-12 09:20:00,158.89,158.94,158.71,158.79,6441.416
2025-11-12 09:25:00,158.79,158.79,158.36,158.41,6051.75
2025-11-12 09:30:00,158.41,158.43,157.8,157.98,11047.668
2025-11-12 09:35:00,157.98,158.38,157.83,158.24,1818.379
2025-11-12 09:40:00,158.24,158.37,158.07,158.21,4047.439
2025-11-12 09:45:00,158.21,158.21,157.96,158.09,1796.274
2025-11-12 09:50:00,158.09,158.12,157.92,158.01,1403.577
2025-11-12 09:55:00,158.01,158.15,157.97,158.09,1660.711
2025-11-12 10:00:00,158.09,158.7,158.0,158.62,1718.212
2025-11-12 10:05:00,158.62,158.67,158.49,158.59,1683.488
2025-11-12 10:10:00,158.59,158.99,158.47,158.97,6087.639
2025-11-12 10:15:00,158.97,158.97,158.62,158.82,3758.189
2025-11-12 10:20:00,158.82,159.34,158.8,159.26,3295.928
2025-11-12 10:25:00,159.26,159.41,159.17,159.34,3856.785
2025-11-12 10:30:00,159.34,159.93,159.31,159.7,9368.213
2025-11-12 10:35:00,159.7,160.0,159.28,159.36,15359.23
2025-11-12 10:40:00,159.36,159.67,159.3,159.57,2372.403
2025-11-12 10:45:00,159.57,160.17,159.56,160.06,6721.01
2025-11-12 10:50:00,160.06,160.48,159.89,160.23,4832.935
2025-11-12 10:55:00,160.23,160.46,159.89,160.32,5021.728
2025-11-12 11:00:00,160.32,160.65,160.08,160.29,5860.684
2025-11-12 11:05:00,160.29,161.1,160.29,160.99,8807.577
2025-11-12 11:10:00,160.99,161.14,160.58,160.61,5192.645
2025-11-12 11:15:00,160.61,160.85,160.36,160.6,2795.734
2025-11-12 11:20:00,160.6,160.62,160.22,160.44,4848.099
2025-11-12 11:25:00,160.44,160.57,159.97,159.97,5013.141
2025-11-12 11:30:00,159.97,160.12,159.84,159.97,3070.522
2025-11-12 11:35:00,159.97,160.15,159.68,159.69,3033.803
2025-11-12 11:40:00,159.69,159.8,159.49,159.71,4594.487
2025-11-12 11:45:00,159.71,159.85,159.68,159.81,1905.719
2025-11-12 11:50:00,159.81,160.11,159.73,160.08,1450.197
2025-11-12 11:55:00,160.08,160.15,159.92,160.0,2507.773
2025-11-12 12:00:00,160.0,160.12,159.52,159.69,2796.629
2025-11-12 12:05:00,159.69,160.11,159.63,160.11,2437.395
2025-11-12 12:10:00,160.11,160.48,160.11,160.31,2667.078
2025-11-12 12:15:00,160.31,160.61,159.96,160.59,1931.108
2025-11-12 12:20:00,160.59,160.78,160.47,160.52,6398.792
2025-11-12 12:25:00,160.52,160.61,159.57,159.69,13435.712
2025-11-12 12:30:00,159.69,159.72,159.25,159.43,9950.703
2025-11-12 12:35:00,159.43,159.64,159.37,159.51,2016.367
2025-11-12 12:40:00,159.51,159.51,159.13,159.29,5263.373
2025-11-12 12:45:00,159.29,159.83,159.27,159.83,2402.904
2025-11-12 12:50:00,159.83,159.98,159.73,159.83,1708.332
2025-11-12 12:55:00,159.83,159.95,159.79,159.86,750.703
2025-11-12 13:00:00,159.86,159.88,159.47,159.74,2679.193
2025-11-12 13:05:00,159.74,159.75,159.29,159.29,1804.729
2025-11-12 13:10:00,159.29,159.55,159.28,159.48,2277.484
2025-11-12 13:15:00,159.48,159.61,158.82,159.09,5206.899
2025-11-12 13:20:00,159.09,159.52,159.01,159.29,2801.038
2025-11-12 13:25:00,159.29,160.04,159.1,159.94,3345.751
2025-11-12 13:30:00,159.94,160.14,159.79,159.94,3288.475
2025-11-12 13:35:00,159.94,160.26,159.74,160.19,1392.334
2025-11-12 13:40:00,160.19,160.8,160.19,160.66,3107.337
2025-11-12 13:45:00,160.66,161.04,160.54,160.99,3931.488
2025-11-12 13:50:00,160.99,161.02,160.58,160.66,3309.395
2025-11-12 13:55:00,160.66,160.74,160.46,160.57,1762.631
2025-11-12 14:00:00,160.57,160.57,160.1,160.16,3230.441
2025-11-12 14:05:00,160.16,160.4,160.01,160.32,1781.652
2025-11-12 14:10:00,160.32,160.85,160.24,160.84,2097.614
2025-11-12 14:15:00,160.84,161.03,160.72,160.84,2504.13
2025-11-12 14:20:00,160.84,160.98,160.58,160.75,2175.803
2025-11-12 14:25:00,160.75,160.76,160.35,160.43,2022.907
2025-11-12 14:30:00,160.43,160.43,159.93,160.17,5533.716
2025-11-12 14:35:00,160.17,160.29,159.62,159.68,4196.18
2025-11-12 14:40:00,159.68,159.94,159.41,159.76,6346.303
2025-11-12 14:45:00,159.76,160.21,157.13,157.9,33099.767
2025-11-12 14:50:00,157.9,159.06,157.76,158.88,19907.802
2025-11-12 14:55:00,158.88,158.92,158.1,158.56,9022.779
2025-11-12 15:00:00,158.56,159.39,158.13,159.12,7992.146
2025-11-12 15:05:00,159.12,159.19,158.68,159.12,4212.671
2025-11-12 15:10:00,159.12,159.54,158.24,158.25,4174.694
2025-11-12 15:15:00,158.25,158.61,157.44,157.44,8545.333
2025-11-12 15:20:00,157.44,158.22,157.35,157.92,4585.629
2025-11-12 15:25:00,157.92,158.0,157.14,157.45,5079.872
2025-11-12 15:30:00,157.45,158.05,157.31,157.31,4956.925
2025-11-12 15:35:00,157.31,157.42,155.91,156.23,11752.251
2025-11-12 15:40:00,156.23,156.47,156.0,156.37,6686.689
2025-11-12 15:45:00,156.37,156.59,155.63,156.15,10565.629
2025-11-12 15:50:00,156.15,156.68,155.42,155.66,15551.711
2025-11-12 15:55:00,155.66,155.84,155.21,155.71,9576.089
2025-11-12 16:00:00,155.71,156.21,155.38,155.52,6418.392
2025-11-12 16:05:00,155.52,156.08,154.99,155.26,9084.488
2025-11-12 16:10:00,155.26,155.3,152.42,153.27,50276.423
2025-11-12 16:15:00,153.27,153.86,153.06,153.69,22196.394
2025-11-12 16:20:00,153.69,153.89,152.71,152.99,7848.246
2025-11-12 16:25:00,152.99,153.16,152.16,153.04,13692.343
2025-11-12 16:30:00,153.04,154.48,152.5,154.31,11116.066
2025-11-12 16:35:00,154.31,154.58,153.9,153.91,7724.142
2025-11-12 16:40:00,153.91,154.18,153.57,153.59,4688.813
2025-11-12 16:45:00,153.59,154.0,152.76,153.05,7537.962
2025-11-12 16:50:00,153.05,153.26,152.83,152.96,3172.2
2025-11-12 16:55:00,152.96,153.45,152.6,152.82,5907.64
2025-11-12 17:00:00,152.82,153.17,152.6,153.01,7443.989
2025-11-12 17:05:00,153.01,153.21,152.87,152.97,4479.327
2025-11-12 17:10:00,152.97,153.11,152.4,152.71,6050.476
2025-11-12 17:15:00,152.71,153.0,152.39,152.77,3871.226
2025-11-12 17:20:00,152.77,153.13,152.65,152.88,3731.846
2025-11-12 17:25:00,152.88,153.59,152.88,153.53,12123.654
2025-11-12 17:30:00,153.53,153.94,153.21,153.65,3763.515
2025-11-12 17:35:00,153.65,154.82,153.5,154.73,6952.262
2025-11-12 17:40:00,154.73,154.79,153.54,153.6,6025.874
2025-11-12 17:45:00,153.6,153.73,153.16,153.37,3619.397
2025-11-12 17:50:00,153.37,153.63,153.22,153.43,2147.894
2025-11-12 17:55:00,153.43,153.59,153.16,153.36,2240.911
2025-11-12 18:00:00,153.36,153.94,153.35,153.65,6100.978
2025-11-12 18:05:00,153.65,153.9,153.28,153.29,5554.936
2025-11-12 18:10:00,153.29,153.43,153.06,153.41,2018.338
2025-11-12 18:15:00,153.41,153.64,153.28,153.6,1588.941
2025-11-12 18:20:00,153.6,154.08,153.4,154.01,4990.553
2025-11-12 18:25:00,154.01,154.18,153.52,153.52,2286.999
2025-11-12 18:30:00,153.52,153.79,153.35,153.72,1989.122
2025-11-12 18:35:00,153.72,154.18,153.64,154.18,2763.551
2025-11-12 18:40:00,154.18,154.24,153.97,153.97,2524.473
2025-11-12 18:45:00,153.97,154.03,153.11,153.11,2446.32
2025-11-12 18:50:00,153.11,153.32,152.93,153.1,5905.377
2025-11-12 18:55:00,153.1,153.34,152.84,152.84,3896.602
2025-11-12 19:00:00,152.84,152.9,152.3,152.37,12243.503
2025-11-12 19:05:00,152.37,152.37,151.47,152.17,12456.698
2025-11-12 19:10:00,152.17,152.17,151.75,151.85,4581.185
2025-11-12 19:15:00,151.85,152.38,151.76,151.76,3978.03
2025-11-12 19:20:00,151.76,152.21,151.71,152.17,3754.634
2025-11-12 19:25:00,152.17,152.31,151.65,152.0,5663.861
2025-11-12 19:30:00,152.0,152.2,151.21,151.72,8578.849
2025-11-12 19:35:00,151.72,152.35,151.59,152.34,10628.4
2025-11-12 19:40:00,152.34,153.8,152.1,153.14,9987.901
2025-11-12 19:45:00,153.14,153.27,152.86,153.02,1907.295
2025-11-12 19:50:00,153.02,153.33,152.92,153.12,1846.576
2025-11-12 19:55:00,153.12,153.55,153.0,153.06,5604.978
2025-11-12 20:00:00,153.06,153.31,152.56,153.31,3703.457
2025-11-12 20:05:00,153.31,153.31,152.82,153.14,3135.19
2025-11-12 20:10:00,153.14,153.27,152.76,152.94,3745.643
2025-11-12 20:15:00,152.94,153.53,152.83,153.49,2095.486
2025-11-12 20:20:00,153.49,153.86,153.4,153.75,2018.531
2025-11-12 20:25:00,153.75,154.27,153.75,154.07,3987.6
2025-11-12 20:30:00,154.07,154.61,154.01,154.27,2992.703
2025-11-12 20:35:00,154.27,154.36,153.65,153.72,2722.9
2025-11-12 20:40:00,153.72,153.96,153.55,153.95,2896.492
2025-11-12 20:45:00,153.95,153.97,153.55,153.61,2051.717
2025-11-12 20:50:00,153.61,153.93,153.57,153.67,3080.94
2025-11-12 20:55:00,153.67,153.84,153.59,153.73,2356.966
2025-11-12 21:00:00,153.73,153.96,153.61,153.61,1747.883
2025-11-12 21:05:00,153.61,153.83,153.43,153.55,2262.155
2025-11-12 21:10:00,153.55,154.3,153.49,154.06,4420.68
2025-11-12 21:15:00,154.06,154.06,153.77,154.01,1294.648
2025-11-12 21:20:00,154.01,154.03,153.74,153.74,1023.001
2025-11-12 21:25:00,153.74,153.74,153.32,153.48,2146.559
2025-11-12 21:30:00,153.48,153.89,153.45,153.86,1872.665
2025-11-12 21:35:00,153.86,154.09,153.76,153.97,979.404
2025-11-12 21:40:00,153.97,154.14,153.9,154.1,868.875
2025-11-12 21:45:00,154.1,154.13,153.85,154.08,1552.024
2025-11-12 21:50:00,154.08,154.09,153.9,153.92,725.771
2025-11-12 21:55:00,153.92,154.14,153.69,154.12,1534.651
2025-11-12 22:00:00,154.12,154.12,153.78,154.0,1891.354
2025-11-12 22:05:00,154.0,154.0,153.43,153.47,3004.686
2025-11-12 22:10:00,153.47,153.53,152.74,152.88,4701.464
2025-11-12 22:15:00,152.88,153.16,152.77,152.88,2083.186
2025-11-12 22:20:00,152.88,153.58,152.88,153.52,3217.905
2025-11-12 22:25:00,153.52,153.52,153.08,153.14,1272.559
2025-11-12 22:30:00,153.14,153.23,153.03,153.13,1243.621
2025-11-12 22:35:00,153.13,153.4,152.9,153.37,2227.453
2025-11-12 22:40:00,153.37,153.51,153.2,153.47,1356.606
2025-11-12 22:45:00,153.47,153.77,153.47,153.61,709.765
2025-11-12 22:50:00,153.61,153.78,153.54,153.66,843.305
2025-11-12 22:55:00,153.66,153.92,153.6,153.91,4173.671
2025-11-12 23:00:00,153.91,153.92,152.99,153.05,2776.32
2025-11-12 23:05:00,153.05,153.13,152.86,152.92,1613.027
2025-11-12 23:10:00,152.92,153.36,152.92,153.26,2164.279
2025-11-12 23:15:00,153.26,153.72,153.17,153.51,2075.74
2025-11-12 23:20:00,153.51,153.79,153.41,153.64,2080.719
2025-11-12 23:25:00,153.64,153.79,153.31,153.32,1945.155
2025-11-12 23:30:00,153.32,153.55,153.26,153.46,1714.683
2025-11-12 23:35:00,153.46,153.53,152.95,153.37,7092.04
2025-11-12 23:40:00,153.37,153.37,153.21,153.25,2056.234
2025-11-12 23:45:00,153.25,153.38,153.07,153.32,1647.506
2025-11-12 23:50:00,153.32,153.37,153.13,153.24,1513.587
2025-11-12 23:55:00,153.24,153.46,153.11,153.45,1065.415
2025-11-13 00:00:00,153.45,153.74,153.28,153.72,1269.367
2025-11-13 00:05:00,153.72,153.89,153.5,153.89,1247.136
2025-11-13 00:10:00,153.89,153.91,153.32,153.56,1318.548
2025-11-13 00:15:00,153.56,154.04,153.47,153.74,2362.318
2025-11-13 00:20:00,153.74,153.75,152.95,153.07,5371.176
2025-11-13 00:25:00,153.07,153.46,153.03,153.07,1976.39
2025-11-13 00:30:00,153.07,153.85,153.07,153.8,2331.436
2025-11-13 00:35:00,153.8,154.42,153.74,153.79,6627.03
2025-11-13 00:40:00,153.79,154.03,152.42,152.98,7627.723
2025-11-13 00:45:00,152.98,153.09,152.6,152.61,2502.174
2025-11-13 00:50:00,152.61,153.31,152.61,153.28,2767.009
2025-11-13 00:55:00,153.28,153.39,152.9,153.03,2141.441
2025-11-13 01:00:00,153.03,153.25,152.81,152.81,2607.751
2025-11-13 01:05:00,152.81,153.56,152.81,153.56,5054.752
2025-11-13 01:10:00,153.56,154.49,153.46,153.97,7156.493
2025-11-13 01:15:00,153.97,154.2,153.31,153.7,6527.848
2025-11-13 01:20:00,153.7,153.72,152.76,152.76,6677.853
2025-11-13 01:25:00,152.76,153.18,152.3,152.88,4536.554
2025-11-13 01:30:00,152.88,153.39,152.74,153.14,3122.077
2025-11-13 01:35:00,153.14,153.67,153.13,153.65,3465.781
2025-11-13 01:40:00,153.65,153.83,153.47,153.66,3232.087
2025-11-13 01:45:00,153.66,153.77,152.91,152.97,3000.03
2025-11-13 01:50:00,152.97,153.02,152.39,152.84,4359.185
2025-11-13 01:55:00,152.84,152.85,152.62,152.78,1052.767
2025-11-13 02:00:00,152.78,153.07,152.68,153.03,1619.545
2025-11-13 02:05:00,153.03,153.25,152.74,152.8,2103.881
2025-11-13 02:10:00,152.8,153.06,152.72,152.91,2189.181
2025-11-13 02:15:00,152.91,153.33,152.84,153.33,1445.918
2025-11-13 02:20:00,153.33,153.33,152.91,152.91,1288.35
2025-11-13 02:25:00,152.91,153.18,152.48,152.51,1636.366
2025-11-13 02:30:00,152.51,153.03,152.44,153.03,1929.752
2025-11-13 02:35:00,153.03,153.43,152.91,153.04,3031.698
2025-11-13 02:40:00,153.04,153.4,152.95,153.09,1739.21
2025-11-13 02:45:00,153.09,153.27,152.82,153.2,2609.919
2025-11-13 02:50:00,153.2,153.26,152.66,152.86,2020.198
2025-11-13 02:55:00,152.86,153.0,152.74,152.92,1857.236
2025-11-13 03:00:00,152.92,153.07,152.8,152.87,1611.659
2025-11-13 03:05:00,152.87,153.07,152.62,152.62,3039.944
2025-11-13 03:10:00,152.62,152.65,151.68,151.72,6533.253
2025-11-13 03:15:00,151.72,152.46,150.46,152.23,25675.017
2025-11-13 03:20:00,152.23,153.05,152.23,153.05,7315.526
2025-11-13 03:25:00,153.05,153.96,153.04,153.96,7368.277
2025-11-13 03:30:00,153.96,154.73,153.91,154.0,8502.901
2025-11-13 03:35:00,154.0,155.21,153.95,154.82,7859.761
2025-11-13 03:40:00,154.82,155.14,154.62,154.66,5444.2
2025-11-13 03:45:00,154.66,155.73,154.62,155.57,7425.341
2025-11-13 03:50:00,155.57,155.74,155.03,155.06,5533.599
2025-11-13 03:55:00,155.06,155.15,154.32,154.32,5424.799
2025-11-13 04:00:00,154.32,154.45,153.49,153.79,4978.41
2025-11-13 04:05:00,153.79,153.97,153.4,153.92,3136.095
2025-11-13 04:10:00,153.92,154.33,153.66,154.32,5924.305
2025-11-13 04:15:00,154.32,154.7,153.76,154.6,5605.28
2025-11-13 04:20:00,154.6,154.94,154.45,154.81,7234.109
2025-11-13 04:25:00,154.81,154.87,154.35,154.38,2627.721
2025-11-13 04:30:00,154.38,154.56,153.91,154.01,4071.887
2025-11-13 04:35:00,154.01,154.2,153.83,154.16,2529.682
2025-11-13 04:40:00,154.16,154.46,154.11,154.32,1702.182
2025-11-13 04:45:00,154.32,154.34,153.95,154.03,3646.695
2025-11-13 04:50:00,154.03,154.15,153.63,154.04,4145.053
2025-11-13 04:55:00,154.04,154.6,153.92,154.31,3841.834
2025-11-13 05:00:00,154.31,154.31,154.0,154.03,2046.079
2025-11-13 05:05:00,154.03,154.14,153.76,154.13,5128.438
2025-11-13 05:10:00,154.13,154.14,153.78,153.9,4571.61
2025-11-13 05:15:00,153.9,154.28,153.88,154.1,2960.504
2025-11-13 05:20:00,154.1,154.43,154.08,154.25,2757.695
2025-11-13 05:25:00,154.25,154.52,154.25,154.5,2235.79
2025-11-13 05:30:00,154.5,154.83,154.33,154.8,3765.985
2025-11-13 05:35:00,154.8,155.48,154.76,155.24,3948.729
2025-11-13 05:40:00,155.24,155.41,155.07,155.4,2087.867
2025-11-13 05:45:00,155.4,156.1,155.33,155.9,5268.028
2025-11-13 05:50:00,155.9,156.53,155.89,156.49,6438.406
2025-11-13 05:55:00,156.49,156.79,156.12,156.12,9928.839
2025-11-13 06:00:00,156.12,156.36,155.72,155.88,6889.938
2025-11-13 06:05:00,155.88,156.65,155.88,156.47,4727.173
2025-11-13 06:10:00,156.47,156.75,156.39,156.41,4511.744
2025-11-13 06:15:00,156.41,156.58,156.36,156.5,5105.163
2025-11-13 06:20:00,156.5,157.03,156.42,156.84,7754.634
2025-11-13 06:25:00,156.84,156.91,156.52,156.85,9701.868
2025-11-13 06:30:00,156.85,157.0,156.79,156.96,4592.532
2025-11-13 06:35:00,156.96,157.07,156.68,156.68,3694.134
2025-11-13 06:40:00,156.68,156.79,156.5,156.7,2479.732
2025-11-13 06:45:00,156.7,156.94,156.68,156.9,2010.176
2025-11-13 06:50:00,156.9,156.91,156.59,156.85,2683.325
2025-11-13 06:55:00,156.85,157.05,156.64,156.71,2878.848
2025-11-13 07:00:00,156.71,156.91,156.42,156.42,2492.909
2025-11-13 07:05:00,156.42,156.86,156.37,156.82,3579.674
2025-11-13 07:10:00,156.82,156.88,156.64,156.84,1308.391
2025-11-13 07:15:00,156.84,157.14,156.47,156.7,2016.161
2025-11-13 07:20:00,156.7,157.11,156.7,156.9,1892.554
2025-11-13 07:25:00,156.9,157.16,156.85,156.88,2323.605
2025-11-13 07:30:00,156.88,157.19,156.4,156.4,2910.312
2025-11-13 07:35:00,156.4,156.4,155.71,155.84,7173.591
2025-11-13 07:40:00,155.84,156.01,155.77,155.92,3050.753
2025-11-13 07:45:00,155.92,155.92,155.56,155.76,3960.814
2025-11-13 07:50:00,155.76,155.81,155.0,155.04,9261.498
2025-11-13 07:55:00,155.04,155.31,154.85,155.31,10691.398
2025-11-13 08:00:00,155.31,155.49,154.92,155.43,2979.297
2025-11-13 08:05:00,155.43,155.96,155.41,155.89,2307.6
2025-11-13 08:10:00,155.89,155.9,155.64,155.68,1287.336
2025-11-13 08:15:00,155.68,155.97,155.67,155.87,1286.527
2025-11-13 08:20:00,155.87,156.12,155.71,156.08,1141.489
2025-11-13 08:25:00,156.08,156.25,156.04,156.18,1950.811
2025-11-13 08:30:00,156.18,156.49,156.12,156.29,2502.274
2025-11-13 08:35:00,156.29,156.37,156.13,156.3,1014.574
2025-11-13 08:40:00,156.3,156.34,156.12,156.26,990.177
2025-11-13 08:45:00,156.26,156.36,155.99,156.06,1980.554
2025-11-13 08:50:00,156.06,156.14,155.8,155.8,1775.419
2025-11-13 08:55:00,155.8,156.0,155.79,155.94,3059.843
2025-11-13 09:00:00,155.94,156.06,155.52,155.76,2458.028
2025-11-13 09:05:00,155.76,155.76,154.38,154.49,7748.008
2025-11-13 09:10:00,154.49,154.68,153.87,154.51,7127.572
2025-11-13 09:15:00,154.51,154.96,154.29,154.84,3216.349
2025-11-13 09:20:00,154.84,155.38,154.76,155.33,2521.411
2025-11-13 09:25:00,155.33,155.36,154.99,154.99,1890.172
2025-11-13 09:30:00,154.99,155.44,154.97,155.17,1746.015
2025-11-13 09:35:00,155.17,155.33,154.89,155.33,1889.919
2025-11-13 09:40:00,155.33,155.47,155.04,155.32,1820.591
2025-11-13 09:45:00,155.32,155.38,155.03,155.05,1915.762
2025-11-13 09:50:00,155.05,155.1,154.6,154.7,2676.138
2025-11-13 09:55:00,154.7,155.0,154.68,154.97,1949.373
2025-11-13 10:00:00,154.97,155.32,154.92,155.15,1898.523
2025-11-13 10:05:00,155.15,155.29,155.1,155.17,1672.209
2025-11-13 10:10:00,155.17,155.3,154.89,155.16,2977.183
2025-11-13 10:15:00,155.16,155.99,155.12,155.98,2821.399
2025-11-13 10:20:00,155.98,156.17,155.77,155.82,4075.717
2025-11-13 10:25:00,155.82,155.96,155.79,155.79,2656.122
2025-11-13 10:30:00,155.79,155.79,155.22,155.4,3150.798
2025-11-13 10:35:00,155.4,155.5,154.91,155.24,5009.933
2025-11-13 10:40:00,155.24,155.44,155.02,155.3,4538.557
2025-11-13 10:45:00,155.3,155.42,155.17,155.35,1461.466
2025-11-13 10:50:00,155.35,155.49,155.15,155.19,2340.34
2025-11-13 10:55:00,155.19,155.45,155.06,155.42,1378.087
2025-11-13 11:00:00,155.42,155.69,155.41,155.69,4490.837
2025-11-13 11:05:00,155.69,155.99,155.64,155.86,3908.376
2025-11-13 11:10:00,155.86,156.15,155.81,156.14,1797.269
2025-11-13 11:15:00,156.14,156.3,155.86,156.07,3127.579
2025-11-13 11:20:00,156.07,156.28,155.69,156.28,4420.257
2025-11-13 11:25:00,156.28,156.35,156.1,156.17,3168.064
2025-11-13 11:30:00,156.17,156.29,155.83,155.9,2935.719
2025-11-13 11:35:00,155.9,156.1,155.8,156.01,2614.924
2025-11-13 11:40:00,156.01,156.5,155.99,156.41,2869.387
2025-11-13 11:45:00,156.41,156.48,156.19,156.35,2338.185
2025-11-13 11:50:00,156.35,156.47,156.12,156.14,3576.179
2025-11-13 11:55:00,156.14,156.48,156.13,156.28,2346.978
2025-11-13 12:00:00,156.28,156.63,155.99,156.26,6544.983
2025-11-13 12:05:00,156.26,156.34,155.79,156.03,6567.563
2025-11-13 12:10:00,156.03,156.21,155.8,155.86,3514.464
2025-11-13 12:15:00,155.86,156.35,155.82,156.35,3101.438
2025-11-13 12:20:00,156.35,156.48,156.24,156.35,2678.212
2025-11-13 12:25:00,156.35,156.36,156.11,156.28,1976.833
2025-11-13 12:30:00,156.28,156.61,156.27,156.55,2413.116
2025-11-13 12:35:00,156.55,156.95,156.46,156.7,3442.393
2025-11-13 12:40:00,156.7,156.7,156.34,156.62,2195.148
2025-11-13 12:45:00,156.62,156.88,156.5,156.51,2775.04
2025-11-13 12:50:00,156.51,156.52,156.18,156.34,2870.696
2025-11-13 12:55:00,156.34,156.47,156.24,156.42,1619.781
2025-11-13 13:00:00,156.42,156.53,156.31,156.31,2082.278
2025-11-13 13:05:00,156.31,156.31,155.99,156.15,2151.34
2025-11-13 13:10:00,156.15,156.22,156.01,156.14,2154.997
2025-11-13 13:15:00,156.14,156.27,155.95,156.03,2419.931
2025-11-13 13:20:00,156.03,156.03,155.62,155.66,7120.141
2025-11-13 13:25:00,155.66,155.74,154.79,155.14,8318.543
2025-11-13 13:30:00,155.14,155.25,154.55,154.79,15651.343
2025-11-13 13:35:00,154.79,154.79,153.81,154.36,7224.149
2025-11-13 13:40:00,154.36,154.81,154.11,154.16,3487.597
2025-11-13 13:45:00,154.16,154.61,153.96,154.33,2594.963
2025-11-13 13:50:00,154.33,154.45,153.93,154.29,2602.914
2025-11-13 13:55:00,154.29,154.34,153.63,153.79,5149.294
2025-11-13 14:00:00,153.79,154.06,153.44,153.65,2527.178
2025-11-13 14:05:00,153.65,154.0,153.32,153.41,3940.118
2025-11-13 14:10:00,153.41,153.61,153.05,153.22,7237.808
2025-11-13 14:15:00,153.22,153.5,153.17,153.37,4165.152
2025-11-13 14:20:00,153.37,153.96,153.26,153.91,1987.81
2025-11-13 14:25:00,153.91,153.92,153.51,153.82,2232.339
2025-11-13 14:30:00,153.82,153.92,153.38,153.51,5275.634
2025-11-13 14:35:00,153.51,153.75,152.25,153.44,15446.614
2025-11-13 14:40:00,153.44,153.95,152.66,152.82,11133.935
2025-11-13 14:45:00,152.82,153.86,152.6,153.65,8246.236
2025-11-13 14:50:00,153.65,156.7,153.54,155.56,21793.175
2025-11-13 14:55:00,155.56,156.08,155.15,155.29,12817.646
2025-11-13 15:00:00,155.29,155.33,153.71,154.18,9646.634
2025-11-13 15:05:00,154.18,155.19,154.13,155.02,7826.441
2025-11-13 15:10:00,155.02,155.68,154.51,155.59,6880.642
2025-11-13 15:15:00,155.59,155.84,154.68,154.82,4036.6
2025-11-13 15:20:00,154.82,154.82,154.14,154.38,4359.007
2025-11-13 15:25:00,154.38,154.4,153.4,153.73,4962.946
2025-11-13 15:30:00,153.73,153.78,152.9,153.17,6989.7
2025-11-13 15:35:00,153.17,153.62,152.73,153.61,5927.911
2025-11-13 15:40:00,153.61,153.61,153.08,153.15,3575.631
2025-11-13 15:45:00,153.15,153.21,152.52,152.9,5218.442
2025-11-13 15:50:00,152.9,153.18,152.56,152.8,4264.094
2025-11-13 15:55:00,152.8,153.24,152.54,153.15,4852.873
2025-11-13 16:00:00,153.15,153.2,152.85,152.89,5224.247
2025-11-13 16:05:00,152.89,153.41,152.69,153.36,6715.917
2025-11-13 16:10:00,153.36,153.36,152.53,152.98,5953.382
2025-11-13 16:15:00,152.98,153.1,152.18,152.21,8931.729
2025-11-13 16:20:00,152.21,152.57,151.82,151.93,9196.308
2025-11-13 16:25:00,151.93,152.25,151.63,152.14,7353.348
2025-11-13 16:30:00,152.14,152.24,151.72,152.23,6539.784
2025-11-13 16:35:00,152.23,152.65,151.26,151.34,10403.305
2025-11-13 16:40:00,151.34,151.46,151.05,151.45,6645.782
2025-11-13 16:45:00,151.45,151.6,151.25,151.57,3611.357
2025-11-13 16:50:00,151.57,151.83,150.94,150.97,5405.242
2025-11-13 16:55:00,150.97,151.16,150.76,151.11,7082.742
2025-11-13 17:00:00,151.11,151.2,150.8,150.91,10345.007
2025-11-13 17:05:00,150.91,151.29,150.35,150.46,6844.881
2025-11-13 17:10:00,150.46,150.71,150.1,150.4,6231.118
2025-11-13 17:15:00,150.4,151.21,149.93,150.18,9068.875
2025-11-13 17:20:00,150.18,150.49,149.92,150.34,7648.006
2025-11-13 17:25:00,150.34,150.35,149.93,150.18,6544.038
2025-11-13 17:30:00,150.18,150.5,149.93,150.14,4458.918
2025-11-13 17:35:00,150.14,150.14,148.34,148.71,21207.594
2025-11-13 17:40:00,148.71,148.82,148.03,148.27,10606.097
2025-11-13 17:45:00,148.27,148.79,148.1,148.4,6470.054
2025-11-13 17:50:00,148.4,148.47,147.59,148.0,18583.494
2025-11-13 17:55:00,148.0,148.0,146.78,147.07,17034.057
2025-11-13 18:00:00,147.07,147.78,146.88,147.01,8471.311
2025-11-13 18:05:00,147.01,147.23,146.43,146.49,8876.092
2025-11-13 18:10:00,146.49,146.71,146.18,146.65,8850.44
2025-11-13 18:15:00,146.65,147.13,146.01,146.76,13674.217
2025-11-13 18:20:00,146.76,147.22,146.24,146.85,12162.496
2025-11-13 18:25:00,146.85,146.87,146.02,146.63,14126.053
2025-11-13 18:30:00,146.63,146.69,145.21,145.25,18244.89
2025-11-13 18:35:00,145.25,145.34,144.58,145.17,18059.291
2025-11-13 18:40:00,145.17,145.68,144.92,145.66,9910.862
2025-11-13 18:45:00,145.66,146.01,145.17,145.4,6407.271
2025-11-13 18:50:00,145.4,145.44,144.59,144.9,10347.381
2025-11-13 18:55:00,144.9,146.01,144.66,145.46,7106.06
2025-11-13 19:00:00,145.46,145.99,145.09,145.99,6900.543
2025-11-13 19:05:00,145.99,146.36,145.08,145.27,10359.251
2025-11-13 19:10:00,145.27,145.5,144.74,144.77,7405.273
2025-11-13 19:15:00,144.77,144.77,143.85,144.41,13159.696
2025-11-13 19:20:00,144.41,144.73,143.2,144.65,15769.413
2025-11-13 19:25:00,144.65,145.64,144.51,145.28,10024.259
2025-11-13 19:30:00,145.28,145.43,143.98,144.19,14196.87
2025-11-13 19:35:00,144.19,144.19,143.2,143.67,9926.448
2025-11-13 19:40:00,143.67,144.2,143.42,144.2,5842.622
2025-11-13 19:45:00,144.2,144.3,143.27,143.49,8613.149
2025-11-13 19:50:00,143.49,143.89,143.19,143.19,10825.75
2025-11-13 19:55:00,143.19,143.19,142.11,142.75,11798.881
2025-11-13 20:00:00,142.75,142.75,141.86,141.86,11728.777
2025-11-13 20:05:00,141.86,142.57,141.41,142.36,11332.694
2025-11-13 20:10:00,142.36,142.67,141.88,142.13,6233.522
2025-11-13 20:15:00,142.13,142.17,141.32,141.4,9386.562
2025-11-13 20:20:00,141.4,141.89,141.08,141.8,8232.764
2025-11-13 20:25:00,141.8,142.28,141.27,142.1,6742.295
2025-11-13 20:30:00,142.1,142.6,141.69,141.78,6937.291
2025-11-13 20:35:00,141.78,142.86,141.74,142.64,9016.734
2025-11-13 20:40:00,142.64,143.27,142.62,142.68,17696.278
2025-11-13 20:45:00,142.68,142.84,142.31,142.51,10133.141
2025-11-13 20:50:00,142.51,142.75,142.08,142.09,10391.316
2025-11-13 20:55:00,142.09,142.83,142.09,142.76,7416.498
2025-11-13 21:00:00,142.76,143.34,142.54,143.14,8388.304
2025-11-13 21:05:00,143.14,143.71,143.03,143.37,7004.44
2025-11-13 21:10:00,143.37,143.4,142.53,142.7,5857.57
2025-11-13 21:15:00,142.7,142.71,141.74,142.08,6798.718
2025-11-13 21:20:00,142.08,142.26,141.5,141.58,4313.593
2025-11-13 21:25:00,141.58,141.71,141.3,141.67,9625.956
2025-11-13 21:30:00,141.67,142.13,141.5,142.06,6239.024
2025-11-13 21:35:00,142.06,142.07,141.59,141.77,4394.192
2025-11-13 21:40:00,141.77,141.9,141.4,141.83,9619.608
2025-11-13 21:45:00,141.83,142.25,141.59,142.25,5798.23
2025-11-13 21:50:00,142.25,142.44,142.02,142.41,4280.756
2025-11-13 21:55:00,142.41,142.49,142.08,142.12,4095.072
2025-11-13 22:00:00,142.12,142.12,141.78,142.03,6633.644
2025-11-13 22:05:00,142.03,142.66,141.9,142.64,4973.798
2025-11-13 22:10:00,142.64,143.53,142.6,143.31,13934.727
2025-11-13 22:15:00,143.31,143.49,142.76,143.15,5672.871
2025-11-13 22:20:00,143.15,143.85,143.05,143.83,5354.366
2025-11-13 22:25:00,143.83,144.12,143.71,143.94,6020.413
2025-11-13 22:30:00,143.94,144.09,143.65,144.02,5723.558
2025-11-13 22:35:00,144.02,144.7,144.02,144.69,4640.082
2025-11-13 22:40:00,144.69,144.87,144.34,144.38,7815.327
2025-11-13 22:45:00,144.38,144.56,144.03,144.12,3772.528
2025-11-13 22:50:00,144.12,144.71,144.1,144.69,2863.145
2025-11-13 22:55:00,144.69,144.73,144.31,144.62,2704.054
2025-11-13 23:00:00,144.62,144.62,143.94,144.18,4747.14
2025-11-13 23:05:00,144.18,144.81,144.18,144.7,3232.209
2025-11-13 23:10:00,144.7,144.81,144.21,144.75,3780.326
2025-11-13 23:15:00,144.75,145.46,144.66,145.45,16128.429
2025-11-13 23:20:00,145.45,145.58,145.21,145.53,15012.321
2025-11-13 23:25:00,145.53,145.78,145.34,145.56,6363.086
2025-11-13 23:30:00,145.56,145.81,145.39,145.74,5501.721
2025-11-13 23:35:00,145.74,146.27,145.68,146.26,10283.763
2025-11-13 23:40:00,146.26,146.26,145.75,146.06,7289.599
2025-11-13 23:45:00,146.06,146.07,145.51,145.71,11786.035
2025-11-13 23:50:00,145.71,146.0,144.81,145.08,16240.593
2025-11-13 23:55:00,145.08,145.08,144.42,144.75,7374.314
2025-11-14 00:00:00,144.75,145.27,144.18,144.93,8178.012
2025-11-14 00:05:00,144.93,145.02,144.35,144.68,4752.963
2025-11-14 00:10:00,144.68,145.03,144.51,144.92,4183.69
2025-11-14 00:15:00,144.92,144.93,143.51,144.35,9108.591
2025-11-14 00:20:00,144.35,144.49,144.05,144.24,6834.798
2025-11-14 00:25:00,144.24,144.79,144.21,144.24,5752.533
2025-11-14 00:30:00,144.24,144.77,143.81,144.67,7663.889
2025-11-14 00:35:00,144.67,144.8,143.7,143.75,5398.386
2025-11-14 00:40:00,143.75,144.14,143.74,144.1,4225.346
2025-11-14 00:45:00,144.1,144.28,143.43,143.52,10419.185
2025-11-14 00:50:00,143.52,143.87,143.07,143.33,4523.905
2025-11-14 00:55:00,143.33,143.58,142.94,143.32,5647.911
2025-11-14 01:00:00,143.32,143.68,142.81,143.09,5370.32
2025-11-14 01:05:00,143.09,143.46,142.9,143.14,3290.402
2025-11-14 01:10:00,143.14,143.61,142.98,143.48,2811.38
2025-11-14 01:15:00,143.48,144.03,143.08,143.97,3328.146
2025-11-14 01:20:00,143.97,144.14,143.36,143.93,7199.295
2025-11-14 01:25:00,143.93,144.32,143.27,143.66,3110.14
2025-11-14 01:30:00,143.66,144.37,143.66,144.29,2194.124
2025-11-14 01:35:00,144.29,144.58,144.05,144.09,3383.893
2025-11-14 01:40:00,144.09,144.1,143.48,144.06,10073.674
2025-11-14 01:45:00,144.06,144.27,143.66,143.97,4037.084
2025-11-14 01:50:00,143.97,144.35,143.83,143.83,5843.905
2025-11-14 01:55:00,143.83,144.07,143.59,143.69,4553.305
2025-11-14 02:00:00,143.69,144.52,143.67,144.47,5401.972
2025-11-14 02:05:00,144.47,144.91,144.37,144.6,4440.903
2025-11-14 02:10:00,144.6,144.89,144.34,144.73,3524.636
2025-11-14 02:15:00,144.73,145.58,144.73,145.26,4053.431
2025-11-14 02:20:00,145.26,145.39,145.08,145.22,2070.099
2025-11-14 02:25:00,145.22,145.48,145.13,145.38,1934.108
2025-11-14 02:30:00,145.38,145.68,145.19,145.25,2383.854
2025-11-14 02:35:00,145.25,145.46,145.09,145.37,2726.145
2025-11-14 02:40:00,145.37,145.56,145.18,145.44,1307.18
2025-11-14 02:45:00,145.44,145.57,144.61,144.75,2364.259
2025-11-14 02:50:00,144.75,145.08,144.75,144.97,1459.51
2025-11-14 02:55:00,144.97,145.37,144.83,145.33,1489.938
2025-11-14 03:00:00,145.33,145.59,144.89,145.12,3041.71
2025-11-14 03:05:00,145.12,145.39,144.88,145.29,1977.483
2025-11-14 03:10:00,145.29,145.36,144.92,144.97,1555.114
2025-11-14 03:15:00,144.97,144.98,144.25,144.38,2786.237
2025-11-14 03:20:00,144.38,144.7,144.23,144.69,3695.61
2025-11-14 03:25:00,144.69,144.82,144.51,144.68,1865.487
2025-11-14 03:30:00,144.68,144.88,144.38,144.65,3889.149
2025-11-14 03:35:00,144.65,144.65,144.17,144.4,3563.602
2025-11-14 03:40:00,144.4,144.4,143.9,144.07,4423.126
2025-11-14 03:45:00,144.07,144.17,143.65,143.91,3665.324
2025-11-14 03:50:00,143.91,144.07,143.8,144.02,4236.854
2025-11-14 03:55:00,144.02,144.4,144.02,144.21,1669.757
2025-11-14 04:00:00,144.21,144.38,143.67,143.67,3835.153
2025-11-14 04:05:00,143.67,143.67,143.16,143.47,7359.693
2025-11-14 04:10:00,143.47,143.65,143.2,143.32,8552.923
2025-11-14 04:15:00,143.32,143.82,143.2,143.74,3650.914
2025-11-14 04:20:00,143.74,143.74,143.33,143.42,2107.891
2025-11-14 04:25:00,143.42,143.72,143.31,143.61,1600.571
2025-11-14 04:30:00,143.61,143.63,142.04,142.14,9153.178
2025-11-14 04:35:00,142.14,142.85,138.75,139.19,40585.441
2025-11-14 04:40:00,139.19,141.33,139.14,141.15,27715.019
2025-11-14 04:45:00,141.15,142.27,140.74,140.8,19727.608
2025-11-14 04:50:00,140.8,141.97,140.8,141.7,8258.303
2025-11-14 04:55:00,141.7,142.13,141.54,141.9,5787.673
2025-11-14 05:00:00,141.9,143.04,141.83,142.82,8106.157
2025-11-14 05:05:00,142.82,142.86,142.07,142.07,7359.512
2025-11-14 05:10:00,142.07,142.16,141.44,141.5,7054.202
2025-11-14 05:15:00,141.5,142.66,141.48,142.5,7667.645
2025-11-14 05:20:00,142.5,142.8,142.27,142.53,4224.066
2025-11-14 05:25:00,142.53,142.85,142.19,142.19,3643.76
2025-11-14 05:30:00,142.19,142.7,141.68,141.9,6431.075
2025-11-14 05:35:00,141.9,142.83,141.47,142.11,8105.282
2025-11-14 05:40:00,142.11,142.86,142.09,142.68,3781.33
2025-11-14 05:45:00,142.68,143.56,142.45,143.34,5795.109
2025-11-14 05:50:00,143.34,143.66,143.02,143.19,3240.13
2025-11-14 05:55:00,143.19,143.26,142.79,143.2,2180.85
2025-11-14 06:00:00,143.2,143.28,142.5,142.57,2606.552
2025-11-14 06:05:00,142.57,142.73,142.32,142.52,2832.156
2025-11-14 06:10:00,142.52,142.92,142.28,142.55,4225.532
2025-11-14 06:15:00,142.55,142.57,142.1,142.39,2191.331
2025-11-14 06:20:00,142.39,142.39,141.71,141.76,8147.116
2025-11-14 06:25:00,141.76,141.88,141.34,141.75,5271.855
2025-11-14 06:30:00,141.75,141.97,141.07,141.19,7923.458
2025-11-14 06:35:00,141.19,141.54,140.75,140.76,10011.181
2025-11-14 06:40:00,140.76,141.09,140.68,140.99,4999.102
2025-11-14 06:45:00,140.99,141.69,139.98,141.65,14539.791
2025-11-14 06:50:00,141.65,142.13,140.99,141.98,10804.2
2025-11-14 06:55:00,141.98,144.1,141.9,143.95,15189.204
2025-11-14 07:00:00,143.95,144.45,143.26,143.26,12014.238
2025-11-14 07:05:00,143.26,143.54,142.44,142.79,8119.902
2025-11-14 07:10:00,142.79,144.02,142.47,143.6,9411.231
2025-11-14 07:15:00,143.6,143.99,143.35,143.51,5042.391
2025-11-14 07:20:00,143.51,144.08,143.5,143.54,5570.995
2025-11-14 07:25:00,143.54,144.06,143.54,144.06,7226.804
2025-11-14 07:30:00,144.06,144.16,143.12,143.25,4075.918
2025-11-14 07:35:00,143.25,143.3,142.48,142.8,6751.191
2025-11-14 07:40:00,142.8,142.81,142.39,142.76,3532.488
2025-11-14 07:45:00,142.76,143.9,142.72,143.46,6738.588
2025-11-14 07:50:00,143.46,143.8,142.89,142.95,4104.026
2025-11-14 07:55:00,142.95,143.14,142.65,142.86,3817.327
2025-11-14 08:00:00,142.86,142.96,142.4,142.55,6595.807
2025-11-14 08:05:00,142.55,142.6,141.99,142.05,5114.055
2025-11-14 08:10:00,142.05,142.25,141.88,141.9,3121.31
2025-11-14 08:15:00,141.9,142.85,141.78,142.68,3907.536
2025-11-14 08:20:00,142.68,142.71,142.01,142.06,3071.347
2025-11-14 08:25:00,142.06,142.21,141.44,141.88,3241.344
2025-11-14 08:30:00,141.88,142.18,141.62,142.01,4177.929
2025-11-14 08:35:00,142.01,142.52,142.01,142.4,2171.706
2025-11-14 08:40:00,142.4,142.4,141.71,142.17,4802.348
2025-11-14 08:45:00,142.17,142.19,141.44,141.61,2509.551
2025-11-14 08:50:00,141.61,142.33,141.61,142.25,4814.682
2025-11-14 08:55:00,142.25,142.61,142.24,142.49,3740.993
2025-11-14 09:00:00,142.49,143.0,142.27,142.82,10888.076
2025-11-14 09:05:00,142.82,143.15,142.62,142.95,2054.755
2025-11-14 09:10:00,142.95,143.19,142.58,142.76,2210.078
2025-11-14 09:15:00,142.76,142.76,141.68,141.75,4456.562
2025-11-14 09:20:00,141.75,142.53,141.73,142.42,2812.026
2025-11-14 09:25:00,142.42,142.43,141.81,141.94,1954.242
2025-11-14 09:30:00,141.94,142.1,140.78,141.07,9777.914
2025-11-14 09:35:00,141.07,141.39,140.83,141.16,4911.289
2025-11-14 09:40:00,141.16,141.63,141.13,141.55,2119.579
2025-11-14 09:45:00,141.55,141.57,140.79,141.02,3461.484
2025-11-14 09:50:00,141.02,141.24,140.5,140.56,7997.488
2025-11-14 09:55:00,140.56,141.01,140.56,140.92,3194.552
2025-11-14 10:00:00,140.92,141.32,140.84,140.96,4475.475
2025-11-14 10:05:00,140.96,141.58,140.96,141.56,4138.595
2025-11-14 10:10:00,141.56,141.63,141.28,141.33,2913.771
2025-11-14 10:15:00,141.33,141.55,141.18,141.55,3082.027
2025-11-14 10:20:00,141.55,142.02,141.48,141.63,4303.987
2025-11-14 10:25:00,141.63,141.79,141.54,141.62,1814.706
2025-11-14 10:30:00,141.62,142.22,141.4,142.22,3828.306
2025-11-14 10:35:00,142.22,142.91,141.99,142.58,7135.643
2025-11-14 10:40:00,142.58,142.62,142.27,142.42,1715.065
2025-11-14 10:45:00,142.42,142.57,142.22,142.23,3773.352
2025-11-14 10:50:00,142.23,142.42,142.13,142.13,2041.191
2025-11-14 10:55:00,142.13,142.13,141.77,141.95,4415.371
2025-11-14 11:00:00,141.95,142.03,141.68,141.98,3501.658
2025-11-14 11:05:00,141.98,142.19,140.92,141.11,8381.119
2025-11-14 11:10:00,141.11,141.2,140.78,140.97,3976.173
2025-11-14 11:15:00,140.97,141.23,140.76,140.76,4039.8
2025-11-14 11:20:00,140.76,141.73,140.76,141.51,6618.725
2025-11-14 11:25:00,141.51,141.67,140.72,141.05,5204.819
2025-11-14 11:30:00,141.05,141.21,140.69,141.02,4691.221
2025-11-14 11:35:00,141.02,141.03,140.2,140.44,5471.341
2025-11-14 11:40:00,140.44,140.83,139.84,140.77,17799.541
2025-11-14 11:45:00,140.77,140.91,140.11,140.65,7361.812
2025-11-14 11:50:00,140.65,140.71,139.83,140.14,8785.847
2025-11-14 11:55:00,140.14,140.82,140.04,140.74,7488.467
2025-11-14 12:00:00,140.74,140.74,139.85,139.91,8807.987
2025-11-14 12:05:00,139.91,140.02,139.47,139.62,8189.699
2025-11-14 12:10:00,139.62,139.98,138.88,138.98,11545.478
2025-11-14 12:15:00,138.98,139.14,138.21,138.4,14330.021
2025-11-14 12:20:00,138.4,138.5,138.1,138.19,10208.334
2025-11-14 12:25:00,138.19,138.96,138.18,138.6,7501.783
2025-11-14 12:30:00,138.6,139.0,136.92,136.92,17139.817
2025-11-14 12:35:00,136.92,137.34,136.04,136.23,27358.146
2025-11-14 12:40:00,136.23,136.61,135.74,136.36,26005.077
2025-11-14 12:45:00,136.36,138.37,136.23,138.13,24592.119
2025-11-14 12:50:00,138.13,138.71,137.6,138.16,16623.958
2025-11-14 12:55:00,138.16,139.1,138.09,138.72,14019.791
2025-11-14 13:00:00,138.72,139.76,138.47,139.07,16847.528
2025-11-14 13:05:00,139.07,139.12,138.57,138.71,9995.981
2025-11-14 13:10:00,138.71,138.91,137.93,138.11,16448.986
2025-11-14 13:15:00,138.11,138.43,137.58,137.58,7814.9
2025-11-14 13:20:00,137.58,137.85,136.73,137.09,17960.453
2025-11-14 13:25:00,137.09,137.29,136.74,137.23,14027.366
2025-11-14 13:30:00,137.23,137.78,136.09,136.37,17186.923
2025-11-14 13:35:00,136.37,137.15,135.96,136.64,16121.411
2025-11-14 13:40:00,136.64,137.27,136.49,136.72,12195.212
2025-11-14 13:45:00,136.72,137.32,136.62,137.2,9723.395
2025-11-14 13:50:00,137.2,139.05,137.04,138.53,16054.988
2025-11-14 13:55:00,138.53,139.29,138.53,138.97,16558.049
2025-11-14 14:00:00,138.97,139.58,138.59,139.46,12287.191
2025-11-14 14:05:00,139.46,139.87,139.09,139.45,13025.287
2025-11-14 14:10:00,139.45,139.46,138.44,138.65,9183.268
2025-11-14 14:15:00,138.65,139.19,138.63,138.94,9146.195
2025-11-14 14:20:00,138.94,139.68,138.75,139.57,5962.329
2025-11-14 14:25:00,139.57,139.57,138.73,138.73,5268.521
2025-11-14 14:30:00,138.73,139.37,137.56,139.19,21145.662
2025-11-14 14:35:00,139.19,141.56,139.03,141.29,46073.597
2025-11-14 14:40:00,141.29,142.59,140.46,142.07,22965.473
2025-11-14 14:45:00,142.07,142.83,141.85,142.14,24006.944
2025-11-14 14:50:00,142.14,142.77,141.61,142.18,13350.426
2025-11-14 14:55:00,142.18,142.27,141.69,142.21,9440.799
2025-11-14 15:00:00,142.21,142.21,141.0,141.14,11602.13
2025-11-14 15:05:00,141.14,141.93,140.96,141.72,6732.643
2025-11-14 15:10:00,141.72,141.92,140.54,140.79,9753.445
2025-11-14 15:15:00,140.79,141.47,140.66,140.75,4750.601
2025-11-14 15:20:00,140.75,141.38,140.54,140.87,6413.044
2025-11-14 15:25:00,140.87,142.11,140.21,141.67,9343.747
2025-11-14 15:30:00,141.67,142.11,141.16,141.26,7842.907
2025-11-14 15:35:00,141.26,142.03,141.1,141.82,8113.776
2025-11-14 15:40:00,141.82,142.33,141.61,142.32,8177.752
2025-11-14 15:45:00,142.32,143.75,142.1,143.11,14625.699
2025-11-14 15:50:00,143.11,143.46,142.48,142.64,11069.222
2025-11-14 15:55:00,142.64,142.72,142.03,142.22,7233.109
2025-11-14 16:00:00,142.22,142.28,141.73,141.82,5271.06
2025-11-14 16:05:00,141.82,142.41,141.57,142.41,5300.128
2025-11-14 16:10:00,142.41,142.65,142.19,142.35,3439.545
2025-11-14 16:15:00,142.35,142.66,142.05,142.23,3415.376
2025-11-14 16:20:00,142.23,143.14,142.1,143.08,7106.101
2025-11-14 16:25:00,143.08,144.2,142.87,143.48,16268.466
2025-11-14 16:30:00,143.48,143.88,143.08,143.62,5604.382
2025-11-14 16:35:00,143.62,144.21,143.28,143.79,9718.625
2025-11-14 16:40:00,143.79,144.09,143.08,143.23,6866.388
2025-11-14 16:45:00,143.23,143.72,142.83,143.71,5828.459
2025-11-14 16:50:00,143.71,144.07,143.49,143.51,15701.9
2025-11-14 16:55:00,143.51,143.78,143.4,143.43,5227.31
2025-11-14 17:00:00,143.43,143.9,143.2,143.8,7287.234
2025-11-14 17:05:00,143.8,143.8,143.46,143.62,2761.184
2025-11-14 17:10:00,143.62,143.81,143.38,143.42,2080.434
2025-11-14 17:15:00,143.42,143.51,143.04,143.11,2475.612
2025-11-14 17:20:00,143.11,143.19,142.74,142.75,3959.169
2025-11-14 17:25:00,142.75,142.83,142.29,142.54,4676.693
2025-11-14 17:30:00,142.54,142.54,142.24,142.33,2314.748
2025-11-14 17:35:00,142.33,142.5,142.02,142.4,2660.968
2025-11-14 17:40:00,142.4,142.4,141.87,141.9,4028.296
2025-11-14 17:45:00,141.9,142.04,141.08,141.22,8275.131
2025-11-14 17:50:00,141.22,141.4,140.61,141.31,8642.085
2025-11-14 17:55:00,141.31,141.64,141.18,141.44,3862.005
2025-11-14 18:00:00,141.44,141.48,141.04,141.43,2842.595
2025-11-14 18:05:00,141.43,141.93,141.3,141.93,2130.123
2025-11-14 18:10:00,141.93,142.91,141.77,142.7,4792.007
2025-11-14 18:15:00,142.7,142.85,142.04,142.18,5244.921
2025-11-14 18:20:00,142.18,142.3,141.69,141.81,2757.757
2025-11-14 18:25:00,141.81,142.31,141.6,142.24,2136.308
2025-11-14 18:30:00,142.24,142.43,141.9,141.95,1759.525
2025-11-14 18:35:00,141.95,142.08,141.17,141.28,3212.98
2025-11-14 18:40:00,141.28,141.28,140.83,140.94,4986.067
2025-11-14 18:45:00,140.94,141.15,140.7,140.91,2433.464
2025-11-14 18:50:00,140.91,141.35,140.91,141.17,3701.154
2025-11-14 18:55:00,141.17,141.37,140.94,141.3,4118.692
2025-11-14 19:00:00,141.3,141.56,141.05,141.11,3494.281
2025-11-14 19:05:00,141.11,142.11,140.96,142.1,6191.935
2025-11-14 19:10:00,142.1,142.93,142.01,142.65,5591.859
2025-11-14 19:15:00,142.65,142.87,142.47,142.6,3328.577
2025-11-14 19:20:00,142.6,143.58,142.57,143.36,4197.686
2025-11-14 19:25:00,143.36,143.38,142.69,142.75,2085.52
2025-11-14 19:30:00,142.75,142.75,142.34,142.59,2510.935
2025-11-14 19:35:00,142.59,142.6,142.25,142.47,941.606
2025-11-14 19:40:00,142.47,142.57,142.32,142.45,1338.983
2025-11-14 19:45:00,142.45,142.98,142.28,142.72,1593.971
2025-11-14 19:50:00,142.72,143.11,142.66,142.91,1340.503
2025-11-14 19:55:00,142.91,143.16,142.73,143.13,989.639
2025-11-14 20:00:00,143.13,143.18,142.89,143.15,1482.548
2025-11-14 20:05:00,143.15,143.22,142.55,142.72,1746.555
2025-11-14 20:10:00,142.72,142.98,142.54,142.68,2042.28
2025-11-14 20:15:00,142.68,142.9,142.34,142.61,1939.217
2025-11-14 20:20:00,142.61,142.69,141.97,142.25,4255.587
2025-11-14 20:25:00,142.25,142.28,141.77,141.84,2711.919
2025-11-14 20:30:00,141.84,142.16,141.75,142.01,2270.569
2025-11-14 20:35:00,142.01,142.05,141.0,141.11,3437.967
2025-11-14 20:40:00,141.11,141.14,139.57,139.86,11716.989
2025-11-14 20:45:00,139.86,140.04,139.28,139.71,4709.553
2025-11-14 20:50:00,139.71,140.15,139.64,139.94,4743.958
2025-11-14 20:55:00,139.94,140.05,139.49,139.62,4529.635
2025-11-14 21:00:00,139.62,140.26,139.1,140.14,6433.169
2025-11-14 21:05:00,140.14,141.2,140.12,140.68,4017.602
2025-11-14 21:10:00,140.68,140.83,140.42,140.82,2404.155
2025-11-14 21:15:00,140.82,140.88,140.44,140.72,1986.681
2025-11-14 21:20:00,140.72,141.2,140.51,140.62,3268.067
2025-11-14 21:25:00,140.62,140.99,140.26,140.42,3337.702
2025-11-14 21:30:00,140.42,140.57,140.34,140.4,1701.397
2025-11-14 21:35:00,140.4,140.57,140.23,140.43,1981.816
2025-11-14 21:40:00,140.43,140.78,140.2,140.74,2383.952
2025-11-14 21:45:00,140.74,140.86,140.44,140.61,3247.455
2025-11-14 21:50:00,140.61,140.78,140.44,140.45,1062.49
2025-11-14 21:55:00,140.45,140.78,140.33,140.66,2425.928
2025-11-14 22:00:00,140.66,141.12,140.65,141.1,1917.559
2025-11-14 22:05:00,141.1,141.28,140.8,140.81,2043.707
2025-11-14 22:10:00,140.81,140.97,139.92,139.92,3680.657
2025-11-14 22:15:00,139.92,140.06,139.64,140.05,3601.543
2025-11-14 22:20:00,140.05,140.23,139.81,139.82,1876.332
2025-11-14 22:25:00,139.82,140.86,139.8,140.8,2145.021
2025-11-14 22:30:00,140.8,141.8,140.69,141.26,2594.618
2025-11-14 22:35:00,141.26,141.3,141.0,141.29,1501.521
2025-11-14 22:40:00,141.29,141.38,140.88,141.24,1360.632
2025-11-14 22:45:00,141.24,141.49,140.7,140.71,1160.954
2025-11-14 22:50:00,140.71,140.93,140.08,140.19,1674.168
2025-11-14 22:55:00,140.19,140.39,139.88,140.31,1895.322
2025-11-14 23:00:00,140.31,140.32,138.0,138.53,7347.647
2025-11-14 23:05:00,138.53,138.55,137.22,137.94,12435.715
2025-11-14 23:10:00,137.94,139.04,137.87,138.93,3363.497
2025-11-14 23:15:00,138.93,139.36,138.58,139.36,3527.015
2025-11-14 23:20:00,139.36,139.49,138.18,138.44,3218.565
2025-11-14 23:25:00,138.44,138.9,138.35,138.63,3030.143
2025-11-14 23:30:00,138.63,138.77,138.11,138.77,3731.842
2025-11-14 23:35:00,138.77,139.19,138.43,139.06,3635.597
2025-11-14 23:40:00,139.06,139.2,138.92,139.14,3721.768
2025-11-14 23:45:00,139.14,139.58,139.13,139.34,2066.943
2025-11-14 23:50:00,139.34,139.52,138.83,138.91,2379.894
2025-11-14 23:55:00,138.91,138.94,138.52,138.92,2199.956
2025-11-15 00:00:00,138.92,139.77,138.76,139.71,4214.482
2025-11-15 00:05:00,139.71,140.6,139.48,140.3,4097.366
2025-11-15 00:10:00,140.3,140.74,140.3,140.62,3080.845
2025-11-15 00:15:00,140.62,140.85,140.37,140.62,2258.421
2025-11-15 00:20:00,140.62,141.3,140.6,141.28,4181.711
2025-11-15 00:25:00,141.28,141.3,140.71,140.95,3698.082
2025-11-15 00:30:00,140.95,140.95,140.45,140.68,1458.526
2025-11-15 00:35:00,140.68,140.68,140.1,140.32,2159.387
2025-11-15 00:40:00,140.32,140.58,140.27,140.48,1937.95
2025-11-15 00:45:00,140.48,140.51,140.0,140.29,1627.843
2025-11-15 00:50:00,140.29,140.49,139.97,140.49,1850.889
2025-11-15 00:55:00,140.49,141.15,140.44,141.1,1685.096
2025-11-15 01:00:00,141.1,141.17,140.64,140.72,1480.433
2025-11-15 01:05:00,140.72,140.79,140.28,140.79,2520.398
2025-11-15 01:10:00,140.79,141.12,140.56,140.96,1966.395
2025-11-15 01:15:00,140.96,141.5,140.86,141.36,4445.79
2025-11-15 01:20:00,141.36,141.42,140.89,140.9,1875.539
2025-11-15 01:25:00,140.9,141.19,140.71,141.17,1944.826
2025-11-15 01:30:00,141.17,141.38,141.07,141.22,4648.748
2025-11-15 01:35:00,141.22,141.45,141.03,141.36,1975.044
2025-11-15 01:40:00,141.36,141.51,141.29,141.42,1956.537
2025-11-15 01:45:00,141.42,141.96,141.23,141.74,6980.057
2025-11-15 01:50:00,141.74,142.17,141.74,141.97,4276.537
2025-11-15 01:55:00,141.97,142.32,141.83,142.03,3489.813
2025-11-15 02:00:00,142.03,142.03,141.65,141.98,2766.916
2025-11-15 02:05:00,141.98,142.37,141.91,142.28,2591.403
2025-11-15 02:10:00,142.28,142.41,142.15,142.16,1923.625
2025-11-15 02:15:00,142.16,142.58,141.98,142.18,5244.482
2025-11-15 02:20:00,142.18,142.42,142.05,142.28,2724.24
2025-11-15 02:25:00,142.28,142.57,142.26,142.47,3860.663
2025-11-15 02:30:00,142.47,142.47,142.02,142.24,4282.731
2025-11-15 02:35:00,142.24,142.41,142.11,142.3,3473.694
2025-11-15 02:40:00,142.3,142.79,142.3,142.78,7718.607
2025-11-15 02:45:00,142.78,142.84,142.4,142.49,2852.523
2025-11-15 02:50:00,142.49,143.16,142.41,143.01,11501.891
2025-11-15 02:55:00,143.01,143.1,142.79,143.09,4299.265
2025-11-15 03:00:00,143.09,143.26,142.71,142.86,3619.895
2025-11-15 03:05:00,142.86,142.92,142.71,142.83,949.346
2025-11-15 03:10:00,142.83,143.2,142.81,143.14,1631.053
2025-11-15 03:15:00,143.14,143.35,142.98,143.13,4734.539
2025-11-15 03:20:00,143.13,143.32,143.04,143.08,3039.074
2025-11-15 03:25:00,143.08,143.34,143.01,143.03,2702.665
2025-11-15 03:30:00,143.03,143.04,142.59,142.68,3834.659
2025-11-15 03:35:00,142.68,142.73,142.48,142.5,1964.33
2025-11-15 03:40:00,142.5,142.98,142.43,142.94,3113.337
2025-11-15 03:45:00,142.94,142.97,142.58,142.78,1773.797
2025-11-15 03:50:00,142.78,142.8,142.52,142.59,1131.844
2025-11-15 03:55:00,142.59,142.8,142.46,142.53,3550.072
2025-11-15 04:00:00,142.53,142.72,142.48,142.49,1764.936
2025-11-15 04:05:00,142.49,142.59,142.24,142.37,1433.83
2025-11-15 04:10:00,142.37,142.77,142.31,142.65,1930.195
2025-11-15 04:15:00,142.65,143.1,142.63,143.0,3045.478
2025-11-15 04:20:00,143.0,143.01,142.42,142.5,2917.03
2025-11-15 04:25:00,142.5,142.55,142.2,142.23,3088.869
2025-11-15 04:30:00,142.23,142.27,141.95,142.05,3964.33
2025-11-15 04:35:00,142.05,142.14,141.99,142.02,1049.834
2025-11-15 04:40:00,142.02,142.04,141.87,141.88,1091.608
2025-11-15 04:45:00,141.88,142.17,141.83,142.12,1988.522
2025-11-15 04:50:00,142.12,142.43,142.08,142.43,1119.137
2025-11-15 04:55:00,142.43,142.56,142.28,142.38,977.758
2025-11-15 05:00:00,142.38,142.49,142.31,142.49,784.668
2025-11-15 05:05:00,142.49,142.8,142.48,142.66,1754.503
2025-11-15 05:10:00,142.66,142.69,142.35,142.45,1611.957
2025-11-15 05:15:00,142.45,142.95,142.44,142.83,1477.574
2025-11-15 05:20:00,142.83,142.97,142.75,142.76,1719.603
2025-11-15 05:25:00,142.76,142.89,142.68,142.72,1767.968
2025-11-15 05:30:00,142.72,142.89,142.66,142.78,3040.013
2025-11-15 05:35:00,142.78,142.78,142.59,142.7,2249.802
2025-11-15 05:40:00,142.7,142.8,142.57,142.79,2225.976
2025-11-15 05:45:00,142.79,143.1,142.66,142.98,3983.106
2025-11-15 05:50:00,142.98,143.17,142.92,142.98,2594.362
2025-11-15 05:55:00,142.98,143.04,142.8,142.84,2061.273
2025-11-15 06:00:00,142.84,142.84,142.62,142.62,1291.989
2025-11-15 06:05:00,142.62,142.86,142.41,142.82,3747.159
2025-11-15 06:10:00,142.82,142.99,142.82,142.86,1731.681
2025-11-15 06:15:00,142.86,143.2,142.8,143.1,2699.62
2025-11-15 06:20:00,143.1,143.43,143.09,143.43,1792.216
2025-11-15 06:25:00,143.43,143.43,143.18,143.23,1651.271
2025-11-15 06:30:00,143.23,143.26,143.12,143.21,910.729
2025-11-15 06:35:00,143.21,143.58,143.15,143.46,2039.704
2025-11-15 06:40:00,143.46,143.5,142.66,142.71,3127.533
2025-11-15 06:45:00,142.71,142.71,142.34,142.52,3031.855
2025-11-15 06:50:00,142.52,143.04,142.39,143.0,2376.782
2025-11-15 06:55:00,143.0,143.0,142.6,142.69,4522.448
2025-11-15 07:00:00,142.69,142.69,142.32,142.34,2706.236
2025-11-15 07:05:00,142.34,142.85,142.33,142.84,1521.205
2025-11-15 07:10:00,142.84,143.02,142.8,142.89,988.523
2025-11-15 07:15:00,142.89,142.98,142.69,142.93,1697.598
2025-11-15 07:20:00,142.93,143.26,142.65,143.22,1780.869
2025-11-15 07:25:00,143.22,143.36,143.12,143.22,2367.795
2025-11-15 07:30:00,143.22,143.25,142.99,143.04,934.33
2025-11-15 07:35:00,143.04,143.05,142.8,142.87,1960.011
2025-11-15 07:40:00,142.87,142.95,142.46,142.56,1714.68
2025-11-15 07:45:00,142.56,142.56,142.33,142.36,1377.886
2025-11-15 07:50:00,142.36,142.77,142.36,142.7,1016.406
2025-11-15 07:55:00,142.7,142.76,142.62,142.74,961.013
2025-11-15 08:00:00,142.74,142.84,142.11,142.33,2617.338
2025-11-15 08:05:00,142.33,142.46,142.12,142.21,1241.419
2025-11-15 08:10:00,142.21,142.4,142.11,142.19,1915.952
2025-11-15 08:15:00,142.19,142.21,141.87,142.03,2519.61
2025-11-15 08:20:00,142.03,142.1,141.61,141.63,3138.184
2025-11-15 08:25:00,141.63,141.66,141.35,141.58,3076.805
2025-11-15 08:30:00,141.58,141.63,141.32,141.36,1260.611
2025-11-15 08:35:00,141.36,142.06,141.36,141.74,1746.159
2025-11-15 08:40:00,141.74,141.91,141.14,141.24,1910.111
2025-11-15 08:45:00,141.24,141.3,140.76,140.91,3562.95
2025-11-15 08:50:00,140.91,141.1,140.49,140.77,2224.234
2025-11-15 08:55:00,140.77,140.88,140.63,140.79,2159.577
2025-11-15 09:00:00,140.79,140.87,140.5,140.76,10315.66
2025-11-15 09:05:00,140.76,141.02,140.66,140.91,2415.301
2025-11-15 09:10:00,140.91,141.33,140.88,141.31,2877.644
2025-11-15 09:15:00,141.31,141.45,140.93,140.97,3098.558
2025-11-15 09:20:00,140.97,141.48,140.87,141.45,3732.431
2025-11-15 09:25:00,141.45,141.58,141.3,141.41,1515.826
2025-11-15 09:30:00,141.41,141.49,141.25,141.35,1611.524
2025-11-15 09:35:00,141.35,141.55,141.25,141.49,1939.895
2025-11-15 09:40:00,141.49,141.67,141.41,141.54,2632.423
2025-11-15 09:45:00,141.54,141.54,140.87,140.94,2055.602
2025-11-15 09:50:00,140.94,141.06,140.68,141.0,2070.59
2025-11-15 09:55:00,141.0,141.06,140.81,140.96,879.609
2025-11-15 10:00:00,140.96,141.1,140.83,141.1,2479.74
2025-11-15 10:05:00,141.1,141.38,140.89,141.01,1641.712
2025-11-15 10:10:00,141.01,141.01,140.75,140.96,3122.173
2025-11-15 10:15:00,140.96,141.11,140.74,140.92,3086.403
2025-11-15 10:20:00,140.92,141.38,140.84,141.05,3300.35
2025-11-15 10:25:00,141.05,141.11,140.62,141.11,5171.809
2025-11-15 10:30:00,141.11,141.26,140.91,141.05,2105.298
2025-11-15 10:35:00,141.05,141.09,140.71,140.81,1996.475
2025-11-15 10:40:00,140.81,141.36,140.8,141.36,1465.893
2025-11-15 10:45:00,141.36,141.4,141.21,141.25,1035.287
2025-11-15 10:50:00,141.25,141.41,141.18,141.32,994.86
2025-11-15 10:55:00,141.32,141.41,141.21,141.23,944.935
2025-11-15 11:00:00,141.23,141.39,141.1,141.24,1441.829
2025-11-15 11:05:00,141.24,141.24,140.8,140.96,1188.379
2025-11-15 11:10:00,140.96,141.28,140.94,141.02,1744.518
2025-11-15 11:15:00,141.02,141.09,140.64,140.8,2142.274
2025-11-15 11:20:00,140.8,140.9,140.74,140.77,923.662
2025-11-15 11:25:00,140.77,141.01,140.7,140.92,1129.873
2025-11-15 11:30:00,140.92,140.95,140.42,140.56,6678.989
2025-11-15 11:35:00,140.56,140.78,140.46,140.54,1287.672
2025-11-15 11:40:00,140.54,140.75,140.44,140.48,1489.888
2025-11-15 11:45:00,140.48,140.48,140.0,140.16,2112.391
2025-11-15 11:50:00,140.16,140.19,139.96,140.02,2689.081
2025-11-15 11:55:00,140.02,140.25,139.97,140.18,889.512
2025-11-15 12:00:00,140.18,140.27,140.03,140.18,1143.556
2025-11-15 12:05:00,140.18,140.25,139.98,140.0,1664.415
2025-11-15 12:10:00,140.0,140.52,139.99,140.52,2654.359
2025-11-15 12:15:00,140.52,140.65,140.33,140.52,1524.448
2025-11-15 12:20:00,140.52,140.95,140.52,140.87,1475.887
2025-11-15 12:25:00,140.87,140.87,140.7,140.78,1050.317
2025-11-15 12:30:00,140.78,140.79,140.52,140.69,1222.137
2025-11-15 12:35:00,140.69,140.93,140.65,140.7,1442.584
2025-11-15 12:40:00,140.7,140.74,140.19,140.3,2506.519
2025-11-15 12:45:00,140.3,140.52,140.19,140.51,1651.982
2025-11-15 12:50:00,140.51,140.9,140.41,140.87,2312.46
2025-11-15 12:55:00,140.87,141.02,140.68,140.89,1965.271
2025-11-15 13:00:00,140.89,140.95,140.61,140.94,1412.116
2025-11-15 13:05:00,140.94,141.42,140.81,141.34,4122.357
2025-11-15 13:10:00,141.34,141.47,141.23,141.29,1909.03
2025-11-15 13:15:00,141.29,141.71,141.2,141.6,2792.736
2025-11-15 13:20:00,141.6,141.95,141.6,141.87,3493.829
2025-11-15 13:25:00,141.87,141.92,141.73,141.81,2130.219
2025-11-15 13:30:00,141.81,141.83,141.46,141.61,4207.337
2025-11-15 13:35:00,141.61,141.85,141.55,141.68,2337.726
2025-11-15 13:40:00,141.68,141.68,141.25,141.26,2472.054
2025-11-15 13:45:00,141.26,141.41,141.03,141.17,5540.582
2025-11-15 13:50:00,141.17,141.68,141.0,141.5,4205.031
2025-11-15 13:55:00,141.5,141.93,141.38,141.64,6327.922
2025-11-15 14:00:00,141.64,141.67,141.43,141.47,1849.231
2025-11-15 14:05:00,141.47,141.69,141.47,141.6,1726.438
2025-11-15 14:10:00,141.6,141.72,141.5,141.66,1983.631
2025-11-15 14:15:00,141.66,141.74,141.23,141.27,2217.134
2025-11-15 14:20:00,141.27,141.51,141.04,141.27,2347.275
2025-11-15 14:25:00,141.27,141.27,140.93,141.06,1917.993
2025-11-15 14:30:00,141.06,141.11,140.76,141.02,2499.666
2025-11-15 14:35:00,141.02,141.38,141.02,141.35,1233.702
2025-11-15 14:40:00,141.35,141.37,140.98,141.1,1374.18
2025-11-15 14:45:00,141.1,141.11,140.84,140.9,1991.819
2025-11-15 14:50:00,140.9,141.43,140.88,141.38,1481.135
2025-11-15 14:55:00,141.38,141.53,141.26,141.5,1883.501
2025-11-15 15:00:00,141.5,141.57,141.28,141.28,1959.68
2025-11-15 15:05:00,141.28,141.83,141.28,141.81,1449.114
2025-11-15 15:10:00,141.81,142.01,141.73,141.97,4865.346
2025-11-15 15:15:00,141.97,142.01,141.66,141.72,2708.98
2025-11-15 15:20:00,141.72,141.97,141.56,141.92,2113.547
2025-11-15 15:25:00,141.92,142.25,141.9,141.93,3023.137
2025-11-15 15:30:00,141.93,141.94,141.42,141.52,2907.944
2025-11-15 15:35:00,141.52,141.82,141.46,141.68,1771.352
2025-11-15 15:40:00,141.68,141.78,141.57,141.59,1029.301
2025-11-15 15:45:00,141.59,141.94,141.57,141.83,1434.532
2025-11-15 15:50:00,141.83,141.99,141.81,141.87,1169.889
2025-11-15 15:55:00,141.87,142.05,141.62,141.74,915.474
2025-11-15 16:00:00,141.74,141.8,141.56,141.71,2436.071
2025-11-15 16:05:00,141.71,141.72,140.83,141.19,4582.748
2025-11-15 16:10:00,141.19,141.44,141.12,141.32,2440.993
2025-11-15 16:15:00,141.32,141.34,140.94,141.07,2756.102
2025-11-15 16:20:00,141.07,141.57,141.01,141.36,2985.383
2025-11-15 16:25:00,141.36,141.51,141.16,141.2,1850.913
2025-11-15 16:30:00,141.2,141.35,141.09,141.33,2361.938
2025-11-15 16:35:00,141.33,141.56,141.2,141.52,2761.309
2025-11-15 16:40:00,141.52,142.14,141.52,142.05,3108.293
2025-11-15 16:45:00,142.05,142.5,141.91,142.41,3007.071
2025-11-15 16:50:00,142.41,142.68,142.27,142.61,4374.032
2025-11-15 16:55:00,142.61,142.84,142.49,142.76,4145.292
2025-11-15 17:00:00,142.76,142.97,142.61,142.83,3122.825
2025-11-15 17:05:00,142.83,142.92,142.52,142.63,4761.001
2025-11-15 17:10:00,142.63,143.05,142.63,142.75,4278.365
2025-11-15 17:15:00,142.75,142.87,142.57,142.73,4558.281
2025-11-15 17:20:00,142.73,144.68,142.69,144.15,13112.201
2025-11-15 17:25:00,144.15,144.15,142.96,143.08,5482.068
2025-11-15 17:30:00,143.08,143.24,142.87,143.17,6002.242
2025-11-15 17:35:00,143.17,143.42,143.13,143.17,3989.647
2025-11-15 17:40:00,143.17,143.3,142.93,143.14,5038.78
2025-11-15 17:45:00,143.14,143.49,143.03,143.27,3346.022
2025-11-15 17:50:00,143.27,143.49,143.24,143.41,3943.609
2025-11-15 17:55:00,143.41,143.46,143.2,143.44,1695.929
2025-11-15 18:00:00,143.44,143.46,143.06,143.21,3090.313
2025-11-15 18:05:00,143.21,143.28,143.01,143.02,2223.244
2025-11-15 18:10:00,143.02,143.23,142.97,143.22,2430.88
2025-11-15 18:15:00,143.22,143.25,142.76,142.76,1872.375
2025-11-15 18:20:00,142.76,142.78,142.43,142.64,7989.374
2025-11-15 18:25:00,142.64,142.64,142.4,142.49,2657.231
2025-11-15 18:30:00,142.49,142.55,142.35,142.46,1358.617
2025-11-15 18:35:00,142.46,142.79,142.41,142.67,1737.863
2025-11-15 18:40:00,142.67,142.73,142.58,142.72,828.947
2025-11-15 18:45:00,142.72,142.78,142.55,142.72,842.402
2025-11-15 18:50:00,142.72,142.72,142.18,142.31,1743.428
2025-11-15 18:55:00,142.31,142.5,142.31,142.48,980.883
2025-11-15 19:00:00,142.48,142.7,142.38,142.6,851.198
2025-11-15 19:05:00,142.6,142.89,142.58,142.79,1260.753
2025-11-15 19:10:00,142.79,142.86,142.67,142.86,772.388
2025-11-15 19:15:00,142.86,142.89,142.68,142.89,1001.679
2025-11-15 19:20:00,142.89,142.91,142.7,142.76,869.839
2025-11-15 19:25:00,142.76,142.76,142.41,142.55,1520.058
2025-11-15 19:30:00,142.55,142.55,142.31,142.32,1081.003
2025-11-15 19:35:00,142.32,142.5,142.25,142.44,991.243
2025-11-15 19:40:00,142.44,142.5,142.34,142.45,488.053
2025-11-15 19:45:00,142.45,142.49,141.71,141.88,5134.474
2025-11-15 19:50:00,141.88,141.91,141.76,141.81,1218.051
2025-11-15 19:55:00,141.81,141.87,141.75,141.76,875.121
2025-11-15 20:00:00,141.76,141.82,141.58,141.8,859.056
2025-11-15 20:05:00,141.8,141.8,141.53,141.74,806.565
2025-11-15 20:10:00,141.74,141.96,141.74,141.95,843.331
2025-11-15 20:15:00,141.95,141.95,141.12,141.21,4832.188
2025-11-15 20:20:00,141.21,141.33,140.9,141.29,4442.782
2025-11-15 20:25:00,141.29,141.29,140.92,141.0,1128.508
2025-11-15 20:30:00,141.0,141.0,140.68,140.92,2656.551
2025-11-15 20:35:00,140.92,141.1,140.91,141.06,1322.414
2025-11-15 20:40:00,141.06,141.11,140.81,140.88,1144.289
2025-11-15 20:45:00,140.88,141.1,140.86,140.98,1502.906
2025-11-15 20:50:00,140.98,141.25,140.3,140.52,6442.29
2025-11-15 20:55:00,140.52,140.58,140.12,140.44,3413.447
2025-11-15 21:00:00,140.44,140.45,140.32,140.37,1250.03
2025-11-15 21:05:00,140.37,140.82,140.28,140.55,2538.298
2025-11-15 21:10:00,140.55,140.77,140.44,140.49,1826.338
2025-11-15 21:15:00,140.49,140.68,140.36,140.56,3016.69
2025-11-15 21:20:00,140.56,140.56,140.07,140.16,3100.211
2025-11-15 21:25:00,140.16,140.21,140.01,140.09,1844.291
2025-11-15 21:30:00,140.09,140.09,139.83,139.99,4306.859
2025-11-15 21:35:00,139.99,140.09,139.71,139.71,1718.493
2025-11-15 21:40:00,139.71,139.71,138.94,139.04,8902.102
2025-11-15 21:45:00,139.04,139.23,138.98,139.17,1567.047
2025-11-15 21:50:00,139.17,139.17,138.61,138.75,4453.046
2025-11-15 21:55:00,138.75,139.06,138.75,138.98,1384.052
2025-11-15 22:00:00,138.98,139.31,138.78,139.22,2603.487
2025-11-15 22:05:00,139.22,139.31,138.74,138.82,1583.554
2025-11-15 22:10:00,138.82,139.52,138.64,139.5,8379.174
2025-11-15 22:15:00,139.5,139.74,139.28,139.43,3436.193
2025-11-15 22:20:00,139.43,139.81,139.29,139.8,2803.549
2025-11-15 22:25:00,139.8,140.02,139.77,139.82,2397.246
2025-11-15 22:30:00,139.82,139.99,139.12,139.12,4924.836
2025-11-15 22:35:00,139.12,139.37,138.69,139.28,3261.119
2025-11-15 22:40:00,139.28,139.55,139.27,139.5,1586.175
2025-11-15 22:45:00,139.5,139.7,139.35,139.37,1306.815
2025-11-15 22:50:00,139.37,139.9,139.36,139.88,784.071
2025-11-15 22:55:00,139.88,139.98,139.75,139.84,1652.998
2025-11-15 23:00:00,139.84,139.9,139.63,139.76,1937.117
2025-11-15 23:05:00,139.76,139.85,139.67,139.75,1635.304
2025-11-15 23:10:00,139.75,139.88,139.64,139.77,1653.108
2025-11-15 23:15:00,139.77,140.08,139.68,139.91,1546.78
2025-11-15 23:20:00,139.91,140.0,139.69,139.85,1384.69
2025-11-15 23:25:00,139.85,139.98,139.78,139.93,1637.715
2025-11-15 23:30:00,139.93,140.2,139.79,140.16,1955.03
2025-11-15 23:35:00,140.16,140.21,139.98,139.98,1826.473
2025-11-15 23:40:00,139.98,140.01,139.79,139.82,1442.098
2025-11-15 23:45:00,139.82,140.02,139.71,139.71,2469.637
2025-11-15 23:50:00,139.71,139.71,139.48,139.5,3359.33
2025-11-15 23:55:00,139.5,139.67,139.47,139.62,1579.493
2025-11-16 00:00:00,139.62,139.8,139.44,139.61,2531.131
2025-11-16 00:05:00,139.61,139.61,139.04,139.17,4046.269
2025-11-16 00:10:00,139.17,139.32,139.1,139.22,1568.564
2025-11-16 00:15:00,139.22,139.23,138.82,138.89,3027.178
2025-11-16 00:20:00,138.89,139.12,138.79,139.03,1249.85
2025-11-16 00:25:00,139.03,139.04,138.82,138.94,1058.055
2025-11-16 00:30:00,138.94,138.99,138.63,138.76,2153.635
2025-11-16 00:35:00,138.76,139.11,138.76,138.92,1706.183
2025-11-16 00:40:00,138.92,139.33,138.91,139.31,1157.267
2025-11-16 00:45:00,139.31,139.43,139.19,139.39,4715.223
2025-11-16 00:50:00,139.39,139.67,139.39,139.66,1496.328
2025-11-16 00:55:00,139.66,139.67,139.24,139.24,1726.927
2025-11-16 01:00:00,139.24,139.24,138.32,138.88,6986.041
2025-11-16 01:05:00,138.88,139.16,138.55,139.15,1867.591
2025-11-16 01:10:00,139.15,139.53,139.15,139.48,1451.983
2025-11-16 01:15:00,139.48,139.49,138.73,139.11,1969.819
2025-11-16 01:20:00,139.11,139.23,138.83,138.83,3404.832
2025-11-16 01:25:00,138.83,139.19,138.83,139.06,1902.341
2025-11-16 01:30:00,139.06,139.2,138.2,138.6,3405.236
2025-11-16 01:35:00,138.6,138.6,137.81,137.88,5524.785
2025-11-16 01:40:00,137.88,138.22,137.67,137.94,6765.205
2025-11-16 01:45:00,137.94,138.14,137.41,137.98,4604.626
2025-11-16 01:50:00,137.98,138.71,137.98,138.53,3001.523
2025-11-16 01:55:00,138.53,138.94,138.51,138.8,1263.872
2025-11-16 02:00:00,138.8,138.8,138.46,138.73,1726.517
2025-11-16 02:05:00,138.73,139.27,138.55,139.25,1645.613
2025-11-16 02:10:00,139.25,139.51,139.06,139.06,2872.983
2025-11-16 02:15:00,139.06,139.74,139.06,139.57,4152.951
2025-11-16 02:20:00,139.57,139.78,139.43,139.59,1353.002
2025-11-16 02:25:00,139.59,140.35,139.48,140.32,4134.066
2025-11-16 02:30:00,140.32,140.37,139.95,140.05,3450.856
2025-11-16 02:35:00,140.05,140.47,140.03,140.19,2597.795
2025-11-16 02:40:00,140.19,140.46,140.18,140.45,1855.371
2025-11-16 02:45:00,140.45,140.74,140.16,140.5,2309.816
2025-11-16 02:50:00,140.5,140.63,140.29,140.5,1537.009
2025-11-16 02:55:00,140.5,140.85,140.44,140.85,2336.726
2025-11-16 03:00:00,140.85,140.86,140.49,140.64,1676.103
2025-11-16 03:05:00,140.64,140.64,140.45,140.62,2083.888
2025-11-16 03:10:00,140.62,140.62,140.32,140.45,3367.978
2025-11-16 03:15:00,140.45,141.24,140.44,141.03,2961.905
2025-11-16 03:20:00,141.03,141.48,141.03,141.28,3950.084
2025-11-16 03:25:00,141.28,141.3,141.14,141.19,1351.636
2025-11-16 03:30:00,141.19,141.32,141.06,141.09,2321.22
2025-11-16 03:35:00,141.09,141.21,140.98,141.2,2111.252
2025-11-16 03:40:00,141.2,141.3,141.18,141.2,2906.58
2025-11-16 03:45:00,141.2,141.39,141.05,141.39,1350.076
2025-11-16 03:50:00,141.39,141.4,141.02,141.19,1909.647
2025-11-16 03:55:00,141.19,141.51,141.19,141.43,1903.348
2025-11-16 04:00:00,141.43,141.64,141.18,141.31,1915.985
2025-11-16 04:05:00,141.31,141.35,141.14,141.35,1058.688
2025-11-16 04:10:00,141.35,141.47,141.21,141.32,1626.445
2025-11-16 04:15:00,141.32,141.55,141.27,141.31,603.757
2025-11-16 04:20:00,141.31,141.33,141.01,141.24,1401.329
2025-11-16 04:25:00,141.24,141.29,141.11,141.18,1321.904
2025-11-16 04:30:00,141.18,141.23,140.74,140.94,2223.131
2025-11-16 04:35:00,140.94,141.0,140.79,140.94,846.229
2025-11-16 04:40:00,140.94,141.06,140.92,140.97,1549.9
2025-11-16 04:45:00,140.97,141.22,140.87,141.16,1116.597
2025-11-16 04:50:00,141.16,141.22,141.08,141.22,571.426
2025-11-16 04:55:00,141.22,141.36,141.17,141.34,1123.918
2025-11-16 05:00:00,141.34,141.95,141.26,141.71,2535.173
2025-11-16 05:05:00,141.71,141.83,141.63,141.76,1188.988
2025-11-16 05:10:00,141.76,142.08,141.72,142.02,2207.659
2025-11-16 05:15:00,142.02,142.21,141.47,141.72,7105.598
2025-11-16 05:20:00,141.72,142.04,141.52,141.57,1454.34
2025-11-16 05:25:00,141.57,141.77,141.55,141.71,1057.754
2025-11-16 05:30:00,141.71,141.74,141.43,141.49,1602.118
2025-11-16 05:35:00,141.49,141.75,141.49,141.51,759.308
2025-11-16 05:40:00,141.51,141.65,141.44,141.53,1199.625
2025-11-16 05:45:00,141.53,141.68,141.42,141.61,1177.67
2025-11-16 05:50:00,141.61,141.76,141.49,141.71,879.104
2025-11-16 05:55:00,141.71,141.78,141.35,141.46,1934.864
2025-11-16 06:00:00,141.46,141.76,141.34,141.75,1344.808
2025-11-16 06:05:00,141.75,141.96,141.75,141.94,1360.132
2025-11-16 06:10:00,141.94,142.14,141.91,142.0,1432.596
2025-11-16 06:15:00,142.0,142.13,141.92,141.97,1201.428
2025-11-16 06:20:00,141.97,142.03,141.82,141.92,1167.198
2025-11-16 06:25:00,141.92,142.07,141.92,142.0,1110.045
2025-11-16 06:30:00,142.0,142.11,141.88,141.97,1278.306
2025-11-16 06:35:00,141.97,142.05,141.88,142.04,1239.723
2025-11-16 06:40:00,142.04,142.13,141.93,141.95,1200.995
2025-11-16 06:45:00,141.95,142.15,141.92,142.15,1181.664
2025-11-16 06:50:00,142.15,142.18,142.02,142.1,1489.814
2025-11-16 06:55:00,142.1,142.1,141.6,141.66,1346.622
2025-11-16 07:00:00,141.66,141.78,141.54,141.54,1728.121
2025-11-16 07:05:00,141.54,141.95,141.54,141.94,1145.572
2025-11-16 07:10:00,141.94,142.02,141.6,141.63,1425.587
2025-11-16 07:15:00,141.63,141.66,141.5,141.62,1260.642
2025-11-16 07:20:00,141.62,141.75,141.45,141.45,1330.265
2025-11-16 07:25:00,141.45,141.46,141.22,141.37,2617.641
2025-11-16 07:30:00,141.37,141.65,141.37,141.43,1260.789
2025-11-16 07:35:00,141.43,141.73,141.41,141.64,1362.643
2025-11-16 07:40:00,141.64,141.83,141.63,141.77,858.91
2025-11-16 07:45:00,141.77,142.02,141.77,141.94,1711.05
2025-11-16 07:50:00,141.94,142.03,141.86,141.86,3153.508
2025-11-16 07:55:00,141.86,142.44,141.78,142.3,4958.092
2025-11-16 08:00:00,142.3,142.63,142.12,142.17,2269.787
2025-11-16 08:05:00,142.17,142.17,141.88,142.02,1931.657
2025-11-16 08:10:00,142.02,142.22,141.91,141.95,1110.054
2025-11-16 08:15:00,141.95,142.02,141.71,141.79,952.886
2025-11-16 08:20:00,141.79,142.0,141.75,141.86,777.712
2025-11-16 08:25:00,141.86,141.9,141.66,141.74,1578.635
2025-11-16 08:30:00,141.74,141.91,141.74,141.75,898.995
2025-11-16 08:35:00,141.75,141.79,141.63,141.73,714.518
2025-11-16 08:40:00,141.73,141.99,141.68,141.99,964.551
2025-11-16 08:45:00,141.99,142.05,141.86,142.04,1156.066
2025-11-16 08:50:00,142.04,142.13,141.78,142.1,1774.805
2025-11-16 08:55:00,142.1,142.43,142.08,142.2,1321.653
2025-11-16 09:00:00,142.2,142.27,141.5,141.5,2948.333
2025-11-16 09:05:00,141.5,141.75,141.43,141.68,1226.334
2025-11-16 09:10:00,141.68,141.74,141.56,141.73,1169.323
2025-11-16 09:15:00,141.73,141.78,141.51,141.56,791.259
2025-11-16 09:20:00,141.56,141.66,141.36,141.56,1034.029
2025-11-16 09:25:00,141.56,142.1,141.51,142.03,2908.96
2025-11-16 09:30:00,142.03,142.18,141.95,142.15,1036.212
2025-11-16 09:35:00,142.15,142.22,141.99,142.07,844.522
2025-11-16 09:40:00,142.07,142.34,142.04,142.19,1564.562
2025-11-16 09:45:00,142.19,142.42,142.13,142.33,1336.587
2025-11-16 09:50:00,142.33,143.23,142.33,142.86,9368.447
2025-11-16 09:55:00,142.86,143.33,142.82,143.29,4112.566
2025-11-16 10:00:00,143.29,143.33,143.03,143.11,3521.172
2025-11-16 10:05:00,143.11,143.27,143.02,143.15,3324.141
2025-11-16 10:10:00,143.15,143.27,143.01,143.21,3624.428
2025-11-16 10:15:00,143.21,143.24,142.91,143.03,4304.47
2025-11-16 10:20:00,143.03,143.13,142.85,143.07,1409.056
2025-11-16 10:25:00,143.07,143.19,142.96,142.99,2071.518
2025-11-16 10:30:00,142.99,143.11,142.9,142.97,1729.4
2025-11-16 10:35:00,142.97,142.99,142.7,142.83,2589.988
2025-11-16 10:40:00,142.83,142.94,142.76,142.77,1431.06
2025-11-16 10:45:00,142.77,142.99,142.76,142.87,1754.754
2025-11-16 10:50:00,142.87,143.06,142.87,142.96,1927.599
2025-11-16 10:55:00,142.96,143.0,142.81,142.93,1364.372
2025-11-16 11:00:00,142.93,143.11,142.9,142.94,1207.66
2025-11-16 11:05:00,142.94,142.97,142.67,142.68,2421.19
2025-11-16 11:10:00,142.68,142.71,141.97,142.02,5037.062
2025-11-16 11:15:00,142.02,142.38,141.93,142.14,3160.772
2025-11-16 11:20:00,142.14,142.2,140.9,140.99,9320.513
2025-11-16 11:25:00,140.99,141.08,140.32,140.54,10259.375
2025-11-16 11:30:00,140.54,140.72,140.15,140.31,6272.718
2025-11-16 11:35:00,140.31,140.45,139.93,140.01,8141.975
2025-11-16 11:40:00,140.01,140.01,139.61,139.75,6147.643
2025-11-16 11:45:00,139.75,140.22,139.69,140.05,6235.09
2025-11-16 11:50:00,140.05,140.06,139.51,139.87,6740.612
2025-11-16 11:55:00,139.87,140.01,139.76,139.92,3737.761
2025-11-16 12:00:00,139.92,140.36,139.91,140.28,3316.098
2025-11-16 12:05:00,140.28,140.41,140.17,140.3,4074.478
2025-11-16 12:10:00,140.3,140.38,139.87,139.87,6007.307
2025-11-16 12:15:00,139.87,140.62,139.81,140.16,7674.485
2025-11-16 12:20:00,140.16,140.3,139.91,140.04,4438.718
2025-11-16 12:25:00,140.04,140.38,140.0,140.26,1680.794
2025-11-16 12:30:00,140.26,140.29,139.2,139.28,5540.596
2025-11-16 12:35:00,139.28,139.55,139.11,139.51,2918.235
2025-11-16 12:40:00,139.51,140.33,139.51,140.25,3404.582
2025-11-16 12:45:00,140.25,140.31,139.94,140.26,2865.458
2025-11-16 12:50:00,140.26,140.57,140.18,140.5,2071.1
2025-11-16 12:55:00,140.5,140.55,139.79,140.06,4863.039
2025-11-16 13:00:00,140.06,140.18,139.85,139.92,1487.366
2025-11-16 13:05:00,139.92,140.37,139.51,140.33,8144.948
2025-11-16 13:10:00,140.33,140.59,140.26,140.38,2596.022
2025-11-16 13:15:00,140.38,140.53,140.34,140.5,995.293
2025-11-16 13:20:00,140.5,140.5,140.0,140.06,1255.828
2025-11-16 13:25:00,140.06,140.12,139.7,139.7,2280.57
2025-11-16 13:30:00,139.7,140.17,139.51,140.04,3718.792
2025-11-16 13:35:00,140.04,140.05,139.54,139.76,2543.207
2025-11-16 13:40:00,139.76,139.76,139.38,139.38,3048.557
2025-11-16 13:45:00,139.38,139.55,138.84,139.38,4703.754
2025-11-16 13:50:00,139.38,139.65,139.2,139.25,2336.487
2025-11-16 13:55:00,139.25,139.55,139.21,139.46,1281.808
2025-11-16 14:00:00,139.46,140.03,139.45,139.94,1704.788
2025-11-16 14:05:00,139.94,139.97,139.5,139.81,1613.086
2025-11-16 14:10:00,139.81,139.99,139.52,139.6,3484.945
2025-11-16 14:15:00,139.6,139.76,139.45,139.7,1443.438
2025-11-16 14:20:00,139.7,139.74,139.49,139.57,1364.749
2025-11-16 14:25:00,139.57,139.81,139.55,139.74,1355.731
2025-11-16 14:30:00,139.74,139.95,139.64,139.89,748.746
2025-11-16 14:35:00,139.89,140.31,139.86,140.24,1807.428
2025-11-16 14:40:00,140.24,140.85,140.23,140.66,3649.621
2025-11-16 14:45:00,140.66,140.75,140.5,140.58,874.222
2025-11-16 14:50:00,140.58,140.61,140.32,140.48,2220.52
2025-11-16 14:55:00,140.48,140.56,140.4,140.41,942.73
2025-11-16 15:00:00,140.41,140.46,140.05,140.19,2265.911
2025-11-16 15:05:00,140.19,140.44,140.06,140.2,1437.912
2025-11-16 15:10:00,140.2,140.31,139.97,139.97,1267.553
2025-11-16 15:15:00,139.97,140.28,139.76,140.1,1646.761
2025-11-16 15:20:00,140.1,140.16,139.7,139.72,1071.403
2025-11-16 15:25:00,139.72,139.88,139.59,139.77,1206.76
2025-11-16 15:30:00,139.77,139.77,139.44,139.73,2291.936
2025-11-16 15:35:00,139.73,139.79,139.58,139.7,1713.001
2025-11-16 15:40:00,139.7,139.84,139.53,139.59,1918.973
2025-11-16 15:45:00,139.59,139.69,138.91,138.95,4465.664
2025-11-16 15:50:00,138.95,139.05,137.66,137.92,13490.217
2025-11-16 15:55:00,137.92,138.26,137.16,137.48,15886.781
2025-11-16 16:00:00,137.48,138.15,136.75,137.82,13820.242
2025-11-16 16:05:00,137.82,138.25,137.24,137.38,6556.747
2025-11-16 16:10:00,137.38,137.38,136.52,136.55,9057.002
2025-11-16 16:15:00,136.55,136.85,136.26,136.72,6157.967
2025-11-16 16:20:00,136.72,136.84,136.36,136.45,5724.669
2025-11-16 16:25:00,136.45,136.65,136.03,136.38,6451.98
2025-11-16 16:30:00,136.38,136.38,135.9,136.17,10274.478
2025-11-16 16:35:00,136.17,136.4,136.04,136.19,5711.863
2025-11-16 16:40:00,136.19,136.81,135.92,136.51,7291.962
2025-11-16 16:45:00,136.51,136.76,135.69,136.06,9497.007
2025-11-16 16:50:00,136.06,136.37,135.91,136.19,5791.396
2025-11-16 16:55:00,136.19,136.26,135.37,135.74,10962.958
2025-11-16 17:00:00,135.74,135.96,135.33,135.54,10519.943
2025-11-16 17:05:00,135.54,136.07,135.42,135.91,4215.504
2025-11-16 17:10:00,135.91,136.08,135.64,135.73,2595.657
2025-11-16 17:15:00,135.73,136.44,135.32,135.48,7921.312
2025-11-16 17:20:00,135.48,136.19,135.32,136.1,7816.842
2025-11-16 17:25:00,136.1,136.28,135.94,136.14,5074.125
2025-11-16 17:30:00,136.14,136.38,135.68,136.01,3890.019
2025-11-16 17:35:00,136.01,136.22,135.92,136.01,3151.12
2025-11-16 17:40:00,136.01,136.04,135.35,135.35,6136.784
2025-11-16 17:45:00,135.35,135.82,135.32,135.7,8063.06
2025-11-16 17:50:00,135.7,135.78,135.23,135.25,2888.304
2025-11-16 17:55:00,135.25,136.19,134.45,135.84,24214.936
2025-11-16 18:00:00,135.84,137.3,135.6,136.67,18513.591
2025-11-16 18:05:00,136.67,137.19,136.34,137.04,4955.908
2025-11-16 18:10:00,137.04,138.5,137.03,138.18,8274.414
2025-11-16 18:15:00,138.18,138.43,137.69,137.83,14633.524
2025-11-16 18:20:00,137.83,137.91,136.89,137.34,6308.787
2025-11-16 18:25:00,137.34,137.35,136.91,137.06,2097.689
2025-11-16 18:30:00,137.06,137.12,136.62,136.89,4781.695
2025-11-16 18:35:00,136.89,137.04,135.98,135.99,3527.369
2025-11-16 18:40:00,135.99,136.22,135.63,135.83,5604.25
2025-11-16 18:45:00,135.83,135.92,135.25,135.49,6019.882
2025-11-16 18:50:00,135.49,136.01,135.43,135.78,4653.697
2025-11-16 18:55:00,135.78,135.96,135.56,135.84,2680.31
2025-11-16 19:00:00,135.84,136.43,135.77,136.17,5034.6
2025-11-16 19:05:00,136.17,136.65,136.15,136.59,4439.685
2025-11-16 19:10:00,136.59,137.83,136.54,137.62,6265.098
2025-11-16 19:15:00,137.62,138.03,137.08,137.08,3390.001
2025-11-16 19:20:00,137.08,137.23,136.88,136.88,1884.846
2025-11-16 19:25:00,136.88,137.44,136.88,137.44,2804.169
2025-11-16 19:30:00,137.44,138.01,137.28,137.46,2908.857
2025-11-16 19:35:00,137.46,137.72,137.17,137.23,5037.043
2025-11-16 19:40:00,137.23,137.49,137.1,137.37,1591.498
2025-11-16 19:45:00,137.37,137.79,137.21,137.21,3798.672
2025-11-16 19:50:00,137.21,137.57,136.84,136.96,4759.719
2025-11-16 19:55:00,136.96,136.96,136.72,136.83,6031.89
2025-11-16 20:00:00,136.83,137.36,136.73,137.3,2898.025
2025-11-16 20:05:00,137.3,137.98,137.21,137.91,9027.065
2025-11-16 20:10:00,137.91,137.91,137.67,137.69,2198.61
2025-11-16 20:15:00,137.69,137.7,137.12,137.34,2875.078
2025-11-16 20:20:00,137.34,137.71,137.3,137.6,1461.951
2025-11-16 20:25:00,137.6,138.18,137.46,137.92,4046.549
2025-11-16 20:30:00,137.92,137.98,137.63,137.64,2477.003
2025-11-16 20:35:00,137.64,137.9,137.6,137.75,1836.472
2025-11-16 20:40:00,137.75,137.75,137.21,137.32,1780.232
2025-11-16 20:45:00,137.32,137.33,136.98,137.05,1914.381
2025-11-16 20:50:00,137.05,137.11,136.83,136.99,1913.546
2025-11-16 20:55:00,136.99,136.99,136.64,136.64,1432.67
2025-11-16 21:00:00,136.64,136.79,136.03,136.2,3722.349
2025-11-16 21:05:00,136.2,136.3,135.71,136.15,8140.236
2025-11-16 21:10:00,136.15,136.24,135.98,136.08,2209.626
2025-11-16 21:15:00,136.08,136.16,135.66,135.69,2614.085
2025-11-16 21:20:00,135.69,136.0,135.57,135.71,2675.889
2025-11-16 21:25:00,135.71,135.84,135.42,135.7,3124.042
2025-11-16 21:30:00,135.7,136.05,135.58,135.88,2416.229
2025-11-16 21:35:00,135.88,135.91,135.54,135.69,4383.077
2025-11-16 21:40:00,135.69,136.1,135.69,135.98,3358.665
2025-11-16 21:45:00,135.98,136.39,135.95,136.11,3452.06
2025-11-16 21:50:00,136.11,136.43,136.05,136.28,3919.833
2025-11-16 21:55:00,136.28,136.46,136.21,136.44,2985.565
2025-11-16 22:00:00,136.44,136.48,135.59,135.64,4183.554
2025-11-16 22:05:00,135.64,135.85,135.21,135.3,4792.442
2025-11-16 22:10:00,135.3,136.8,135.1,136.48,5511.36
2025-11-16 22:15:00,136.48,136.59,136.08,136.57,4285.069
2025-11-16 22:20:00,136.57,136.76,135.99,136.1,3202.627
2025-11-16 22:25:00,136.1,136.53,136.1,136.46,3141.989
2025-11-16 22:30:00,136.46,136.51,136.05,136.19,2963.298
2025-11-16 22:35:00,136.19,136.38,136.1,136.25,2363.272
2025-11-16 22:40:00,136.25,136.25,135.51,135.63,4101.549
2025-11-16 22:45:00,135.63,137.36,135.58,137.36,3913.705
2025-11-16 22:50:00,137.36,137.95,137.31,137.57,5424.273
2025-11-16 22:55:00,137.57,137.76,137.13,137.31,4275.24
2025-11-16 23:00:00,137.31,137.38,134.96,135.37,17827.657
2025-11-16 23:05:00,135.37,136.95,135.22,136.76,10815.632
2025-11-16 23:10:00,136.76,137.65,136.58,137.0,9187.678
2025-11-16 23:15:00,137.0,137.46,136.62,136.78,7408.775
2025-11-16 23:20:00,136.78,138.12,136.62,138.07,5974.075
2025-11-16 23:25:00,138.07,138.07,137.37,137.46,6680.201
2025-11-16 23:30:00,137.46,137.55,136.92,137.19,9759.546
2025-11-16 23:35:00,137.19,137.97,137.19,137.58,5183.423
2025-11-16 23:40:00,137.58,137.8,137.4,137.62,2408.157
2025-11-16 23:45:00,137.62,137.88,137.32,137.43,2022.046
2025-11-16 23:50:00,137.43,137.84,137.42,137.76,2412.275
2025-11-16 23:55:00,137.76,137.77,137.15,137.16,2425.144
2025-11-17 00:00:00,137.16,137.29,136.96,136.97,2144.678
2025-11-17 00:05:00,136.97,137.37,136.81,137.19,4151.928
2025-11-17 00:10:00,137.19,137.49,136.81,136.93,4175.025
2025-11-17 00:15:00,136.93,136.99,136.19,136.35,6128.121
2025-11-17 00:20:00,136.35,136.97,136.09,136.91,4608.266
2025-11-17 00:25:00,136.91,138.37,136.73,138.34,7826.684
2025-11-17 00:30:00,138.34,138.78,137.88,138.46,6030.077
2025-11-17 00:35:00,138.46,139.47,138.38,139.35,10695.117
2025-11-17 00:40:00,139.35,139.5,138.79,138.86,7025.273
2025-11-17 00:45:00,138.86,139.17,138.68,138.99,6628.043
2025-11-17 00:50:00,138.99,139.46,138.91,139.09,6309.043
2025-11-17 00:55:00,139.09,139.51,139.03,139.17,4688.335
2025-11-17 01:00:00,139.17,139.48,138.95,139.15,4075.933
2025-11-17 01:05:00,139.15,139.35,138.7,139.22,7837.371
2025-11-17 01:10:00,139.22,139.36,138.92,138.92,3032.918
2025-11-17 01:15:00,138.92,138.94,138.52,138.55,4245.772
2025-11-17 01:20:00,138.55,138.77,138.28,138.3,3724.725
2025-11-17 01:25:00,138.3,139.09,138.28,138.92,6704.631
2025-11-17 01:30:00,138.92,138.92,138.39,138.65,3442.426
2025-11-17 01:35:00,138.65,139.23,138.63,139.03,3012.81
2025-11-17 01:40:00,139.03,139.15,138.69,138.89,3245.644
2025-11-17 01:45:00,138.89,139.13,138.62,138.62,3605.261
2025-11-17 01:50:00,138.62,138.76,138.38,138.41,3661.563
2025-11-17 01:55:00,138.41,138.46,138.16,138.25,3916.289
2025-11-17 02:00:00,138.25,138.46,137.97,138.34,5051.07
2025-11-17 02:05:00,138.34,138.57,138.04,138.1,2120.305
2025-11-17 02:10:00,138.1,139.24,138.06,139.17,12589.925
2025-11-17 02:15:00,139.17,139.31,138.67,138.81,3673.125
2025-11-17 02:20:00,138.81,139.28,138.74,139.26,3288.824
2025-11-17 02:25:00,139.26,139.34,138.8,138.96,3224.299
2025-11-17 02:30:00,138.96,139.12,138.8,138.8,1909.408
2025-11-17 02:35:00,138.8,138.86,138.52,138.6,1126.841
2025-11-17 02:40:00,138.6,138.73,138.46,138.66,1951.766
2025-11-17 02:45:00,138.66,138.75,138.54,138.72,1614.43
2025-11-17 02:50:00,138.72,138.89,138.52,138.68,1413.528
2025-11-17 02:55:00,138.68,138.9,138.68,138.89,1015.226
2025-11-17 03:00:00,138.89,139.25,138.85,139.17,2137.871
2025-11-17 03:05:00,139.17,139.59,139.17,139.51,3125.154
2025-11-17 03:10:00,139.51,140.27,139.5,140.27,8262.033
2025-11-17 03:15:00,140.27,140.62,139.98,140.07,9835.55
2025-11-17 03:20:00,140.07,140.45,140.02,140.25,3747.822
2025-11-17 03:25:00,140.25,140.44,140.17,140.18,5878.49
2025-11-17 03:30:00,140.18,140.28,140.04,140.1,1412.054
2025-11-17 03:35:00,140.1,140.15,139.85,139.86,2892.452
2025-11-17 03:40:00,139.86,140.17,139.8,139.97,1515.209
2025-11-17 03:45:00,139.97,140.07,139.88,139.99,1490.346
2025-11-17 03:50:00,139.99,140.2,139.92,140.12,6054.323
2025-11-17 03:55:00,140.12,140.32,140.07,140.26,1423.282
2025-11-17 04:00:00,140.26,140.46,140.04,140.1,1866.758
2025-11-17 04:05:00,140.1,140.15,139.89,139.94,2135.177
2025-11-17 04:10:00,139.94,140.08,139.83,139.88,4931.27
2025-11-17 04:15:00,139.88,139.99,139.66,139.66,9635.127
2025-11-17 04:20:00,139.66,140.14,139.66,140.14,2394.586
2025-11-17 04:25:00,140.14,140.8,140.14,140.73,3980.708
2025-11-17 04:30:00,140.73,140.73,140.37,140.39,2226.148
2025-11-17 04:35:00,140.39,140.67,140.35,140.57,1564.217
2025-11-17 04:40:00,140.57,140.78,140.48,140.68,2681.696
2025-11-17 04:45:00,140.68,140.71,140.39,140.45,1832.945
2025-11-17 04:50:00,140.45,140.6,140.35,140.47,1726.344
2025-11-17 04:55:00,140.47,140.49,140.29,140.34,2270.205
2025-11-17 05:00:00,140.34,140.44,140.22,140.28,1569.867
2025-11-17 05:05:00,140.28,140.49,139.98,140.0,1917.308
2025-11-17 05:10:00,140.0,140.15,139.98,140.08,1324.644
2025-11-17 05:15:00,140.08,140.33,139.9,140.06,2604.63
2025-11-17 05:20:00,140.06,140.2,139.84,140.07,1079.897
2025-11-17 05:25:00,140.07,140.48,140.07,140.48,2879.274
2025-11-17 05:30:00,140.48,140.57,140.21,140.36,2081.719
2025-11-17 05:35:00,140.36,140.42,139.99,140.02,1487.583
2025-11-17 05:40:00,140.02,140.38,140.02,140.32,1790.847
2025-11-17 05:45:00,140.32,140.68,140.27,140.68,1440.584
2025-11-17 05:50:00,140.68,140.8,140.54,140.63,2350.912
2025-11-17 05:55:00,140.63,140.8,140.49,140.6,1730.39
2025-11-17 06:00:00,140.6,140.79,140.54,140.64,1268.056
2025-11-17 06:05:00,140.64,140.76,140.38,140.41,1540.979
2025-11-17 06:10:00,140.41,140.59,140.12,140.56,3106.412
2025-11-17 06:15:00,140.56,141.54,140.56,141.51,5929.469
2025-11-17 06:20:00,141.51,141.51,141.0,141.0,2197.548
2025-11-17 06:25:00,141.0,141.17,140.9,141.03,2020.422
2025-11-17 06:30:00,141.03,141.06,140.61,140.65,2802.144
2025-11-17 06:35:00,140.65,140.86,140.57,140.84,1582.645
2025-11-17 06:40:00,140.84,140.92,140.73,140.85,2446.812
2025-11-17 06:45:00,140.85,141.03,140.76,140.91,2088.346
2025-11-17 06:50:00,140.91,141.3,140.9,141.21,2458.549
2025-11-17 06:55:00,141.21,141.49,141.17,141.36,2778.059
2025-11-17 07:00:00,141.36,141.5,141.08,141.13,3119.736
2025-11-17 07:05:00,141.13,141.63,141.11,141.4,3876.138
2025-11-17 07:10:00,141.4,141.51,141.22,141.35,3051.279
2025-11-17 07:15:00,141.35,141.72,141.34,141.65,2485.137
2025-11-17 07:20:00,141.65,141.86,141.57,141.73,2801.885
2025-11-17 07:25:00,141.73,141.74,141.45,141.49,1785.73
2025-11-17 07:30:00,141.49,141.49,141.25,141.48,1666.996
2025-11-17 07:35:00,141.48,141.65,141.41,141.48,2436.227
2025-11-17 07:40:00,141.48,141.69,141.39,141.6,2834.124
2025-11-17 07:45:00,141.6,141.84,141.48,141.71,2354.814
2025-11-17 07:50:00,141.71,141.75,141.46,141.6,1656.284
2025-11-17 07:55:00,141.6,141.61,141.31,141.33,2034.125
2025-11-17 08:00:00,141.33,141.48,141.27,141.4,3452.367
2025-11-17 08:05:00,141.4,141.48,141.1,141.17,3997.039
2025-11-17 08:10:00,141.17,141.32,141.11,141.11,3376.22
2025-11-17 08:15:00,141.11,141.35,141.04,141.27,3446.665
2025-11-17 08:20:00,141.27,141.76,141.27,141.67,4749.529
2025-11-17 08:25:00,141.67,141.8,141.48,141.63,2580.703
2025-11-17 08:30:00,141.63,141.69,141.34,141.4,3801.598
2025-11-17 08:35:00,141.4,141.58,141.28,141.55,3511.375
2025-11-17 08:40:00,141.55,141.57,141.02,141.02,6264.274
2025-11-17 08:45:00,141.02,141.55,141.01,141.52,7450.6
2025-11-17 08:50:00,141.52,141.64,141.15,141.18,4979.39
2025-11-17 08:55:00,141.18,141.36,141.03,141.36,6163.083
2025-11-17 09:00:00,141.36,141.5,141.04,141.17,5459.094
2025-11-17 09:05:00,141.17,141.29,140.95,141.27,3119.541
2025-11-17 09:10:00,141.27,141.66,141.27,141.58,3834.271
2025-11-17 09:15:00,141.58,142.18,141.58,141.88,8623.406
2025-11-17 09:20:00,141.88,141.99,141.8,141.92,5811.231
2025-11-17 09:25:00,141.92,141.93,141.59,141.61,3366.712
2025-11-17 09:30:00,141.61,141.9,141.59,141.87,1954.026
2025-11-17 09:35:00,141.87,141.88,141.23,141.38,3755.038
2025-11-17 09:40:00,141.38,142.24,141.38,142.16,4893.277
2025-11-17 09:45:00,142.16,142.6,142.13,142.24,6903.558
2025-11-17 09:50:00,142.24,142.28,141.96,142.0,2986.916
2025-11-17 09:55:00,142.0,142.13,141.98,142.0,1741.16
2025-11-17 10:00:00,142.0,142.23,141.95,142.01,4327.574
2025-11-17 10:05:00,142.01,142.19,141.88,141.99,8775.27
2025-11-17 10:10:00,141.99,142.35,141.98,142.3,2243.884
2025-11-17 10:15:00,142.3,142.3,142.1,142.13,2756.321
2025-11-17 10:20:00,142.13,142.2,141.95,142.19,2927.062
2025-11-17 10:25:00,142.19,142.41,141.8,141.88,2482.544
2025-11-17 10:30:00,141.88,142.2,141.81,142.18,2736.214
2025-11-17 10:35:00,142.18,142.33,142.05,142.13,1606.8
2025-11-17 10:40:00,142.13,142.24,142.05,142.22,1903.705
2025-11-17 10:45:00,142.22,142.52,142.22,142.4,2441.859
2025-11-17 10:50:00,142.4,142.45,142.15,142.18,2086.069
2025-11-17 10:55:00,142.18,142.33,142.12,142.27,1379.757
2025-11-17 11:00:00,142.27,142.38,142.18,142.25,1224.318
2025-11-17 11:05:00,142.25,142.52,142.1,142.49,1263.556
2025-11-17 11:10:00,142.49,142.65,142.35,142.38,2399.417
2025-11-17 11:15:00,142.38,142.62,142.36,142.52,1364.862
2025-11-17 11:20:00,142.52,142.52,142.29,142.46,3413.307
2025-11-17 11:25:00,142.46,142.5,142.28,142.4,3096.502
2025-11-17 11:30:00,142.4,142.77,142.38,142.65,4266.233
2025-11-17 11:35:00,142.65,142.65,142.25,142.27,1857.561
2025-11-17 11:40:00,142.27,142.27,141.88,141.88,2615.785
2025-11-17 11:45:00,141.88,142.0,141.72,141.97,4071.817
2025-11-17 11:50:00,141.97,142.3,141.97,142.16,2087.044
2025-11-17 11:55:00,142.16,142.2,141.79,141.87,1625.264
2025-11-17 12:00:00,141.87,141.98,141.64,141.73,2369.405
2025-11-17 12:05:00,141.73,142.11,141.73,141.79,4101.025
2025-11-17 12:10:00,141.79,141.81,141.56,141.58,3399.691
2025-11-17 12:15:00,141.58,141.89,141.57,141.82,2696.716
2025-11-17 12:20:00,141.82,141.91,141.71,141.9,2365.939
2025-11-17 12:25:00,141.9,142.06,141.78,142.04,2701.38
2025-11-17 12:30:00,142.04,142.18,141.9,141.97,1397.435
2025-11-17 12:35:00,141.97,142.2,141.63,142.13,2593.063
2025-11-17 12:40:00,142.13,142.64,142.11,142.43,7751.029
2025-11-17 12:45:00,142.43,142.43,141.88,141.96,2890.348
2025-11-17 12:50:00,141.96,141.97,141.82,141.88,1286.782
2025-11-17 12:55:00,141.88,142.03,141.77,141.78,1909.623
2025-11-17 13:00:00,141.78,141.98,141.72,141.81,1959.819
2025-11-17 13:05:00,141.81,141.91,141.38,141.38,4787.04
2025-11-17 13:10:00,141.38,141.48,140.63,140.88,17836.313
2025-11-17 13:15:00,140.88,141.16,140.8,140.96,3657.563
2025-11-17 13:20:00,140.96,141.12,140.89,140.94,2701.706
2025-11-17 13:25:00,140.94,140.94,140.45,140.57,7488.496
2025-11-17 13:30:00,140.57,140.87,139.8,139.96,8293.425
2025-11-17 13:35:00,139.96,140.21,139.58,139.62,6943.494
2025-11-17 13:40:00,139.62,139.71,138.0,138.94,8585.329
2025-11-17 13:45:00,138.94,139.25,138.16,138.27,15717.337
2025-11-17 13:50:00,138.27,138.3,137.55,137.59,14032.917
2025-11-17 13:55:00,137.59,138.3,137.16,138.03,12546.68
2025-11-17 14:00:00,138.03,138.42,137.41,138.32,6517.665
2025-11-17 14:05:00,138.32,138.32,136.84,137.27,11092.465
2025-11-17 14:10:00,137.27,137.58,137.0,137.58,5813.493
2025-11-17 14:15:00,137.58,138.7,137.4,138.48,11221.532
2025-11-17 14:20:00,138.48,138.53,137.42,137.46,8015.762
2025-11-17 14:25:00,137.46,137.66,137.22,137.51,2254.79
2025-11-17 14:30:00,137.51,139.96,137.14,139.73,25018.489
2025-11-17 14:35:00,139.73,143.27,139.58,142.11,51808.428
2025-11-17 14:40:00,142.11,142.28,140.74,141.01,26655.049
2025-11-17 14:45:00,141.01,141.9,140.85,141.45,18435.294
2025-11-17 14:50:00,141.45,141.99,140.26,140.66,16367.608
2025-11-17 14:55:00,140.66,140.79,139.73,140.16,10891.962
2025-11-17 15:00:00,140.16,140.79,139.79,140.01,10142.979
2025-11-17 15:05:00,140.01,140.57,138.44,138.78,12175.466
2025-11-17 15:10:00,138.78,139.1,138.53,138.77,10493.958
2025-11-17 15:15:00,138.77,139.01,136.89,136.98,14067.956
2025-11-17 15:20:00,136.98,138.21,136.89,137.79,7606.386
2025-11-17 15:25:00,137.79,139.37,137.59,138.8,9955.282
2025-11-17 15:30:00,138.8,139.17,137.59,137.71,10039.93
2025-11-17 15:35:00,137.71,137.98,137.05,137.34,6336.86
2025-11-17 15:40:00,137.34,137.8,137.01,137.73,4296.408
2025-11-17 15:45:00,137.73,138.04,136.99,137.22,4914.373
2025-11-17 15:50:00,137.22,137.54,136.86,137.27,7440.044
2025-11-17 15:55:00,137.27,137.35,136.93,137.14,3107.812
2025-11-17 16:00:00,137.14,137.19,135.74,135.78,18806.9
2025-11-17 16:05:00,135.78,135.78,135.2,135.48,11275.066
2025-11-17 16:10:00,135.48,135.54,135.07,135.13,8139.697
2025-11-17 16:15:00,135.13,135.13,133.45,133.8,15702.311
2025-11-17 16:20:00,133.8,135.88,133.33,134.88,16198.707
2025-11-17 16:25:00,134.88,135.48,134.41,135.27,11046.872
2025-11-17 16:30:00,135.27,135.9,134.9,134.94,7322.944
2025-11-17 16:35:00,134.94,135.76,134.83,135.74,7067.961
2025-11-17 16:40:00,135.74,136.22,135.0,135.07,10531.963
2025-11-17 16:45:00,135.07,135.17,134.33,134.52,9199.83
2025-11-17 16:50:00,134.52,136.04,134.46,135.78,10484.796
2025-11-17 16:55:00,135.78,136.14,135.42,135.87,8163.807
2025-11-17 17:00:00,135.87,135.95,135.22,135.48,7012.052
2025-11-17 17:05:00,135.48,135.83,135.22,135.6,5874.718
2025-11-17 17:10:00,135.6,135.76,134.7,134.79,7383.344
2025-11-17 17:15:00,134.79,135.02,134.25,134.95,10729.778
2025-11-17 17:20:00,134.95,135.05,134.44,134.54,11613.95
2025-11-17 17:25:00,134.54,134.54,133.95,134.04,6905.926
2025-11-17 17:30:00,134.04,134.14,133.13,133.66,14340.0
2025-11-17 17:35:00,133.66,133.91,132.8,133.01,11840.579
2025-11-17 17:40:00,133.01,133.01,132.19,132.51,15542.088
2025-11-17 17:45:00,132.51,132.61,131.77,132.35,21921.693
2025-11-17 17:50:00,132.35,132.52,131.94,131.97,8654.935
2025-11-17 17:55:00,131.97,132.38,131.84,132.04,7447.183
2025-11-17 18:00:00,132.04,132.61,131.68,132.59,13318.174
2025-11-17 18:05:00,132.59,132.88,132.34,132.63,12179.261
2025-11-17 18:10:00,132.63,133.18,131.5,131.66,11198.336
2025-11-17 18:15:00,131.66,131.9,131.14,131.54,18176.712
2025-11-17 18:20:00,131.54,131.74,131.02,131.31,9849.047
2025-11-17 18:25:00,131.31,131.51,131.03,131.1,6926.095
2025-11-17 18:30:00,131.1,131.53,130.96,131.27,10079.714
2025-11-17 18:35:00,131.27,131.35,130.57,131.2,12025.371
2025-11-17 18:40:00,131.2,131.28,130.81,131.26,6130.326
2025-11-17 18:45:00,131.26,131.89,131.19,131.21,9256.321
2025-11-17 18:50:00,131.21,131.4,130.93,131.02,5440.118
2025-11-17 18:55:00,131.02,131.02,130.44,130.53,9737.191
2025-11-17 19:00:00,130.53,131.01,130.17,130.29,8950.033
2025-11-17 19:05:00,130.29,131.06,130.04,130.73,4691.208
2025-11-17 19:10:00,130.73,130.78,130.12,130.24,6053.7
2025-11-17 19:15:00,130.24,130.48,129.73,129.8,21625.525
2025-11-17 19:20:00,129.8,130.41,129.73,130.01,7053.651
2025-11-17 19:25:00,130.01,130.39,129.92,130.35,5308.379
2025-11-17 19:30:00,130.35,130.59,129.38,130.33,14498.03
2025-11-17 19:35:00,130.33,131.29,129.9,130.0,16447.664
2025-11-17 19:40:00,130.0,130.62,130.0,130.35,11806.09
2025-11-17 19:45:00,130.35,130.56,129.71,130.07,14122.004
2025-11-17 19:50:00,130.07,130.36,129.57,129.97,16563.888
2025-11-17 19:55:00,129.97,130.03,129.57,129.64,3936.651
2025-11-17 20:00:00,129.64,129.88,128.82,129.88,15590.643
2025-11-17 20:05:00,129.88,130.33,129.39,129.79,13575.622
2025-11-17 20:10:00,129.79,130.11,129.56,129.7,6204.099
2025-11-17 20:15:00,129.7,130.57,129.68,130.16,9937.365
2025-11-17 20:20:00,130.16,130.54,130.01,130.46,5351.65
2025-11-17 20:25:00,130.46,130.78,129.86,130.05,7768.35
2025-11-17 20:30:00,130.05,130.28,129.34,129.6,10101.113
2025-11-17 20:35:00,129.6,130.37,129.42,129.47,7012.77
2025-11-17 20:40:00,129.47,129.84,129.45,129.59,4411.011
2025-11-17 20:45:00,129.59,130.31,129.42,130.17,6012.618
2025-11-17 20:50:00,130.17,130.85,129.9,130.07,13449.349
2025-11-17 20:55:00,130.07,130.57,130.07,130.39,5868.02
2025-11-17 21:00:00,130.39,130.75,130.12,130.31,10473.68
2025-11-17 21:05:00,130.31,130.77,130.3,130.57,4963.5
2025-11-17 21:10:00,130.57,130.97,130.46,130.85,8733.558
2025-11-17 21:15:00,130.85,130.85,130.02,130.07,4207.123
2025-11-17 21:20:00,130.07,130.65,129.86,130.57,6644.692
2025-11-17 21:25:00,130.57,130.75,130.24,130.4,3095.229
2025-11-17 21:30:00,130.4,130.4,130.09,130.32,2085.586
2025-11-17 21:35:00,130.32,130.67,129.83,130.59,3463.633
2025-11-17 21:40:00,130.59,130.89,130.38,130.43,4108.968
2025-11-17 21:45:00,130.43,130.46,130.09,130.19,2961.999
2025-11-17 21:50:00,130.19,130.57,130.1,130.5,2637.194
2025-11-17 21:55:00,130.5,130.87,130.46,130.69,1873.595
2025-11-17 22:00:00,130.69,130.7,130.32,130.61,4082.364
2025-11-17 22:05:00,130.61,131.07,130.57,131.03,2656.832
2025-11-17 22:10:00,131.03,131.19,130.71,130.89,5490.41
2025-11-17 22:15:00,130.89,131.31,130.65,131.0,7672.452
2025-11-17 22:20:00,131.0,131.71,130.9,131.58,9266.806
2025-11-17 22:25:00,131.58,131.68,131.22,131.56,3475.671
2025-11-17 22:30:00,131.56,131.56,131.2,131.48,1968.002
2025-11-17 22:35:00,131.48,131.83,131.48,131.63,2433.229
2025-11-17 22:40:00,131.63,131.91,131.61,131.7,3057.965
2025-11-17 22:45:00,131.7,131.81,131.53,131.6,2425.791
2025-11-17 22:50:00,131.6,131.96,131.45,131.61,2844.142
2025-11-17 22:55:00,131.61,131.72,131.27,131.3,3634.496
2025-11-17 23:00:00,131.3,131.6,131.13,131.39,1827.125
2025-11-17 23:05:00,131.39,131.77,131.12,131.27,2933.407
2025-11-17 23:10:00,131.27,131.36,130.65,131.1,6224.738
2025-11-17 23:15:00,131.1,131.36,130.47,130.61,7536.878
2025-11-17 23:20:00,130.61,130.91,130.36,130.61,6892.711
2025-11-17 23:25:00,130.61,130.72,130.25,130.44,2169.632
2025-11-17 23:30:00,130.44,130.91,130.26,130.89,2639.455
2025-11-17 23:35:00,130.89,130.89,130.57,130.66,1731.902
2025-11-17 23:40:00,130.66,130.81,130.51,130.68,1986.368
2025-11-17 23:45:00,130.68,130.83,130.54,130.76,1922.614
2025-11-17 23:50:00,130.76,131.07,130.74,130.99,1989.804
2025-11-17 23:55:00,130.99,131.11,130.94,131.0,2020.611
2025-11-18 00:00:00,131.0,131.09,130.65,131.05,4691.538
2025-11-18 00:05:00,131.05,131.44,131.01,131.41,3251.735
2025-11-18 00:10:00,131.41,131.44,131.01,131.13,4482.878
2025-11-18 00:15:00,131.13,131.24,130.61,130.62,3982.6
2025-11-18 00:20:00,130.62,131.1,130.54,131.02,1462.237
2025-11-18 00:25:00,131.02,131.05,130.22,130.24,3123.616
2025-11-18 00:30:00,130.24,130.3,129.85,129.85,5933.262
2025-11-18 00:35:00,129.85,130.29,129.68,129.96,3195.424
2025-11-18 00:40:00,129.96,130.02,129.22,129.39,7851.243
2025-11-18 00:45:00,129.39,130.85,129.05,130.73,10402.778
2025-11-18 00:50:00,130.73,131.47,130.66,130.9,8506.637
2025-11-18 00:55:00,130.9,131.53,130.73,131.31,10114.204
2025-11-18 01:00:00,131.31,131.61,131.02,131.31,4173.15
2025-11-18 01:05:00,131.31,131.94,131.18,131.8,7349.022
2025-11-18 01:10:00,131.8,132.04,131.64,131.65,4836.119
2025-11-18 01:15:00,131.65,132.22,131.57,132.22,5335.109
2025-11-18 01:20:00,132.22,132.39,131.75,131.75,3185.047
2025-11-18 01:25:00,131.75,131.75,130.98,131.27,3747.646
2025-11-18 01:30:00,131.27,131.94,131.25,131.78,3605.866
2025-11-18 01:35:00,131.78,132.1,131.65,131.72,4277.305
2025-11-18 01:40:00,131.72,131.97,131.68,131.97,2475.731
2025-11-18 01:45:00,131.97,132.25,131.66,131.75,3150.797
2025-11-18 01:50:00,131.75,131.85,131.55,131.7,2818.395
2025-11-18 01:55:00,131.7,132.08,131.57,132.03,2047.652
2025-11-18 02:00:00,132.03,132.03,131.0,131.15,5857.568
2025-11-18 02:05:00,131.15,131.85,131.03,131.77,5542.965
2025-11-18 02:10:00,131.77,131.87,131.32,131.55,4738.735
2025-11-18 02:15:00,131.55,131.7,130.48,131.19,14822.393
2025-11-18 02:20:00,131.19,132.9,131.09,132.71,17047.193
2025-11-18 02:25:00,132.71,133.42,132.69,133.28,7664.854
2025-11-18 02:30:00,133.28,134.65,133.15,134.01,15281.979
2025-11-18 02:35:00,134.01,134.16,133.07,133.34,11888.155
2025-11-18 02:40:00,133.34,134.11,133.34,133.93,6201.229
2025-11-18 02:45:00,133.93,134.48,133.56,133.56,10554.615
2025-11-18 02:50:00,133.56,133.63,132.91,133.0,6927.436
2025-11-18 02:55:00,133.0,133.0,131.97,132.39,10500.546
2025-11-18 03:00:00,132.39,132.41,131.46,132.08,20319.424
2025-11-18 03:05:00,132.08,133.14,132.01,132.48,12168.537
2025-11-18 03:10:00,132.48,132.72,132.33,132.55,6932.438
2025-11-18 03:15:00,132.55,133.31,132.45,133.08,9488.498
2025-11-18 03:20:00,133.08,133.27,132.71,132.97,7290.699
2025-11-18 03:25:00,132.97,133.04,132.24,132.26,6358.296
2025-11-18 03:30:00,132.26,133.08,131.76,132.05,14510.592
2025-11-18 03:35:00,132.05,134.25,132.05,134.14,16071.037
2025-11-18 03:40:00,134.14,134.5,133.74,134.31,10793.225
2025-11-18 03:45:00,134.31,135.21,134.31,134.59,20371.658
2025-11-18 03:50:00,134.59,134.96,134.47,134.48,7852.672
2025-11-18 03:55:00,134.48,134.63,134.31,134.52,4764.44
2025-11-18 04:00:00,134.52,134.77,134.0,134.01,5888.315
2025-11-18 04:05:00,134.01,134.2,133.46,133.73,10152.043
2025-11-18 04:10:00,133.73,133.74,133.19,133.23,5283.12
2025-11-18 04:15:00,133.23,133.5,132.79,133.0,7296.135
2025-11-18 04:20:00,133.0,133.69,132.79,133.36,5046.235
2025-11-18 04:25:00,133.36,133.68,132.55,132.71,11164.653
2025-11-18 04:30:00,132.71,133.59,132.71,133.5,7483.179
2025-11-18 04:35:00,133.5,134.05,133.47,133.78,5857.521
2025-11-18 04:40:00,133.78,133.98,133.34,133.38,3388.465
2025-11-18 04:45:00,133.38,134.43,132.93,134.16,11153.666
2025-11-18 04:50:00,134.16,134.7,134.0,134.44,7630.06
2025-11-18 04:55:00,134.44,136.08,134.28,135.5,17923.747
2025-11-18 05:00:00,135.5,135.65,134.91,135.32,8530.331
2025-11-18 05:05:00,135.32,135.98,135.15,135.53,13325.964
2025-11-18 05:10:00,135.53,136.11,135.48,135.9,7651.182
2025-11-18 05:15:00,135.9,136.18,135.7,136.07,10485.605
2025-11-18 05:20:00,136.07,136.37,135.93,136.08,9289.499
2025-11-18 05:25:00,136.08,136.16,135.61,135.87,5998.496
2025-11-18 05:30:00,135.87,136.13,135.53,136.09,5626.695
2025-11-18 05:35:00,136.09,136.46,135.72,135.84,5663.326
2025-11-18 05:40:00,135.84,136.1,135.64,136.1,5056.823
2025-11-18 05:45:00,136.1,136.74,136.04,136.37,8610.491
2025-11-18 05:50:00,136.37,136.43,135.48,135.54,5301.717
2025-11-18 05:55:00,135.54,136.11,135.52,135.95,6374.424
2025-11-18 06:00:00,135.95,135.99,135.48,135.61,5891.249
2025-11-18 06:05:00,135.61,136.3,135.54,136.3,13317.2
2025-11-18 06:10:00,136.3,137.15,136.1,136.98,15337.101
2025-11-18 06:15:00,136.98,136.99,136.46,136.74,7131.932
2025-11-18 06:20:00,136.74,136.74,136.2,136.28,4017.059
2025-11-18 06:25:00,136.28,136.28,135.85,136.04,5911.143
2025-11-18 06:30:00,136.04,136.07,135.33,135.41,5190.342
2025-11-18 06:35:00,135.41,135.69,135.15,135.31,6206.478
2025-11-18 06:40:00,135.31,135.65,135.03,135.58,8134.186
2025-11-18 06:45:00,135.58,136.21,135.56,135.65,7051.693
2025-11-18 06:50:00,135.65,135.9,135.39,135.85,5964.474
2025-11-18 06:55:00,135.85,136.31,135.58,135.68,3307.986
2025-11-18 07:00:00,135.68,135.74,135.01,135.1,5015.669
2025-11-18 07:05:00,135.1,136.81,135.1,136.77,15476.325
2025-11-18 07:10:00,136.77,137.12,136.56,136.6,12263.629
2025-11-18 07:15:00,136.6,136.69,135.91,135.94,8583.33
2025-11-18 07:20:00,135.94,136.78,135.93,136.69,5216.842
2025-11-18 07:25:00,136.69,137.3,136.67,137.01,11987.82
2025-11-18 07:30:00,137.01,137.64,136.79,137.1,15854.202
2025-11-18 07:35:00,137.1,137.79,136.78,137.48,8796.078
2025-11-18 07:40:00,137.48,137.77,137.11,137.12,14306.513
2025-11-18 07:45:00,137.12,137.29,136.83,136.96,3201.539
2025-11-18 07:50:00,136.96,137.18,136.75,137.07,3222.538
2025-11-18 07:55:00,137.07,137.11,136.79,136.97,3608.333
2025-11-18 08:00:00,136.97,137.57,136.94,137.51,5361.679
2025-11-18 08:05:00,137.51,137.87,137.06,137.65,9723.955
2025-11-18 08:10:00,137.65,137.73,137.27,137.32,3180.549
2025-11-18 08:15:00,137.32,137.84,136.99,137.5,4959.43
2025-11-18 08:20:00,137.5,137.54,137.07,137.26,4093.304
2025-11-18 08:25:00,137.26,137.26,136.99,137.0,2763.491
2025-11-18 08:30:00,137.0,137.55,136.96,137.51,3930.932
2025-11-18 08:35:00,137.51,138.1,137.51,137.91,9564.608
2025-11-18 08:40:00,137.91,138.25,137.85,137.99,9954.579
2025-11-18 08:45:00,137.99,138.15,137.71,137.96,6918.868
2025-11-18 08:50:00,137.96,137.96,137.58,137.77,3616.531
2025-11-18 08:55:00,137.77,137.93,137.65,137.75,1654.21
2025-11-18 09:00:00,137.75,137.88,137.52,137.53,8619.883
2025-11-18 09:05:00,137.53,137.6,136.69,136.97,6603.206
2025-11-18 09:10:00,136.97,137.16,136.78,136.88,3680.456
2025-11-18 09:15:00,136.88,137.37,136.88,137.23,4143.633
2025-11-18 09:20:00,137.23,137.32,136.56,136.68,4689.687
2025-11-18 09:25:00,136.68,136.76,136.46,136.72,5465.868
2025-11-18 09:30:00,136.72,137.09,136.68,136.89,4069.368
2025-11-18 09:35:00,136.89,137.33,136.88,137.31,3588.296
2025-11-18 09:40:00,137.31,137.4,137.07,137.36,6705.14
2025-11-18 09:45:00,137.36,137.8,137.33,137.73,4148.966
2025-11-18 09:50:00,137.73,137.93,137.7,137.77,4069.749
2025-11-18 09:55:00,137.77,138.17,137.59,137.83,7577.025
2025-11-18 10:00:00,137.83,138.1,137.7,138.09,7713.854
2025-11-18 10:05:00,138.09,138.17,137.83,137.96,3922.592
2025-11-18 10:10:00,137.96,138.09,137.93,138.02,2185.158
2025-11-18 10:15:00,138.02,138.32,137.97,138.02,2926.225
2025-11-18 10:20:00,138.02,138.03,137.61,137.75,4039.134
2025-11-18 10:25:00,137.75,138.5,137.69,138.42,3401.408
2025-11-18 10:30:00,138.42,139.09,138.36,138.6,8103.952
2025-11-18 10:35:00,138.6,138.61,138.17,138.36,6611.368
2025-11-18 10:40:00,138.36,138.36,138.15,138.21,3070.61
2025-11-18 10:45:00,138.21,138.28,137.84,137.94,3701.855
2025-11-18 10:50:00,137.94,138.27,137.68,137.95,5251.957
2025-11-18 10:55:00,137.95,138.18,137.66,137.98,7175.819
2025-11-18 11:00:00,137.98,138.07,137.62,137.78,2683.569
2025-11-18 11:05:00,137.78,137.85,137.62,137.72,3862.705
2025-11-18 11:10:00,137.72,138.04,137.51,137.66,4715.313
2025-11-18 11:15:00,137.66,137.78,137.27,137.45,3770.035
2025-11-18 11:20:00,137.45,138.21,137.44,138.08,2542.447
2025-11-18 11:25:00,138.08,138.17,137.92,138.07,1651.172
2025-11-18 11:30:00,138.07,138.11,137.62,137.75,2858.806
2025-11-18 11:35:00,137.75,138.18,137.74,137.98,3531.158
2025-11-18 11:40:00,137.98,138.11,137.97,138.07,2378.202
2025-11-18 11:45:00,138.07,138.17,138.03,138.11,2900.11
2025-11-18 11:50:00,138.11,138.11,137.8,137.8,2560.332
2025-11-18 11:55:00,137.8,137.95,137.72,137.87,1994.752
2025-11-18 12:00:00,137.87,137.89,137.4,137.43,3346.857
2025-11-18 12:05:00,137.43,137.75,137.43,137.7,3979.449
2025-11-18 12:10:00,137.7,137.94,136.97,137.06,6823.546
2025-11-18 12:15:00,137.06,137.7,136.98,137.65,4156.123
2025-11-18 12:20:00,137.65,137.76,137.31,137.49,4512.415
2025-11-18 12:25:00,137.49,137.49,137.11,137.3,1914.378
2025-11-18 12:30:00,137.3,137.7,137.28,137.69,3428.505
2025-11-18 12:35:00,137.69,138.07,137.61,137.96,2736.926
2025-11-18 12:40:00,137.96,138.58,137.96,138.55,7237.689
2025-11-18 12:45:00,138.55,138.58,138.36,138.4,7046.688
2025-11-18 12:50:00,138.4,138.42,138.02,138.25,2970.406
2025-11-18 12:55:00,138.25,138.35,137.9,138.22,3749.424
2025-11-18 13:00:00,138.22,138.23,137.71,137.93,4278.645
2025-11-18 13:05:00,137.93,137.93,137.47,137.49,2693.427
2025-11-18 13:10:00,137.49,137.85,137.49,137.76,1553.907
2025-11-18 13:15:00,137.76,137.97,137.55,137.55,2289.983
2025-11-18 13:20:00,137.55,137.61,137.06,137.16,3500.032
2025-11-18 13:25:00,137.16,137.2,136.83,136.98,5286.051
2025-11-18 13:30:00,136.98,137.5,136.87,137.36,3480.366
2025-11-18 13:35:00,137.36,137.57,136.94,137.28,4883.908
2025-11-18 13:40:00,137.28,138.17,137.28,137.71,6282.051
2025-11-18 13:45:00,137.71,138.2,137.71,137.94,3154.042
2025-11-18 13:50:00,137.94,138.39,137.84,138.33,2477.752
2025-11-18 13:55:00,138.33,138.33,138.06,138.28,4122.789
2025-11-18 14:00:00,138.28,138.4,137.92,138.04,3773.719
2025-11-18 14:05:00,138.04,138.27,137.9,138.0,2377.091
2025-11-18 14:10:00,138.0,138.33,137.77,138.0,3057.521
2025-11-18 14:15:00,138.0,138.49,138.0,138.2,2891.404
2025-11-18 14:20:00,138.2,138.8,137.92,138.77,3075.408
2025-11-18 14:25:00,138.77,139.4,138.57,138.73,12037.959
2025-11-18 14:30:00,138.73,139.71,137.88,139.16,23503.92
2025-11-18 14:35:00,139.16,139.88,139.02,139.27,13304.097
2025-11-18 14:40:00,139.27,139.65,138.5,138.51,15481.8
2025-11-18 14:45:00,138.51,139.19,138.09,138.61,5090.346
2025-11-18 14:50:00,138.61,138.86,138.06,138.32,4588.76
2025-11-18 14:55:00,138.32,138.34,137.49,137.49,5360.547
2025-11-18 15:00:00,137.49,137.88,137.19,137.35,7259.109
2025-11-18 15:05:00,137.35,138.68,137.35,138.65,20416.94
2025-11-18 15:10:00,138.65,139.76,138.61,139.32,13240.824
2025-11-18 15:15:00,139.32,139.82,139.03,139.68,9528.859
2025-11-18 15:20:00,139.68,141.06,139.59,140.35,22666.387
2025-11-18 15:25:00,140.35,141.24,140.08,140.91,10575.948
2025-11-18 15:30:00,140.91,142.11,140.91,140.95,20168.487
2025-11-18 15:35:00,140.95,141.48,140.46,141.46,9980.782
2025-11-18 15:40:00,141.46,141.52,140.27,140.61,7534.053
2025-11-18 15:45:00,140.61,140.65,139.68,139.92,8002.927
2025-11-18 15:50:00,139.92,140.32,139.43,140.09,8919.206
2025-11-18 15:55:00,140.09,140.17,139.66,139.71,4172.323
2025-11-18 16:00:00,139.71,139.92,139.15,139.39,8034.29
2025-11-18 16:05:00,139.39,140.36,138.78,140.18,10189.374
2025-11-18 16:10:00,140.18,140.23,139.61,139.69,10472.358
2025-11-18 16:15:00,139.69,140.91,139.42,140.81,11180.694
2025-11-18 16:20:00,140.81,141.1,140.62,140.69,13342.282
2025-11-18 16:25:00,140.69,141.66,140.69,141.31,9314.847
2025-11-18 16:30:00,141.31,142.0,141.09,141.24,7430.628
2025-11-18 16:35:00,141.24,141.35,140.64,140.86,6264.765
2025-11-18 16:40:00,140.86,141.08,140.61,140.8,6485.617
2025-11-18 16:45:00,140.8,141.31,140.65,141.12,5896.579
2025-11-18 16:50:00,141.12,141.27,140.7,140.9,5128.025
2025-11-18 16:55:00,140.9,141.26,140.85,141.09,2293.361
2025-11-18 17:00:00,141.09,141.18,140.94,141.01,3511.024
2025-11-18 17:05:00,141.01,141.01,140.61,140.74,2514.497
2025-11-18 17:10:00,140.74,140.91,140.16,140.29,3619.482
2025-11-18 17:15:00,140.29,140.44,140.14,140.23,3415.106
2025-11-18 17:20:00,140.23,140.61,140.05,140.12,3207.364
2025-11-18 17:25:00,140.12,140.13,139.37,139.6,6885.503
2025-11-18 17:30:00,139.6,139.64,139.32,139.6,2757.91
2025-11-18 17:35:00,139.6,140.23,139.6,140.18,3133.442
2025-11-18 17:40:00,140.18,140.55,140.18,140.54,3621.359
2025-11-18 17:45:00,140.54,140.57,140.23,140.37,2643.286
2025-11-18 17:50:00,140.37,140.42,140.16,140.27,1581.585
2025-11-18 17:55:00,140.27,140.35,140.05,140.06,1675.669
2025-11-18 18:00:00,140.06,140.55,140.02,140.39,2357.592
2025-11-18 18:05:00,140.39,141.02,140.39,140.92,2810.308
2025-11-18 18:10:00,140.92,141.26,140.92,141.25,3412.093
2025-11-18 18:15:00,141.25,141.3,141.06,141.11,1682.914
2025-11-18 18:20:00,141.11,141.14,140.88,141.1,1873.123
2025-11-18 18:25:00,141.1,141.13,140.8,140.89,1813.97
2025-11-18 18:30:00,140.89,141.16,140.74,141.15,1787.74
2025-11-18 18:35:00,141.15,141.4,140.85,141.03,2518.813
2025-11-18 18:40:00,141.03,141.28,141.0,141.15,3317.328
2025-11-18 18:45:00,141.15,141.65,141.0,141.6,4323.502
2025-11-18 18:50:00,141.6,141.82,141.53,141.64,4891.505
2025-11-18 18:55:00,141.64,141.64,141.31,141.47,2563.611
2025-11-18 19:00:00,141.47,141.53,141.04,141.2,1479.718
2025-11-18 19:05:00,141.2,141.32,141.08,141.27,1180.077
2025-11-18 19:10:00,141.27,141.64,141.11,141.54,3335.627
2025-11-18 19:15:00,141.54,141.89,141.35,141.88,2389.406
2025-11-18 19:20:00,141.88,142.0,141.75,141.84,5074.288
2025-11-18 19:25:00,141.84,141.84,141.66,141.75,2247.456
2025-11-18 19:30:00,141.75,141.89,141.49,141.51,2191.587
2025-11-18 19:35:00,141.51,142.13,141.41,142.01,5912.772
2025-11-18 19:40:00,142.01,142.03,141.22,141.26,1945.319
2025-11-18 19:45:00,141.26,141.31,141.07,141.07,2039.032
2025-11-18 19:50:00,141.07,141.23,140.96,141.05,3869.746
2025-11-18 19:55:00,141.05,141.45,140.91,141.44,1816.599
2025-11-18 20:00:00,141.44,141.61,141.3,141.44,2649.172
2025-11-18 20:05:00,141.44,141.48,141.25,141.47,2566.582
2025-11-18 20:10:00,141.47,141.53,141.2,141.39,1887.196
2025-11-18 20:15:00,141.39,141.77,141.36,141.69,1900.32
2025-11-18 20:20:00,141.69,141.86,141.58,141.78,1757.523
2025-11-18 20:25:00,141.78,141.99,141.65,141.98,2105.333
2025-11-18 20:30:00,141.98,142.11,141.56,141.59,2874.983
2025-11-18 20:35:00,141.59,141.82,141.56,141.74,3780.155
2025-11-18 20:40:00,141.74,141.79,141.57,141.62,3199.173
2025-11-18 20:45:00,141.62,141.69,141.26,141.35,3409.572
2025-11-18 20:50:00,141.35,141.97,141.35,141.88,3958.215
2025-11-18 20:55:00,141.88,142.04,141.12,141.12,5703.524
2025-11-18 21:00:00,141.12,141.22,140.62,140.86,5010.384
2025-11-18 21:05:00,140.86,141.08,140.5,140.71,3054.132
2025-11-18 21:10:00,140.71,141.08,140.7,141.03,1858.153
2025-11-18 21:15:00,141.03,141.25,140.85,141.18,1767.753
2025-11-18 21:20:00,141.18,141.57,141.03,141.08,2123.078
2025-11-18 21:25:00,141.08,141.42,141.08,141.1,2206.977
2025-11-18 21:30:00,141.1,141.15,140.31,140.47,3478.706
2025-11-18 21:35:00,140.47,140.48,140.29,140.3,2535.375
2025-11-18 21:40:00,140.3,140.33,139.98,139.98,2214.373
2025-11-18 21:45:00,139.98,140.04,139.67,139.76,3482.887
2025-11-18 21:50:00,139.76,139.98,139.71,139.78,1781.51
2025-11-18 21:55:00,139.78,139.8,139.66,139.74,2911.254
2025-11-18 22:00:00,139.74,140.04,139.71,139.78,6104.745
2025-11-18 22:05:00,139.78,140.34,139.77,140.27,4267.369
2025-11-18 22:10:00,140.27,140.61,140.21,140.58,3702.997
2025-11-18 22:15:00,140.58,140.94,140.39,140.86,3275.618
2025-11-18 22:20:00,140.86,141.19,140.81,141.11,3798.091
2025-11-18 22:25:00,141.11,141.57,141.07,141.44,7799.481
2025-11-18 22:30:00,141.44,141.83,141.2,141.78,2771.813
2025-11-18 22:35:00,141.78,141.86,141.34,141.35,1959.636
2025-11-18 22:40:00,141.35,141.63,141.35,141.42,1589.768
2025-11-18 22:45:00,141.42,141.51,141.09,141.14,1805.667
2025-11-18 22:50:00,141.14,141.48,141.13,141.45,1044.461
2025-11-18 22:55:00,141.45,141.6,141.32,141.44,1599.474
2025-11-18 23:00:00,141.44,141.59,141.29,141.4,2307.036
2025-11-18 23:05:00,141.4,141.6,140.95,140.95,2725.944
2025-11-18 23:10:00,140.95,141.08,140.79,140.99,1886.355
2025-11-18 23:15:00,140.99,141.05,140.74,140.86,1067.029
2025-11-18 23:20:00,140.86,141.11,140.85,140.93,1498.47
2025-11-18 23:25:00,140.93,141.2,140.89,141.06,2091.964
2025-11-18 23:30:00,141.06,141.16,140.74,140.93,1028.818
2025-11-18 23:35:00,140.93,141.03,140.9,140.93,1246.569
2025-11-18 23:40:00,140.93,141.04,140.8,140.94,921.293
2025-11-18 23:45:00,140.94,141.01,140.53,140.54,1524.022
2025-11-18 23:50:00,140.54,140.79,140.48,140.72,1946.038
2025-11-18 23:55:00,140.72,140.9,140.66,140.69,1097.537
2025-11-19 00:00:00,140.69,140.7,140.03,140.09,3302.156
2025-11-19 00:05:00,140.09,140.14,139.76,140.04,2762.595
2025-11-19 00:10:00,140.04,140.17,139.82,139.92,2623.839
2025-11-19 00:15:00,139.92,140.05,139.29,139.29,4455.087
2025-11-19 00:20:00,139.29,139.93,139.29,139.77,7422.538
2025-11-19 00:25:00,139.77,140.1,139.77,139.96,2346.416
2025-11-19 00:30:00,139.96,140.17,139.81,139.81,2301.451
2025-11-19 00:35:00,139.81,140.1,139.76,140.09,2153.501
2025-11-19 00:40:00,140.09,141.26,140.09,141.09,4391.007
2025-11-19 00:45:00,141.09,141.3,140.95,141.27,10523.418
2025-11-19 00:50:00,141.27,141.62,141.27,141.38,6697.91
2025-11-19 00:55:00,141.38,141.59,141.11,141.15,2185.844
2025-11-19 01:00:00,141.15,141.19,140.61,140.88,4687.612
2025-11-19 01:05:00,140.88,141.2,140.68,140.81,5436.915
2025-11-19 01:10:00,140.81,140.81,140.29,140.34,3851.13
2025-11-19 01:15:00,140.34,140.84,140.24,140.74,2468.357
2025-11-19 01:20:00,140.74,141.8,140.68,141.09,4579.708
2025-11-19 01:25:00,141.09,141.41,141.05,141.41,2078.707
2025-11-19 01:30:00,141.41,141.44,140.33,140.53,4381.072
2025-11-19 01:35:00,140.53,141.0,140.49,140.7,1883.126
2025-11-19 01:40:00,140.7,140.76,140.43,140.62,1363.64
2025-11-19 01:45:00,140.62,140.67,140.04,140.08,3279.078
2025-11-19 01:50:00,140.08,140.43,140.05,140.21,7250.928
2025-11-19 01:55:00,140.21,140.37,139.83,140.37,2511.681
2025-11-19 02:00:00,140.37,140.61,140.04,140.27,2482.113
2025-11-19 02:05:00,140.27,141.2,140.26,141.13,2920.515
2025-11-19 02:10:00,141.13,141.51,141.1,141.38,1786.074
2025-11-19 02:15:00,141.38,141.76,141.17,141.24,4508.502
2025-11-19 02:20:00,141.24,141.24,140.73,141.14,2205.375
2025-11-19 02:25:00,141.14,141.33,140.99,141.27,1525.922
2025-11-19 02:30:00,141.27,141.45,141.16,141.37,1636.188
2025-11-19 02:35:00,141.37,141.78,141.11,141.78,1647.936
2025-11-19 02:40:00,141.78,141.79,141.18,141.23,2488.166
2025-11-19 02:45:00,141.23,141.87,141.19,141.86,1784.777
2025-11-19 02:50:00,141.86,142.53,141.84,142.49,10237.935
2025-11-19 02:55:00,142.49,142.83,142.18,142.24,7111.01
2025-11-19 03:00:00,142.24,142.46,142.0,142.34,3597.375
2025-11-19 03:05:00,142.34,142.34,141.5,141.62,5024.443
2025-11-19 03:10:00,141.62,141.71,141.43,141.5,4754.815
2025-11-19 03:15:00,141.5,141.5,140.76,140.85,6059.73
2025-11-19 03:20:00,140.85,141.01,140.58,140.73,3654.554
2025-11-19 03:25:00,140.73,140.86,140.51,140.78,2689.224
2025-11-19 03:30:00,140.78,140.78,140.33,140.33,2593.229
2025-11-19 03:35:00,140.33,140.42,139.63,139.88,12195.291
2025-11-19 03:40:00,139.88,140.2,139.61,139.94,5234.676
2025-11-19 03:45:00,139.94,140.06,139.44,139.52,3095.845
2025-11-19 03:50:00,139.52,140.0,139.52,139.76,3343.155
2025-11-19 03:55:00,139.76,139.96,139.65,139.81,2830.917
2025-11-19 04:00:00,139.81,139.98,139.48,139.64,2480.156
2025-11-19 04:05:00,139.64,140.19,139.64,139.97,2742.672
2025-11-19 04:10:00,139.97,140.09,139.62,139.81,1810.572
2025-11-19 04:15:00,139.81,140.26,139.57,140.09,2666.84
2025-11-19 04:20:00,140.09,140.1,139.7,139.95,3393.728
2025-11-19 04:25:00,139.95,139.95,139.51,139.61,1869.962
2025-11-19 04:30:00,139.61,139.72,138.89,138.97,8004.082
2025-11-19 04:35:00,138.97,139.07,138.54,138.72,4821.04
2025-11-19 04:40:00,138.72,139.01,138.71,138.75,2684.096
2025-11-19 04:45:00,138.75,138.88,138.54,138.88,2635.477
2025-11-19 04:50:00,138.88,139.02,138.62,138.75,1744.867
2025-11-19 04:55:00,138.75,138.76,138.42,138.68,4778.064
2025-11-19 05:00:00,138.68,139.13,138.36,138.63,5732.251
2025-11-19 05:05:00,138.63,138.78,138.19,138.43,3800.645
2025-11-19 05:10:00,138.43,138.52,138.34,138.34,1826.701
2025-11-19 05:15:00,138.34,138.59,138.14,138.47,3919.299
2025-11-19 05:20:00,138.47,138.54,138.05,138.22,3461.004
2025-11-19 05:25:00,138.22,138.22,137.9,138.1,10519.751
2025-11-19 05:30:00,138.1,138.28,137.68,137.68,7725.655
2025-11-19 05:35:00,137.68,137.84,137.31,137.48,8639.205
2025-11-19 05:40:00,137.48,137.54,137.25,137.29,4914.968
2025-11-19 05:45:00,137.29,137.75,137.12,137.61,12397.728
2025-11-19 05:50:00,137.61,138.18,137.53,138.11,11497.885
2025-11-19 05:55:00,138.11,138.2,137.68,137.98,10296.445
2025-11-19 06:00:00,137.98,138.16,137.79,138.09,4505.593
2025-11-19 06:05:00,138.09,138.5,137.6,138.22,9092.832
2025-11-19 06:10:00,138.22,138.52,137.95,138.38,4823.677
2025-11-19 06:15:00,138.38,138.6,138.2,138.26,2768.471
2025-11-19 06:20:00,138.26,138.29,138.01,138.15,1245.903
2025-11-19 06:25:00,138.15,138.52,138.15,138.39,1596.415
2025-11-19 06:30:00,138.39,139.05,138.36,139.0,4040.363
2025-11-19 06:35:00,139.0,139.22,138.68,138.87,4165.621
2025-11-19 06:40:00,138.87,139.17,138.85,139.01,3284.153
2025-11-19 06:45:00,139.01,139.05,138.74,138.83,1491.65
2025-11-19 06:50:00,138.83,139.32,138.82,139.11,1991.787
2025-11-19 06:55:00,139.11,139.17,138.91,139.06,1146.021
2025-11-19 07:00:00,139.06,139.5,139.02,139.45,2336.435
2025-11-19 07:05:00,139.45,139.79,139.45,139.71,4755.365
2025-11-19 07:10:00,139.71,139.75,139.48,139.65,1879.288
2025-11-19 07:15:00,139.65,139.65,139.32,139.44,2356.477
2025-11-19 07:20:00,139.44,139.82,139.34,139.59,2447.506
2025-11-19 07:25:00,139.59,139.61,139.36,139.46,1440.287
2025-11-19 07:30:00,139.46,140.0,139.24,139.99,3119.363
2025-11-19 07:35:00,139.99,140.41,139.81,140.27,7078.032
2025-11-19 07:40:00,140.27,140.63,140.22,140.56,3867.457
2025-11-19 07:45:00,140.56,141.12,140.44,140.94,4315.575
2025-11-19 07:50:00,140.94,141.01,140.5,140.5,2698.16
2025-11-19 07:55:00,140.5,140.69,140.48,140.61,1996.066
2025-11-19 08:00:00,140.61,140.68,140.42,140.64,1703.75
2025-11-19 08:05:00,140.64,140.7,140.35,140.35,1972.909
2025-11-19 08:10:00,140.35,140.54,140.25,140.54,1787.379
2025-11-19 08:15:00,140.54,140.55,140.15,140.23,1940.118
2025-11-19 08:20:00,140.23,140.5,140.11,140.42,7772.726
2025-11-19 08:25:00,140.42,141.03,140.39,140.89,2633.828
2025-11-19 08:30:00,140.89,140.92,140.69,140.86,1639.694
2025-11-19 08:35:00,140.86,140.86,140.57,140.62,1929.644
2025-11-19 08:40:00,140.62,140.62,140.14,140.32,2826.381
2025-11-19 08:45:00,140.32,140.42,140.04,140.11,2232.293
2025-11-19 08:50:00,140.11,140.11,139.83,139.84,2692.611
2025-11-19 08:55:00,139.84,140.25,139.77,140.18,6095.465
2025-11-19 09:00:00,140.18,140.18,139.43,139.45,6569.266
2025-11-19 09:05:00,139.45,139.6,139.18,139.55,2539.155
2025-11-19 09:10:00,139.55,139.75,139.5,139.75,1936.718
2025-11-19 09:15:00,139.75,139.77,139.32,139.53,2702.71
2025-11-19 09:20:00,139.53,139.74,139.01,139.12,2676.821
2025-11-19 09:25:00,139.12,139.27,139.03,139.26,1563.195
2025-11-19 09:30:00,139.26,139.77,139.26,139.43,2185.152
2025-11-19 09:35:00,139.43,139.67,139.37,139.57,1136.597
2025-11-19 09:40:00,139.57,139.61,139.36,139.42,2896.563
2025-11-19 09:45:00,139.42,139.47,139.01,139.29,2088.476
2025-11-19 09:50:00,139.29,139.63,139.15,139.63,2765.955
2025-11-19 09:55:00,139.63,139.86,139.55,139.71,1910.643
2025-11-19 10:00:00,139.71,139.81,139.55,139.67,1956.783
2025-11-19 10:05:00,139.67,140.31,139.66,139.95,2406.282
2025-11-19 10:10:00,139.95,140.05,139.7,139.72,1598.661
2025-11-19 10:15:00,139.72,139.8,139.3,139.4,1778.762
2025-11-19 10:20:00,139.4,139.51,139.23,139.5,762.463
2025-11-19 10:25:00,139.5,139.73,139.39,139.63,2322.123
2025-11-19 10:30:00,139.63,139.63,139.33,139.47,1656.957
2025-11-19 10:35:00,139.47,139.81,139.45,139.73,977.849
2025-11-19 10:40:00,139.73,139.98,139.68,139.87,1479.677
2025-11-19 10:45:00,139.87,139.87,139.38,139.46,1220.954
2025-11-19 10:50:00,139.46,139.63,139.37,139.61,1149.881
2025-11-19 10:55:00,139.61,139.61,139.48,139.54,822.361
2025-11-19 11:00:00,139.54,139.59,139.32,139.45,1129.088
2025-11-19 11:05:00,139.45,139.83,139.4,139.54,2618.883
2025-11-19 11:10:00,139.54,139.66,139.32,139.66,1645.546
2025-11-19 11:15:00,139.66,139.74,139.34,139.52,2659.112
2025-11-19 11:20:00,139.52,139.65,139.35,139.35,3405.106
2025-11-19 11:25:00,139.35,139.38,138.93,138.97,3580.586
2025-11-19 11:30:00,138.97,139.13,138.8,139.09,2341.071
2025-11-19 11:35:00,139.09,139.13,138.68,138.87,6906.751
2025-11-19 11:40:00,138.87,138.97,138.79,138.81,2523.131
2025-11-19 11:45:00,138.81,138.89,138.7,138.78,2289.613
2025-11-19 11:50:00,138.78,138.91,138.51,138.52,1944.387
2025-11-19 11:55:00,138.52,138.62,138.37,138.56,2906.101
2025-11-19 12:00:00,138.56,138.71,138.27,138.67,1858.948
2025-11-19 12:05:00,138.67,139.01,138.56,138.97,1410.604
2025-11-19 12:10:00,138.97,138.97,138.51,138.72,2177.292
2025-11-19 12:15:00,138.72,138.86,138.57,138.64,1233.158
2025-11-19 12:20:00,138.64,138.78,138.3,138.78,2357.25
2025-11-19 12:25:00,138.78,138.85,138.5,138.5,6919.322
2025-11-19 12:30:00,138.5,138.84,138.5,138.69,2136.387
2025-11-19 12:35:00,138.69,138.72,138.19,138.41,1603.354
2025-11-19 12:40:00,138.41,138.72,138.39,138.65,1408.559
2025-11-19 12:45:00,138.65,138.95,138.56,138.91,2970.518
2025-11-19 12:50:00,138.91,139.21,138.83,138.89,3211.603
2025-11-19 12:55:00,138.89,139.16,138.82,138.96,2193.738
2025-11-19 13:00:00,138.96,138.98,138.42,138.5,2213.33
2025-11-19 13:05:00,138.5,138.5,138.13,138.47,4267.836
2025-11-19 13:10:00,138.47,138.58,138.33,138.42,2204.03
2025-11-19 13:15:00,138.42,138.83,138.38,138.65,1355.655
2025-11-19 13:20:00,138.65,138.72,138.16,138.53,1348.528
2025-11-19 13:25:00,138.53,138.75,138.53,138.71,2394.112
2025-11-19 13:30:00,138.71,138.93,138.03,138.03,3347.74
2025-11-19 13:35:00,138.03,138.09,137.8,137.89,6986.55
2025-11-19 13:40:00,137.89,137.99,137.75,137.84,1802.614
2025-11-19 13:45:00,137.84,137.95,137.25,137.32,12179.978
2025-11-19 13:50:00,137.32,137.52,136.79,136.9,9456.356
2025-11-19 13:55:00,136.9,137.1,136.7,136.75,4173.729
2025-11-19 14:00:00,136.75,137.01,136.24,136.25,11718.102
2025-11-19 14:05:00,136.25,136.46,136.02,136.15,12272.606
2025-11-19 14:10:00,136.15,137.01,136.15,136.89,4881.055
2025-11-19 14:15:00,136.89,137.16,136.48,136.55,9769.605
2025-11-19 14:20:00,136.55,136.79,136.22,136.25,4541.412
2025-11-19 14:25:00,136.25,136.28,136.01,136.16,6819.76
2025-11-19 14:30:00,136.16,137.28,136.16,136.88,9298.371
2025-11-19 14:35:00,136.88,137.34,136.51,136.92,7838.484
2025-11-19 14:40:00,136.92,137.73,136.64,137.58,6809.307
2025-11-19 14:45:00,137.58,137.85,137.12,137.37,7672.302
2025-11-19 14:50:00,137.37,137.47,136.87,137.23,3988.878
2025-11-19 14:55:00,137.23,137.31,136.78,137.22,3096.626
2025-11-19 15:00:00,137.22,138.28,137.16,138.1,7303.732
2025-11-19 15:05:00,138.1,138.93,138.01,138.82,7838.85
2025-11-19 15:10:00,138.82,138.89,138.08,138.21,4433.159
2025-11-19 15:15:00,138.21,139.08,138.19,138.27,5634.614
2025-11-19 15:20:00,138.27,138.27,136.48,136.86,14125.136
2025-11-19 15:25:00,136.86,136.86,136.27,136.45,7057.445
2025-11-19 15:30:00,136.45,136.51,135.45,135.51,18889.148
2025-11-19 15:35:00,135.51,135.83,135.3,135.69,8799.284
2025-11-19 15:40:00,135.69,135.94,135.39,135.54,8047.608
2025-11-19 15:45:00,135.54,135.58,134.83,134.83,12433.863
2025-11-19 15:50:00,134.83,135.1,134.44,135.0,9088.159
2025-11-19 15:55:00,135.0,135.03,134.43,134.65,8163.625
2025-11-19 16:00:00,134.65,135.01,134.55,134.71,7307.555
2025-11-19 16:05:00,134.71,135.24,134.43,134.68,7892.792
2025-11-19 16:10:00,134.68,135.37,134.56,135.15,5786.91
2025-11-19 16:15:00,135.15,135.46,134.55,134.66,10483.482
2025-11-19 16:20:00,134.66,134.81,134.0,134.05,12647.915
2025-11-19 16:25:00,134.05,134.32,133.77,134.22,10266.477
2025-11-19 16:30:00,134.22,134.53,133.93,134.06,4683.118
2025-11-19 16:35:00,134.06,134.3,133.8,133.9,10107.394
2025-11-19 16:40:00,133.9,134.39,133.54,133.69,7111.294
2025-11-19 16:45:00,133.69,134.06,133.1,133.18,13276.702
2025-11-19 16:50:00,133.18,133.32,132.9,132.98,9050.141
2025-11-19 16:55:00,132.98,133.41,132.87,133.39,5371.85
2025-11-19 17:00:00,133.39,133.81,132.77,132.8,6141.411
2025-11-19 17:05:00,132.8,133.09,132.61,132.67,3734.636
2025-11-19 17:10:00,132.67,132.74,132.21,132.4,8053.757
2025-11-19 17:15:00,132.4,132.64,132.17,132.17,3645.003
2025-11-19 17:20:00,132.17,132.98,132.09,132.75,7030.773
2025-11-19 17:25:00,132.75,132.97,132.41,132.94,3420.694
2025-11-19 17:30:00,132.94,132.94,132.24,132.26,4358.167
2025-11-19 17:35:00,132.26,132.31,131.39,131.78,9898.358
2025-11-19 17:40:00,131.78,132.77,131.51,132.24,7498.633
2025-11-19 17:45:00,132.24,132.24,131.6,131.91,4061.162
2025-11-19 17:50:00,131.91,132.48,131.79,132.01,4258.543
2025-11-19 17:55:00,132.01,132.37,131.93,132.21,2235.711
2025-11-19 18:00:00,132.21,132.24,131.85,132.07,2598.719
2025-11-19 18:05:00,132.07,132.3,131.54,131.96,3694.615
2025-11-19 18:10:00,131.96,132.5,131.78,132.32,3579.572
2025-11-19 18:15:00,132.32,132.4,131.22,131.47,5858.806
2025-11-19 18:20:00,131.47,131.68,130.89,131.12,10436.648
2025-11-19 18:25:00,131.12,131.14,130.55,130.89,4988.969
2025-11-19 18:30:00,130.89,131.3,130.71,131.27,4055.007
2025-11-19 18:35:00,131.27,131.48,131.07,131.16,3053.601
2025-11-19 18:40:00,131.16,131.17,130.75,130.82,4806.527
2025-11-19 18:45:00,130.82,131.07,130.65,130.91,3303.498
2025-11-19 18:50:00,130.91,131.1,130.62,130.79,3381.043
2025-11-19 18:55:00,130.79,131.52,130.74,131.52,5033.994
2025-11-19 19:00:00,131.52,131.55,131.08,131.35,4527.431
2025-11-19 19:05:00,131.35,131.83,131.11,131.8,5980.157
2025-11-19 19:10:00,131.8,131.8,131.1,131.4,3610.539
2025-11-19 19:15:00,131.4,131.7,131.19,131.63,2128.529
2025-11-19 19:20:00,131.63,131.63,131.15,131.28,3180.726
2025-11-19 19:25:00,131.28,131.31,130.88,131.12,3273.633
2025-11-19 19:30:00,131.12,131.35,131.06,131.2,1812.418
2025-11-19 19:35:00,131.2,131.28,130.84,131.01,2764.2
2025-11-19 19:40:00,131.01,131.39,130.93,131.25,2132.097
2025-11-19 19:45:00,131.25,131.48,131.17,131.47,3121.816
2025-11-19 19:50:00,131.47,131.87,131.43,131.84,4799.409
2025-11-19 19:55:00,131.84,132.11,131.65,131.75,3358.747
2025-11-19 20:00:00,131.75,131.87,131.42,131.42,1942.599
2025-11-19 20:05:00,131.42,131.76,131.37,131.57,2531.882
2025-11-19 20:10:00,131.57,132.15,131.5,132.09,3555.399
2025-11-19 20:15:00,132.09,132.32,131.8,132.13,4120.195
2025-11-19 20:20:00,132.13,132.5,132.05,132.32,3879.343
2025-11-19 20:25:00,132.32,132.69,132.21,132.69,4251.407
2025-11-19 20:30:00,132.69,132.92,132.19,132.88,6819.548
2025-11-19 20:35:00,132.88,133.17,132.52,132.58,8316.657
2025-11-19 20:40:00,132.58,132.6,132.14,132.39,4156.987
2025-11-19 20:45:00,132.39,132.6,132.11,132.36,3676.356
2025-11-19 20:50:00,132.36,133.12,132.32,133.06,3373.402
2025-11-19 20:55:00,133.06,133.57,132.99,133.26,9138.678
2025-11-19 21:00:00,133.26,133.33,132.76,133.25,4682.998
2025-11-19 21:05:00,133.25,133.77,133.18,133.5,4321.092
2025-11-19 21:10:00,133.5,133.52,133.15,133.36,2880.009
2025-11-19 21:15:00,133.36,133.7,133.32,133.52,3883.927
2025-11-19 21:20:00,133.52,135.99,133.52,135.49,40833.021
2025-11-19 21:25:00,135.49,135.56,134.83,134.88,8811.297
2025-11-19 21:30:00,134.88,135.93,134.8,135.58,9055.103
2025-11-19 21:35:00,135.58,135.58,135.03,135.03,3551.115
2025-11-19 21:40:00,135.03,135.14,134.49,135.14,4523.529
2025-11-19 21:45:00,135.14,135.59,135.14,135.33,4506.338
2025-11-19 21:50:00,135.33,135.66,135.12,135.61,3479.985
2025-11-19 21:55:00,135.61,135.71,135.32,135.46,5546.532
2025-11-19 22:00:00,135.46,135.49,134.62,135.09,5340.503
2025-11-19 22:05:00,135.09,135.28,134.8,135.09,3136.423
2025-11-19 22:10:00,135.09,135.11,134.67,134.75,2035.397
2025-11-19 22:15:00,134.75,134.88,134.45,134.67,3001.771
2025-11-19 22:20:00,134.67,134.82,134.23,134.73,4748.964
2025-11-19 22:25:00,134.73,135.5,134.63,135.45,4142.025
2025-11-19 22:30:00,135.45,135.61,135.28,135.55,4254.176
2025-11-19 22:35:00,135.55,135.55,135.16,135.28,3330.44
2025-11-19 22:40:00,135.28,135.64,135.21,135.41,2701.408
2025-11-19 22:45:00,135.41,135.5,135.04,135.49,2657.454
2025-11-19 22:50:00,135.49,135.69,135.28,135.65,2741.231
2025-11-19 22:55:00,135.65,135.7,135.49,135.57,3138.574
2025-11-19 23:00:00,135.57,136.03,135.44,135.96,3163.467
2025-11-19 23:05:00,135.96,136.98,135.95,136.96,6564.531
2025-11-19 23:10:00,136.96,136.97,136.46,136.88,7411.767
2025-11-19 23:15:00,136.88,137.01,136.58,136.69,5175.451
2025-11-19 23:20:00,136.69,136.98,136.69,136.73,3528.74
2025-11-19 23:25:00,136.73,136.91,136.55,136.6,2964.864
2025-11-19 23:30:00,136.6,136.78,136.45,136.66,2202.729
2025-11-19 23:35:00,136.66,136.89,136.56,136.72,3459.031
2025-11-19 23:40:00,136.72,136.73,136.29,136.31,1980.993
2025-11-19 23:45:00,136.31,136.56,136.26,136.52,1833.501
2025-11-19 23:50:00,136.52,136.66,136.46,136.59,1541.173
2025-11-19 23:55:00,136.59,137.06,136.59,137.06,2915.042
2025-11-20 00:00:00,137.06,137.08,136.6,136.83,5610.875
2025-11-20 00:05:00,136.83,136.83,136.4,136.52,3054.339
2025-11-20 00:10:00,136.52,136.77,136.42,136.73,1166.802
2025-11-20 00:15:00,136.73,137.33,136.7,137.31,3556.796
2025-11-20 00:20:00,137.31,137.55,137.23,137.48,4380.743
2025-11-20 00:25:00,137.48,137.59,137.3,137.49,2449.797
2025-11-20 00:30:00,137.49,137.79,137.46,137.65,3152.478
2025-11-20 00:35:00,137.65,138.15,137.51,137.62,4507.205
2025-11-20 00:40:00,137.62,137.62,137.4,137.57,1564.95
2025-11-20 00:45:00,137.57,137.85,137.52,137.58,6453.038
2025-11-20 00:50:00,137.58,137.58,137.09,137.22,4854.52
2025-11-20 00:55:00,137.22,137.74,137.22,137.74,4594.569
2025-11-20 01:00:00,137.74,137.76,137.49,137.71,2570.503
2025-11-20 01:05:00,137.71,138.84,137.71,138.79,9802.244
2025-11-20 01:10:00,138.79,139.13,138.79,138.91,4821.695
2025-11-20 01:15:00,138.91,139.09,138.67,139.09,2416.838
2025-11-20 01:20:00,139.09,139.31,139.03,139.16,3069.7
2025-11-20 01:25:00,139.16,139.39,138.47,138.54,3478.569
2025-11-20 01:30:00,138.54,139.03,138.53,139.03,1901.314
2025-11-20 01:35:00,139.03,139.14,138.8,138.97,3906.612
2025-11-20 01:40:00,138.97,139.61,138.83,139.54,5491.896
2025-11-20 01:45:00,139.54,139.83,139.4,139.48,3054.376
2025-11-20 01:50:00,139.48,139.83,139.17,139.7,4779.303
2025-11-20 01:55:00,139.7,139.76,139.51,139.65,2415.796
2025-11-20 02:00:00,139.65,141.11,139.4,140.86,11258.115
2025-11-20 02:05:00,140.86,143.71,140.84,142.18,27588.235
2025-11-20 02:10:00,142.18,143.85,141.86,143.61,21080.998
2025-11-20 02:15:00,143.61,144.19,143.56,143.59,24624.414
2025-11-20 02:20:00,143.59,143.62,142.45,142.79,16031.568
2025-11-20 02:25:00,142.79,143.13,142.73,143.0,8105.597
2025-11-20 02:30:00,143.0,143.31,142.82,143.26,12250.914
2025-11-20 02:35:00,143.26,143.53,142.89,142.99,5768.056
2025-11-20 02:40:00,142.99,143.39,142.62,142.97,6411.619
2025-11-20 02:45:00,142.97,143.24,142.79,143.05,6028.664
2025-11-20 02:50:00,143.05,143.61,143.0,143.42,17045.683
2025-11-20 02:55:00,143.42,143.81,143.4,143.68,7430.557
2025-11-20 03:00:00,143.68,143.99,143.52,143.97,6163.729
2025-11-20 03:05:00,143.97,144.25,143.82,143.87,15283.459
2025-11-20 03:10:00,143.87,144.04,143.7,143.85,8565.04
2025-11-20 03:15:00,143.85,144.4,143.66,144.31,9859.715
2025-11-20 03:20:00,144.31,144.45,144.06,144.06,8073.323
2025-11-20 03:25:00,144.06,144.13,143.14,143.24,6728.153
2025-11-20 03:30:00,143.24,143.88,143.12,143.88,7804.266
2025-11-20 03:35:00,143.88,143.95,143.18,143.3,4479.452
2025-11-20 03:40:00,143.3,143.69,143.25,143.48,4974.299
2025-11-20 03:45:00,143.48,143.62,143.19,143.46,4790.658
2025-11-20 03:50:00,143.46,143.5,143.12,143.12,3546.702
2025-11-20 03:55:00,143.12,143.18,142.96,143.18,4246.899
2025-11-20 04:00:00,143.18,143.41,143.04,143.22,5694.571
2025-11-20 04:05:00,143.22,143.28,142.8,142.96,5391.062
2025-11-20 04:10:00,142.96,143.52,142.96,143.22,4889.318
2025-11-20 04:15:00,143.22,143.24,142.39,142.48,5687.408
2025-11-20 04:20:00,142.48,143.15,142.41,142.89,8418.223
2025-11-20 04:25:00,142.89,143.24,142.89,142.97,3100.806
2025-11-20 04:30:00,142.97,143.39,142.97,143.17,4024.568
2025-11-20 04:35:00,143.17,143.36,142.94,143.04,3977.716
2025-11-20 04:40:00,143.04,143.27,142.92,143.18,4221.462
2025-11-20 04:45:00,143.18,143.94,143.18,143.85,9282.743
2025-11-20 04:50:00,143.85,144.39,143.84,144.29,6687.239
2025-11-20 04:55:00,144.29,144.72,144.26,144.66,7133.32
2025-11-20 05:00:00,144.66,144.77,144.09,144.12,11221.695
2025-11-20 05:05:00,144.12,144.62,144.1,144.23,7050.138
2025-11-20 05:10:00,144.23,144.28,143.99,144.13,3141.319
2025-11-20 05:15:00,144.13,144.2,144.03,144.09,2242.637
2025-11-20 05:20:00,144.09,144.21,143.87,143.96,2707.829
2025-11-20 05:25:00,143.96,144.01,143.73,143.83,2999.847
2025-11-20 05:30:00,143.83,144.0,143.73,143.81,2350.227
2025-11-20 05:35:00,143.81,143.88,143.67,143.84,1659.793
2025-11-20 05:40:00,143.84,143.84,143.62,143.69,1583.807
2025-11-20 05:45:00,143.69,144.08,143.69,144.03,6215.552
2025-11-20 05:50:00,144.03,144.14,143.94,144.13,5023.147
2025-11-20 05:55:00,144.13,144.16,143.98,144.1,3171.524
2025-11-20 06:00:00,144.1,144.32,143.96,144.04,1935.904
2025-11-20 06:05:00,144.04,144.13,143.92,144.0,2031.869
2025-11-20 06:10:00,144.0,144.25,143.8,143.87,1977.531
2025-11-20 06:15:00,143.87,143.87,143.56,143.74,3801.469
2025-11-20 06:20:00,143.74,143.79,143.37,143.46,6710.178
2025-11-20 06:25:00,143.46,143.74,143.4,143.7,5300.883
2025-11-20 06:30:00,143.7,143.83,143.48,143.5,2545.548
2025-11-20 06:35:00,143.5,143.61,143.38,143.58,3612.312
2025-11-20 06:40:00,143.58,143.62,142.85,142.98,6740.765
2025-11-20 06:45:00,142.98,143.2,142.78,142.84,4944.568
2025-11-20 06:50:00,142.84,142.85,142.19,142.49,12935.888
2025-11-20 06:55:00,142.49,142.85,142.49,142.85,5016.931
2025-11-20 07:00:00,142.85,143.01,142.72,142.92,3414.021
2025-11-20 07:05:00,142.92,143.17,142.92,142.98,3583.843
2025-11-20 07:10:00,142.98,143.22,142.91,143.22,4378.84
2025-11-20 07:15:00,143.22,143.3,142.9,143.01,2318.298
2025-11-20 07:20:00,143.01,143.08,142.82,142.89,2527.835
2025-11-20 07:25:00,142.89,143.33,142.88,143.09,3354.856
2025-11-20 07:30:00,143.09,143.57,143.06,143.55,2897.495
2025-11-20 07:35:00,143.55,143.6,143.12,143.46,6004.296
2025-11-20 07:40:00,143.46,143.68,143.4,143.51,3264.657
2025-11-20 07:45:00,143.51,143.85,143.51,143.84,2982.505
2025-11-20 07:50:00,143.84,143.84,143.67,143.71,3314.669
2025-11-20 07:55:00,143.71,143.87,143.71,143.79,1262.21
2025-11-20 08:00:00,143.79,143.83,143.58,143.7,1595.218
2025-11-20 08:05:00,143.7,143.94,143.43,143.63,4772.821
2025-11-20 08:10:00,143.63,143.63,143.1,143.1,9457.551
2025-11-20 08:15:00,143.1,143.42,142.93,143.42,9483.888
2025-11-20 08:20:00,143.42,143.67,143.29,143.31,5058.684
2025-11-20 08:25:00,143.31,143.63,143.22,143.54,8732.597
2025-11-20 08:30:00,143.54,143.74,143.25,143.69,4936.95
2025-11-20 08:35:00,143.69,143.73,143.54,143.58,1565.225
2025-11-20 08:40:00,143.58,143.62,143.3,143.55,4530.582
2025-11-20 08:45:00,143.55,143.71,143.49,143.6,5109.704
2025-11-20 08:50:00,143.6,143.64,143.44,143.47,1698.917
2025-11-20 08:55:00,143.47,143.5,143.21,143.38,2807.049
2025-11-20 09:00:00,143.38,143.41,142.99,143.05,2466.728
2025-11-20 09:05:00,143.05,143.12,142.86,142.96,3474.334
2025-11-20 09:10:00,142.96,143.05,142.87,142.89,1288.831
2025-11-20 09:15:00,142.89,142.98,142.59,142.6,4040.186
2025-11-20 09:20:00,142.6,142.61,142.18,142.47,5410.724
2025-11-20 09:25:00,142.47,142.48,141.88,142.14,7790.225
2025-11-20 09:30:00,142.14,142.48,142.14,142.44,3691.876
2025-11-20 09:35:00,142.44,142.47,142.22,142.31,1826.632
2025-11-20 09:40:00,142.31,142.31,141.97,141.97,3251.5
2025-11-20 09:45:00,141.97,142.02,141.39,141.51,5172.613
2025-11-20 09:50:00,141.51,142.02,141.5,141.92,9693.711
2025-11-20 09:55:00,141.92,142.09,141.86,142.03,3435.201
2025-11-20 10:00:00,142.03,142.19,141.78,141.86,3918.266
2025-11-20 10:05:00,141.86,141.93,141.12,141.18,9290.75
2025-11-20 10:10:00,141.18,141.42,141.17,141.37,5523.596
2025-11-20 10:15:00,141.37,141.55,141.23,141.55,5355.433
2025-11-20 10:20:00,141.55,141.92,141.55,141.77,2931.173
2025-11-20 10:25:00,141.77,142.17,141.76,142.05,2967.223
2025-11-20 10:30:00,142.05,142.27,141.91,141.93,1676.782
2025-11-20 10:35:00,141.93,142.02,141.67,141.67,2611.999
2025-11-20 10:40:00,141.67,141.88,141.66,141.86,1322.226
2025-11-20 10:45:00,141.86,142.0,141.79,141.98,1541.533
2025-11-20 10:50:00,141.98,142.33,141.96,142.19,2831.168
2025-11-20 10:55:00,142.19,142.29,142.1,142.26,707.163
2025-11-20 11:00:00,142.26,142.35,142.15,142.17,1600.208
2025-11-20 11:05:00,142.17,142.4,142.06,142.33,1571.87
2025-11-20 11:10:00,142.33,142.49,142.09,142.13,1278.607
2025-11-20 11:15:00,142.13,142.26,141.92,142.23,1642.313
2025-11-20 11:20:00,142.23,142.23,141.73,141.82,2260.526
2025-11-20 11:25:00,141.82,141.86,141.72,141.75,1639.475
2025-11-20 11:30:00,141.75,141.85,141.62,141.67,3130.377
2025-11-20 11:35:00,141.67,141.88,141.56,141.82,7025.595
2025-11-20 11:40:00,141.82,142.12,141.78,142.01,2920.298
2025-11-20 11:45:00,142.01,142.08,141.89,141.89,1182.969
2025-11-20 11:50:00,141.89,142.24,141.82,142.12,2933.208
2025-11-20 11:55:00,142.12,142.23,142.07,142.11,2535.218
2025-11-20 12:00:00,142.11,142.13,141.97,142.02,1532.805
2025-11-20 12:05:00,142.02,142.19,141.93,142.11,2173.72
2025-11-20 12:10:00,142.11,142.23,141.48,141.52,3046.865
2025-11-20 12:15:00,141.52,141.88,141.46,141.81,1977.136
2025-11-20 12:20:00,141.81,142.07,141.74,142.04,2441.746
2025-11-20 12:25:00,142.04,142.04,141.74,141.83,3049.986
2025-11-20 12:30:00,141.83,142.22,141.76,142.17,3115.599
2025-11-20 12:35:00,142.17,142.35,141.77,141.96,10695.032
2025-11-20 12:40:00,141.96,142.0,141.35,141.5,4109.814
2025-11-20 12:45:00,141.5,142.0,141.44,141.99,3407.739
2025-11-20 12:50:00,141.99,142.2,141.79,142.1,4195.864
2025-11-20 12:55:00,142.1,142.24,141.96,142.01,4498.032
2025-11-20 13:00:00,142.01,142.11,141.68,141.73,3468.509
2025-11-20 13:05:00,141.73,142.06,141.73,141.86,2848.85
2025-11-20 13:10:00,141.86,142.39,141.82,142.39,4034.619
2025-11-20 13:15:00,142.39,142.39,141.73,141.74,2766.423
2025-11-20 13:20:00,141.74,141.93,141.38,141.48,7087.096
2025-11-20 13:25:00,141.48,142.0,141.45,141.8,4439.578
2025-11-20 13:30:00,141.8,143.29,141.69,141.91,39009.513
2025-11-20 13:35:00,141.91,142.22,141.37,142.04,6860.192
2025-11-20 13:40:00,142.04,142.06,141.16,141.16,4716.765
2025-11-20 13:45:00,141.16,141.61,140.85,141.18,9472.593
2025-11-20 13:50:00,141.18,141.91,141.03,141.51,4335.57
2025-11-20 13:55:00,141.51,141.57,140.54,140.69,12966.794
2025-11-20 14:00:00,140.69,140.73,140.05,140.08,8251.637
2025-11-20 14:05:00,140.08,140.1,138.96,139.1,15809.649
2025-11-20 14:10:00,139.1,139.6,138.97,139.27,9829.247
2025-11-20 14:15:00,139.27,140.76,139.03,140.39,10501.155
2025-11-20 14:20:00,140.39,141.1,140.39,140.77,10722.18
2025-11-20 14:25:00,140.77,141.09,140.57,140.99,4871.117
2025-11-20 14:30:00,140.99,141.51,140.39,140.48,11490.535
2025-11-20 14:35:00,140.48,141.25,140.4,140.49,5789.156
2025-11-20 14:40:00,140.49,140.79,139.95,140.55,6341.077
2025-11-20 14:45:00,140.55,140.85,140.07,140.18,5000.027
2025-11-20 14:50:00,140.18,140.74,140.06,140.66,5148.074
2025-11-20 14:55:00,140.66,141.25,140.66,140.94,4012.656
2025-11-20 15:00:00,140.94,141.09,140.17,140.43,3583.257
2025-11-20 15:05:00,140.43,140.44,139.26,139.87,11804.857
2025-11-20 15:10:00,139.87,140.3,139.36,139.5,5381.618
2025-11-20 15:15:00,139.5,139.77,138.83,139.49,11120.105
2025-11-20 15:20:00,139.49,140.37,139.25,140.11,4913.783
2025-11-20 15:25:00,140.11,140.33,139.69,140.21,4784.635
2025-11-20 15:30:00,140.21,140.37,139.45,139.53,4806.781
2025-11-20 15:35:00,139.53,140.41,139.45,139.89,3656.672
2025-11-20 15:40:00,139.89,140.27,139.6,140.25,2110.461
2025-11-20 15:45:00,140.25,140.25,139.28,139.48,4544.666
2025-11-20 15:50:00,139.48,139.48,138.99,139.23,5027.505
2025-11-20 15:55:00,139.23,139.49,138.38,138.59,9003.6
2025-11-20 16:00:00,138.59,138.74,137.46,137.72,11943.979
2025-11-20 16:05:00,137.72,137.82,135.86,136.08,41843.651
2025-11-20 16:10:00,136.08,136.08,133.63,134.12,34622.464
2025-11-20 16:15:00,134.12,134.58,132.72,133.41,62925.881
2025-11-20 16:20:00,133.41,133.74,132.49,133.01,27892.393
2025-11-20 16:25:00,133.01,134.3,132.8,133.34,22436.081
2025-11-20 16:30:00,133.34,133.74,132.61,132.85,16134.504
2025-11-20 16:35:00,132.85,132.87,132.16,132.75,23017.097
2025-11-20 16:40:00,132.75,132.75,132.04,132.09,10483.138
2025-11-20 16:45:00,132.09,132.44,131.62,131.8,21162.747
2025-11-20 16:50:00,131.8,132.39,131.73,131.8,21384.066
2025-11-20 16:55:00,131.8,132.66,131.69,132.66,15044.305
2025-11-20 17:00:00,132.66,133.05,132.36,132.73,17326.124
2025-11-20 17:05:00,132.73,132.97,131.64,132.32,18898.401
2025-11-20 17:10:00,132.32,132.34,131.15,131.94,26643.268
2025-11-20 17:15:00,131.94,132.11,131.37,131.56,14956.15
2025-11-20 17:20:00,131.56,132.49,131.51,131.56,17000.053
2025-11-20 17:25:00,131.56,132.15,131.17,132.04,17955.538
2025-11-20 17:30:00,132.04,132.46,131.68,132.01,10253.039
2025-11-20 17:35:00,132.01,133.13,131.65,132.96,19140.978
2025-11-20 17:40:00,132.96,132.98,132.13,132.26,8961.516
2025-11-20 17:45:00,132.26,132.3,131.82,131.99,8012.366
2025-11-20 17:50:00,131.99,132.61,131.91,132.15,12463.013
2025-11-20 17:55:00,132.15,132.89,132.05,132.81,9252.411
2025-11-20 18:00:00,132.81,132.81,132.05,132.34,10316.118
2025-11-20 18:05:00,132.34,133.69,132.32,133.68,18611.996
2025-11-20 18:10:00,133.68,134.41,133.26,134.36,19374.984
2025-11-20 18:15:00,134.36,134.58,133.46,133.84,19257.159
2025-11-20 18:20:00,133.84,134.14,133.36,133.5,15256.675
2025-11-20 18:25:00,133.5,133.76,133.4,133.49,9646.791
2025-11-20 18:30:00,133.49,134.06,133.31,133.93,8773.021
2025-11-20 18:35:00,133.93,133.93,133.35,133.46,8877.049
2025-11-20 18:40:00,133.46,133.48,132.8,132.83,8784.234
2025-11-20 18:45:00,132.83,133.15,132.7,132.85,7725.213
2025-11-20 18:50:00,132.85,132.9,132.46,132.73,7389.4
2025-11-20 18:55:00,132.73,132.77,132.43,132.57,7946.617
2025-11-20 19:00:00,132.57,132.59,131.65,131.88,12103.575
2025-11-20 19:05:00,131.88,132.35,131.74,132.35,4217.573
2025-11-20 19:10:00,132.35,132.68,132.1,132.2,6609.979
2025-11-20 19:15:00,132.2,132.41,131.91,132.12,6434.784
2025-11-20 19:20:00,132.12,132.88,132.05,132.72,5327.044
2025-11-20 19:25:00,132.72,133.74,132.72,133.33,8762.505
2025-11-20 19:30:00,133.33,133.33,132.66,132.81,7022.744
2025-11-20 19:35:00,132.81,133.29,132.53,132.62,3729.945
2025-11-20 19:40:00,132.62,133.03,132.42,132.79,3496.145
2025-11-20 19:45:00,132.79,133.13,132.77,132.98,4496.499
2025-11-20 19:50:00,132.98,133.43,132.97,133.21,5743.93
2025-11-20 19:55:00,133.21,134.45,133.21,133.92,9098.25
2025-11-20 20:00:00,133.92,133.92,133.49,133.57,9995.724
2025-11-20 20:05:00,133.57,133.61,133.02,133.1,8400.439
2025-11-20 20:10:00,133.1,133.11,132.68,132.78,7093.667
2025-11-20 20:15:00,132.78,133.24,132.73,132.99,5965.61
2025-11-20 20:20:00,132.99,134.47,132.92,133.73,12045.618
2025-11-20 20:25:00,133.73,134.4,133.57,134.4,10579.238
2025-11-20 20:30:00,134.4,134.67,133.66,133.67,12983.811
2025-11-20 20:35:00,133.67,134.25,133.52,133.57,7783.624
2025-11-20 20:40:00,133.57,133.8,133.4,133.75,3809.306
2025-11-20 20:45:00,133.75,133.97,133.62,133.97,4143.628
2025-11-20 20:50:00,133.97,134.38,133.74,133.78,5669.077
2025-11-20 20:55:00,133.78,133.97,133.61,133.73,4611.216
2025-11-20 21:00:00,133.73,134.1,133.68,134.0,2784.576
2025-11-20 21:05:00,134.0,134.36,133.76,133.85,4838.607
2025-11-20 21:10:00,133.85,133.89,133.67,133.82,3027.147
2025-11-20 21:15:00,133.82,134.29,133.74,134.26,3512.994
2025-11-20 21:20:00,134.26,135.29,134.26,135.01,10051.79
2025-11-20 21:25:00,135.01,135.04,133.99,134.01,4899.806
2025-11-20 21:30:00,134.01,134.21,133.59,134.02,4500.214
2025-11-20 21:35:00,134.02,134.59,133.92,133.96,5078.128
2025-11-20 21:40:00,133.96,134.55,133.96,134.54,8333.002
2025-11-20 21:45:00,134.54,134.85,134.25,134.69,6157.663
2025-11-20 21:50:00,134.69,134.89,134.35,134.46,9239.525
2025-11-20 21:55:00,134.46,134.65,133.99,134.16,3450.537
2025-11-20 22:00:00,134.16,134.61,133.98,134.54,2989.621
2025-11-20 22:05:00,134.54,135.16,134.54,135.16,4034.494
2025-11-20 22:10:00,135.16,135.58,135.16,135.47,7190.998
2025-11-20 22:15:00,135.47,135.76,135.44,135.65,5040.558
2025-11-20 22:20:00,135.65,135.89,135.43,135.81,3059.611
2025-11-20 22:25:00,135.81,136.11,135.64,136.04,6082.481
2025-11-20 22:30:00,136.04,136.5,135.81,135.85,5791.307
2025-11-20 22:35:00,135.85,135.85,135.45,135.52,2443.212
2025-11-20 22:40:00,135.52,136.2,135.52,136.05,2108.21
2025-11-20 22:45:00,136.05,136.69,136.04,136.22,2601.592
2025-11-20 22:50:00,136.22,136.26,136.02,136.09,1697.078
2025-11-20 22:55:00,136.09,136.54,136.03,136.43,2748.182
2025-11-20 23:00:00,136.43,136.56,135.75,135.99,4188.087
2025-11-20 23:05:00,135.99,135.99,135.24,135.28,2838.397
2025-11-20 23:10:00,135.28,135.46,134.75,135.11,5039.376
2025-11-20 23:15:00,135.11,135.4,134.78,134.9,2613.292
2025-11-20 23:20:00,134.9,135.06,134.53,135.05,2328.266
2025-11-20 23:25:00,135.05,135.11,134.65,134.74,2724.353
2025-11-20 23:30:00,134.74,134.84,134.59,134.68,2823.396
2025-11-20 23:35:00,134.68,134.68,133.64,133.85,9268.25
2025-11-20 23:40:00,133.85,134.39,133.78,134.16,4780.126
2025-11-20 23:45:00,134.16,134.42,133.9,133.98,4132.684
2025-11-20 23:50:00,133.98,134.05,133.34,133.74,5213.146
2025-11-20 23:55:00,133.74,133.86,133.49,133.68,6316.745
2025-11-21 00:00:00,133.68,134.56,133.65,133.89,10788.956
2025-11-21 00:05:00,133.89,134.62,133.75,134.49,3832.857
2025-11-21 00:10:00,134.49,135.0,134.45,135.0,6486.832
2025-11-21 00:15:00,135.0,135.06,134.49,134.49,3648.108
2025-11-21 00:20:00,134.49,134.77,134.24,134.29,3616.749
2025-11-21 00:25:00,134.29,134.64,134.23,134.43,2943.99
2025-11-21 00:30:00,134.43,134.48,133.82,133.92,3440.603
2025-11-21 00:35:00,133.92,134.89,133.88,134.59,1908.7
2025-11-21 00:40:00,134.59,134.87,134.24,134.29,4799.735
2025-11-21 00:45:00,134.29,134.64,134.23,134.29,1267.291
2025-11-21 00:50:00,134.29,134.7,134.22,134.49,2366.048
2025-11-21 00:55:00,134.49,134.67,134.01,134.19,5691.802
2025-11-21 01:00:00,134.19,134.68,134.08,134.62,8261.254
2025-11-21 01:05:00,134.62,134.81,134.13,134.13,4021.78
2025-11-21 01:10:00,134.13,134.38,134.1,134.3,2216.374
2025-11-21 01:15:00,134.3,134.57,133.68,133.79,10019.206
2025-11-21 01:20:00,133.79,134.75,133.63,134.44,4884.937
2025-11-21 01:25:00,134.44,135.05,134.35,134.83,3049.028
2025-11-21 01:30:00,134.83,135.03,134.37,134.37,3096.884
2025-11-21 01:35:00,134.37,134.61,134.04,134.53,2247.503
2025-11-21 01:40:00,134.53,134.72,134.47,134.64,1215.906
2025-11-21 01:45:00,134.64,134.81,134.42,134.49,1729.357
2025-11-21 01:50:00,134.49,134.8,134.18,134.26,1049.844
2025-11-21 01:55:00,134.26,134.44,134.11,134.23,5254.946
2025-11-21 02:00:00,134.23,134.65,134.18,134.22,2140.401
2025-11-21 02:05:00,134.22,134.37,133.82,133.82,3335.192
2025-11-21 02:10:00,133.82,133.9,133.33,133.46,6020.013
2025-11-21 02:15:00,133.46,133.91,132.61,133.1,7799.104
2025-11-21 02:20:00,133.1,134.1,133.03,133.94,5245.729
2025-11-21 02:25:00,133.94,134.04,133.41,133.41,2503.34
2025-11-21 02:30:00,133.41,133.47,132.89,133.34,5006.708
2025-11-21 02:35:00,133.34,133.65,132.88,133.01,4497.133
2025-11-21 02:40:00,133.01,133.28,132.12,132.19,8386.496
2025-11-21 02:45:00,132.19,132.92,132.15,132.75,4712.09
2025-11-21 02:50:00,132.75,133.09,131.8,132.28,11111.283
2025-11-21 02:55:00,132.28,132.28,131.0,131.43,16104.186
2025-11-21 03:00:00,131.43,132.05,131.38,132.04,14555.372
2025-11-21 03:05:00,132.04,133.44,132.02,132.99,15403.42
2025-11-21 03:10:00,132.99,133.23,132.69,132.83,5276.509
2025-11-21 03:15:00,132.83,133.12,131.8,131.98,12733.493
2025-11-21 03:20:00,131.98,132.89,131.9,132.35,9377.368
2025-11-21 03:25:00,132.35,133.12,132.29,133.07,6341.826
2025-11-21 03:30:00,133.07,133.18,132.45,132.64,4599.088
2025-11-21 03:35:00,132.64,133.33,132.43,133.1,5607.823
2025-11-21 03:40:00,133.1,133.62,133.07,133.5,5238.272
2025-11-21 03:45:00,133.5,133.58,133.13,133.19,3015.738
2025-11-21 03:50:00,133.19,133.19,132.86,132.92,1985.261
2025-11-21 03:55:00,132.92,133.01,132.57,132.6,2364.678
2025-11-21 04:00:00,132.6,132.83,132.58,132.78,1949.003
2025-11-21 04:05:00,132.78,133.05,132.39,132.54,2776.856
2025-11-21 04:10:00,132.54,132.98,132.54,132.73,3388.888
2025-11-21 04:15:00,132.73,132.73,131.78,131.96,6952.76
2025-11-21 04:20:00,131.96,132.41,131.67,131.81,3472.417
2025-11-21 04:25:00,131.81,132.05,131.7,131.94,3921.366
2025-11-21 04:30:00,131.94,132.07,130.59,131.0,12799.98
2025-11-21 04:35:00,131.0,131.08,130.52,130.58,7840.209
2025-11-21 04:40:00,130.58,132.22,130.54,131.94,7328.115
2025-11-21 04:45:00,131.94,132.27,131.36,131.5,6408.255
2025-11-21 04:50:00,131.5,132.32,131.43,132.32,3292.593
2025-11-21 04:55:00,132.32,132.73,132.27,132.63,4246.342
2025-11-21 05:00:00,132.63,132.93,132.44,132.5,4342.381
2025-11-21 05:05:00,132.5,133.06,132.27,132.61,4230.361
2025-11-21 05:10:00,132.61,132.76,132.22,132.76,3512.861
2025-11-21 05:15:00,132.76,133.06,132.6,132.74,4610.125
2025-11-21 05:20:00,132.74,132.96,132.59,132.61,3952.274
2025-11-21 05:25:00,132.61,132.84,132.47,132.55,1560.744
2025-11-21 05:30:00,132.55,132.94,132.54,132.72,1698.219
2025-11-21 05:35:00,132.72,132.74,131.85,131.86,2425.177
2025-11-21 05:40:00,131.86,132.23,131.69,132.0,3253.902
2025-11-21 05:45:00,132.0,132.16,131.78,131.91,2489.334
2025-11-21 05:50:00,131.91,132.08,131.61,131.81,1525.393
2025-11-21 05:55:00,131.81,132.17,131.81,132.09,2771.449
2025-11-21 06:00:00,132.09,132.38,131.43,131.59,4145.179
2025-11-21 06:05:00,131.59,131.63,131.06,131.53,6553.092
2025-11-21 06:10:00,131.53,132.04,131.36,131.84,2516.066
2025-11-21 06:15:00,131.84,131.89,131.42,131.5,2182.871
2025-11-21 06:20:00,131.5,131.64,131.24,131.5,3788.718
2025-11-21 06:25:00,131.5,131.63,131.06,131.08,3908.443
2025-11-21 06:30:00,131.08,131.16,130.98,131.08,12042.441
2025-11-21 06:35:00,131.08,131.31,130.56,131.04,15117.059
2025-11-21 06:40:00,131.04,131.31,130.85,131.13,4664.155
2025-11-21 06:45:00,131.13,131.44,131.0,131.29,3785.675
2025-11-21 06:50:00,131.29,131.51,131.01,131.03,2977.377
2025-11-21 06:55:00,131.03,131.08,130.57,130.88,4601.471
2025-11-21 07:00:00,130.88,131.26,130.54,131.13,5047.014
2025-11-21 07:05:00,131.13,131.38,130.76,131.05,3734.907
2025-11-21 07:10:00,131.05,131.08,130.29,130.55,12313.416
2025-11-21 07:15:00,130.55,130.57,129.82,129.82,16683.351
2025-11-21 07:20:00,129.82,129.85,129.31,129.75,14957.318
2025-11-21 07:25:00,129.75,129.97,129.37,129.37,6103.225
2025-11-21 07:30:00,129.37,129.5,123.5,125.27,44335.918
2025-11-21 07:35:00,125.27,127.13,124.49,126.92,47485.352
2025-11-21 07:40:00,126.92,128.07,126.74,127.95,38791.64
2025-11-21 07:45:00,127.95,128.0,126.47,126.8,31395.452
2025-11-21 07:50:00,126.8,127.83,126.79,126.87,15445.322
2025-11-21 07:55:00,126.87,127.56,126.73,127.55,13540.289
2025-11-21 08:00:00,127.55,127.71,126.87,127.15,20067.677
2025-11-21 08:05:00,127.15,128.81,127.09,128.62,18741.652
2025-11-21 08:10:00,128.62,129.42,128.33,128.89,20392.214
2025-11-21 08:15:00,128.89,129.22,128.36,128.36,19322.693
2025-11-21 08:20:00,128.36,129.14,128.29,128.86,11018.601
2025-11-21 08:25:00,128.86,128.87,128.16,128.2,6817.375
2025-11-21 08:30:00,128.2,128.73,127.86,127.93,9579.99
2025-11-21 08:35:00,127.93,128.07,127.38,127.74,14629.809
2025-11-21 08:40:00,127.74,127.74,127.37,127.62,6392.001
2025-11-21 08:45:00,127.62,128.13,127.52,127.68,7489.105
2025-11-21 08:50:00,127.68,128.44,127.6,127.93,3842.296
2025-11-21 08:55:00,127.93,128.39,127.93,128.1,4637.714
2025-11-21 09:00:00,128.1,128.91,128.1,128.85,9723.942
2025-11-21 09:05:00,128.85,128.92,128.38,128.47,6585.839
2025-11-21 09:10:00,128.47,128.83,128.32,128.51,8812.727
2025-11-21 09:15:00,128.51,128.6,128.13,128.18,3878.482
2025-11-21 09:20:00,128.18,128.26,127.97,128.0,9590.43
2025-11-21 09:25:00,128.0,128.0,127.4,127.54,7039.273
2025-11-21 09:30:00,127.54,127.71,126.83,126.98,17006.83
2025-11-21 09:35:00,126.98,126.98,126.35,126.46,13210.398
2025-11-21 09:40:00,126.46,126.7,126.23,126.47,9495.991
2025-11-21 09:45:00,126.47,126.78,126.17,126.33,7118.196
2025-11-21 09:50:00,126.33,126.46,125.49,125.63,14767.857
2025-11-21 09:55:00,125.63,126.29,125.5,125.52,11574.316
2025-11-21 10:00:00,125.52,125.87,125.0,125.39,19051.607
2025-11-21 10:05:00,125.39,126.2,125.22,126.04,11579.777
2025-11-21 10:10:00,126.04,126.59,125.41,125.48,12417.365
2025-11-21 10:15:00,125.48,126.0,124.89,125.72,7744.089
2025-11-21 10:20:00,125.72,125.93,125.22,125.47,7290.737
2025-11-21 10:25:00,125.47,126.08,124.89,125.06,16832.44
2025-11-21 10:30:00,125.06,126.05,125.06,125.56,9069.934
2025-11-21 10:35:00,125.56,126.37,125.42,125.91,13823.569
2025-11-21 10:40:00,125.91,126.41,125.72,125.81,13423.795
2025-11-21 10:45:00,125.81,125.92,124.93,124.93,11748.651
2025-11-21 10:50:00,124.93,125.5,124.84,125.29,7760.149
2025-11-21 10:55:00,125.29,125.42,125.05,125.11,5592.143
2025-11-21 11:00:00,125.11,125.53,124.83,125.36,14283.347
2025-11-21 11:05:00,125.36,126.37,125.23,126.09,10800.191
2025-11-21 11:10:00,126.09,126.29,125.45,126.17,10123.82
2025-11-21 11:15:00,126.17,126.2,125.52,125.54,12865.049
2025-11-21 11:20:00,125.54,126.23,125.48,125.9,6180.008
2025-11-21 11:25:00,125.9,126.12,125.68,125.71,3944.953
2025-11-21 11:30:00,125.71,126.12,125.4,125.4,8611.749
2025-11-21 11:35:00,125.4,125.41,124.88,124.9,7301.921
2025-11-21 11:40:00,124.9,125.11,124.7,124.9,5775.649
2025-11-21 11:45:00,124.9,125.01,124.12,124.27,10701.375
2025-11-21 11:50:00,124.27,124.31,123.8,124.06,9346.216
2025-11-21 11:55:00,124.06,124.44,123.91,124.35,4768.975
2025-11-21 12:00:00,124.35,124.38,123.74,123.95,9336.713
2025-11-21 12:05:00,123.95,124.4,123.92,123.99,7828.205
2025-11-21 12:10:00,123.99,124.36,123.59,124.13,6190.932
2025-11-21 12:15:00,124.13,124.14,123.3,123.33,10951.129
2025-11-21 12:20:00,123.33,123.43,122.1,122.29,31178.173
2025-11-21 12:25:00,122.29,122.96,121.68,122.22,18635.177
2025-11-21 12:30:00,122.22,124.33,122.22,124.11,36680.353
2025-11-21 12:35:00,124.11,126.26,123.67,126.14,41850.638
2025-11-21 12:40:00,126.14,126.63,125.61,126.37,41192.747
2025-11-21 12:45:00,126.37,127.24,126.21,126.5,26806.716
2025-11-21 12:50:00,126.5,127.24,126.39,127.13,15758.283
2025-11-21 12:55:00,127.13,127.13,126.22,126.25,13602.905
2025-11-21 13:00:00,126.25,126.7,125.59,125.87,19718.853
2025-11-21 13:05:00,125.87,127.23,125.67,127.15,17369.903
2025-11-21 13:10:00,127.15,127.3,126.36,126.79,10698.525
2025-11-21 13:15:00,126.79,128.04,126.75,127.49,17016.022
2025-11-21 13:20:00,127.49,127.54,126.63,126.63,9766.674
2025-11-21 13:25:00,126.63,126.93,126.34,126.42,9315.565
2025-11-21 13:30:00,126.42,126.92,126.42,126.65,7152.104
2025-11-21 13:35:00,126.65,127.44,126.65,127.21,5797.568
2025-11-21 13:40:00,127.21,127.93,127.17,127.84,6629.549
2025-11-21 13:45:00,127.84,128.23,127.62,127.9,19690.385
2025-11-21 13:50:00,127.9,128.31,127.76,128.05,7674.798
2025-11-21 13:55:00,128.05,128.1,127.17,127.22,6917.762
2025-11-21 14:00:00,127.22,127.27,126.67,127.06,8703.592
2025-11-21 14:05:00,127.06,127.56,126.84,127.41,7315.088
2025-11-21 14:10:00,127.41,127.44,126.89,126.89,7483.243
2025-11-21 14:15:00,126.89,126.9,126.31,126.58,10843.816
2025-11-21 14:20:00,126.58,126.76,126.34,126.48,5074.712
2025-11-21 14:25:00,126.48,126.62,126.24,126.58,4877.341
2025-11-21 14:30:00,126.58,128.53,126.5,128.53,18945.433
2025-11-21 14:35:00,128.53,129.0,128.05,128.51,22193.95
2025-11-21 14:40:00,128.51,129.45,128.19,128.63,15639.79
2025-11-21 14:45:00,128.63,128.79,127.75,128.37,9356.601
2025-11-21 14:50:00,128.37,129.61,128.19,129.56,11004.545
2025-11-21 14:55:00,129.56,129.58,128.61,128.62,9784.766
2025-11-21 15:00:00,128.62,128.96,127.73,128.11,13360.629
2025-11-21 15:05:00,128.11,128.54,127.66,127.81,9116.723
2025-11-21 15:10:00,127.81,127.81,127.25,127.45,7874.373
2025-11-21 15:15:00,127.45,127.66,126.84,127.27,14302.221
2025-11-21 15:20:00,127.27,127.54,126.64,127.28,6053.225
2025-11-21 15:25:00,127.28,127.88,126.77,126.86,6106.505
2025-11-21 15:30:00,126.86,127.31,126.59,126.64,5413.462
2025-11-21 15:35:00,126.64,126.65,125.11,125.34,18771.098
2025-11-21 15:40:00,125.34,126.0,125.13,126.0,11034.101
2025-11-21 15:45:00,126.0,126.38,125.74,126.09,6483.879
2025-11-21 15:50:00,126.09,126.09,124.79,125.47,11393.193
2025-11-21 15:55:00,125.47,125.67,124.89,125.39,8651.355
2025-11-21 16:00:00,125.39,125.93,124.79,124.81,11157.693
2025-11-21 16:05:00,124.81,125.69,124.31,125.13,10951.89
2025-11-21 16:10:00,125.13,125.37,124.4,124.84,5928.807
2025-11-21 16:15:00,124.84,125.09,123.58,124.0,13610.647
2025-11-21 16:20:00,124.0,125.51,123.88,124.74,18475.535
2025-11-21 16:25:00,124.74,125.34,124.4,125.34,9383.324
2025-11-21 16:30:00,125.34,125.72,124.65,124.94,11270.056
2025-11-21 16:35:00,124.94,126.65,124.93,126.02,11546.528
2025-11-21 16:40:00,126.02,126.26,125.14,125.28,7694.435
2025-11-21 16:45:00,125.28,126.4,124.88,126.34,6593.367
2025-11-21 16:50:00,126.34,128.0,126.18,127.68,15686.239
2025-11-21 16:55:00,127.68,128.81,127.68,128.65,9098.577
2025-11-21 17:00:00,128.65,129.37,128.37,129.32,12996.325
2025-11-21 17:05:00,129.32,130.16,128.92,129.78,14593.982
2025-11-21 17:10:00,129.78,129.81,129.28,129.66,9442.817
2025-11-21 17:15:00,129.66,130.26,129.48,129.48,17172.841
2025-11-21 17:20:00,129.48,130.16,129.39,130.05,11680.072
2025-11-21 17:25:00,130.05,130.42,129.45,129.8,9174.065
2025-11-21 17:30:00,129.8,130.27,129.8,130.13,3896.792
2025-11-21 17:35:00,130.13,130.59,129.61,129.86,5584.647
2025-11-21 17:40:00,129.86,130.1,129.56,130.09,6992.812
2025-11-21 17:45:00,130.09,130.35,129.73,130.19,4217.791
2025-11-21 17:50:00,130.19,130.19,129.02,129.24,6485.845
2025-11-21 17:55:00,129.24,129.62,129.05,129.19,3063.562
2025-11-21 18:00:00,129.19,129.42,128.39,128.39,5153.894
2025-11-21 18:05:00,128.39,128.48,127.66,128.19,10419.752
2025-11-21 18:10:00,128.19,128.29,126.91,127.15,8983.763
2025-11-21 18:15:00,127.15,127.25,126.52,126.87,11950.962
2025-11-21 18:20:00,126.87,127.51,126.77,127.44,4750.408
2025-11-21 18:25:00,127.44,128.14,127.36,128.08,7774.581
2025-11-21 18:30:00,128.08,128.78,127.91,128.72,4025.47
2025-11-21 18:35:00,128.72,129.48,128.71,129.25,4149.496
2025-11-21 18:40:00,129.25,129.39,128.92,129.18,3414.001
2025-11-21 18:45:00,129.18,130.39,128.93,129.9,9658.756
2025-11-21 18:50:00,129.9,130.24,129.54,129.63,3760.535
2025-11-21 18:55:00,129.63,129.88,129.31,129.54,2660.09
2025-11-21 19:00:00,129.54,129.87,129.28,129.75,2836.122
2025-11-21 19:05:00,129.75,129.79,129.1,129.52,2989.652
2025-11-21 19:10:00,129.52,129.61,128.73,128.87,3211.213
2025-11-21 19:15:00,128.87,129.34,128.72,129.34,1598.979
2025-11-21 19:20:00,129.34,129.88,129.19,129.63,2044.918
2025-11-21 19:25:00,129.63,129.81,129.4,129.43,1424.062
2025-11-21 19:30:00,129.43,129.71,128.72,128.78,5238.834
2025-11-21 19:35:00,128.78,129.2,128.61,128.96,4048.93
2025-11-21 19:40:00,128.96,129.03,127.96,128.1,4408.267
2025-11-21 19:45:00,128.1,128.2,127.75,128.05,5762.401
2025-11-21 19:50:00,128.05,128.15,127.58,127.73,2607.863
2025-11-21 19:55:00,127.73,128.15,127.73,128.13,5443.272
2025-11-21 20:00:00,128.13,128.41,127.92,127.99,4398.048
2025-11-21 20:05:00,127.99,127.99,127.01,127.31,8419.741
2025-11-21 20:10:00,127.31,128.13,127.31,127.94,2927.014
2025-11-21 20:15:00,127.94,127.95,127.04,127.05,3308.535
2025-11-21 20:20:00,127.05,127.06,126.72,126.92,4766.063
2025-11-21 20:25:00,126.92,127.25,126.23,126.34,4780.687
2025-11-21 20:30:00,126.34,126.51,125.92,126.22,4468.467
2025-11-21 20:35:00,126.22,127.05,126.13,126.76,5988.785
2025-11-21 20:40:00,126.76,127.02,126.49,126.98,1954.637
2025-11-21 20:45:00,126.98,127.67,126.89,127.53,4562.37
2025-11-21 20:50:00,127.53,127.93,127.15,127.41,5137.458
2025-11-21 20:55:00,127.41,127.67,126.77,127.17,5714.765
2025-11-21 21:00:00,127.17,127.67,126.69,126.96,4759.998
2025-11-21 21:05:00,126.96,127.3,126.82,126.86,2069.845
2025-11-21 21:10:00,126.86,127.42,126.71,127.41,1894.434
2025-11-21 21:15:00,127.41,127.68,127.0,127.36,2217.637
2025-11-21 21:20:00,127.36,128.59,127.34,128.31,10388.491
2025-11-21 21:25:00,128.31,128.82,128.25,128.65,4850.668
2025-11-21 21:30:00,128.65,128.83,128.38,128.48,3592.293
2025-11-21 21:35:00,128.48,128.93,128.48,128.83,2592.979
2025-11-21 21:40:00,128.83,129.34,128.81,129.06,6004.039
2025-11-21 21:45:00,129.06,129.17,128.8,129.03,2595.035
2025-11-21 21:50:00,129.03,129.22,128.93,128.98,1792.328
2025-11-21 21:55:00,128.98,129.09,128.7,128.88,1535.789
2025-11-21 22:00:00,128.88,129.37,128.85,129.27,3197.192
2025-11-21 22:05:00,129.27,129.27,128.94,129.14,1378.411
2025-11-21 22:10:00,129.14,129.15,128.85,129.04,1951.929
2025-11-21 22:15:00,129.04,129.18,128.7,128.76,1724.062
2025-11-21 22:20:00,128.76,128.76,127.75,127.89,4837.518
2025-11-21 22:25:00,127.89,128.45,127.73,127.91,2216.473
2025-11-21 22:30:00,127.91,127.98,127.19,127.25,3681.471
2025-11-21 22:35:00,127.25,127.7,126.83,127.12,2990.89
2025-11-21 22:40:00,127.12,127.26,126.84,127.22,2006.568
2025-11-21 22:45:00,127.22,127.69,126.33,126.46,5503.085
2025-11-21 22:50:00,126.46,126.62,125.8,126.19,6802.167
2025-11-21 22:55:00,126.19,126.24,125.45,125.5,4573.677
2025-11-21 23:00:00,125.5,125.9,125.38,125.73,3399.724
2025-11-21 23:05:00,125.73,125.86,125.12,125.71,3138.22
2025-11-21 23:10:00,125.71,126.18,125.45,126.18,4198.178
2025-11-21 23:15:00,126.18,127.0,126.17,126.96,4359.996
2025-11-21 23:20:00,126.96,127.87,126.92,127.68,3185.016
2025-11-21 23:25:00,127.68,128.43,127.49,128.39,6746.213
2025-11-21 23:30:00,128.39,128.76,128.23,128.64,4472.994
2025-11-21 23:35:00,128.64,128.66,128.1,128.17,2834.172
2025-11-21 23:40:00,128.17,128.86,128.16,128.67,2453.846
2025-11-21 23:45:00,128.67,128.86,128.49,128.63,2406.535
2025-11-21 23:50:00,128.63,128.79,128.43,128.55,2183.935
2025-11-21 23:55:00,128.55,128.77,128.39,128.69,1405.567
2025-11-22 00:00:00,128.69,129.33,128.48,128.91,6336.698
2025-11-22 00:05:00,128.91,129.28,128.48,129.04,4779.436
2025-11-22 00:10:00,129.04,129.44,128.75,129.35,2806.174
2025-11-22 00:15:00,129.35,129.35,128.72,128.85,2487.353
2025-11-22 00:20:00,128.85,128.88,128.48,128.5,3567.211
2025-11-22 00:25:00,128.5,128.51,128.0,128.09,7313.637
2025-11-22 00:30:00,128.09,129.03,128.09,128.82,2157.31
2025-11-22 00:35:00,128.82,129.09,128.66,128.82,2189.482
2025-11-22 00:40:00,128.82,128.84,128.6,128.69,1985.967
2025-11-22 00:45:00,128.69,128.88,128.37,128.52,3532.255
2025-11-22 00:50:00,128.52,128.92,128.28,128.32,3057.533
2025-11-22 00:55:00,128.32,128.65,128.29,128.47,1922.47
2025-11-22 01:00:00,128.47,129.14,128.39,129.03,2545.526
2025-11-22 01:05:00,129.03,129.04,128.62,128.65,2194.269
2025-11-22 01:10:00,128.65,129.06,128.49,129.05,2249.476
2025-11-22 01:15:00,129.05,129.35,128.86,129.2,2290.508
2025-11-22 01:20:00,129.2,129.21,128.86,129.21,2080.389
2025-11-22 01:25:00,129.21,129.33,129.0,129.28,1488.685
2025-11-22 01:30:00,129.28,129.91,129.23,129.71,6103.684
2025-11-22 01:35:00,129.71,129.94,129.51,129.67,3377.105
2025-11-22 01:40:00,129.67,129.7,129.18,129.24,2085.422
2025-11-22 01:45:00,129.24,129.76,129.23,129.7,1245.026
2025-11-22 01:50:00,129.7,129.81,129.61,129.65,1972.376
2025-11-22 01:55:00,129.65,129.69,129.28,129.48,1916.126
2025-11-22 02:00:00,129.48,129.62,129.33,129.41,1798.101
2025-11-22 02:05:00,129.41,129.43,128.8,129.06,3602.066
2025-11-22 02:10:00,129.06,129.06,128.42,128.6,4742.414
2025-11-22 02:15:00,128.6,128.75,128.36,128.5,2696.415
2025-11-22 02:20:00,128.5,128.57,128.34,128.4,2315.655
2025-11-22 02:25:00,128.4,128.8,128.36,128.69,1206.773
2025-11-22 02:30:00,128.69,128.73,127.97,128.04,4716.385
2025-11-22 02:35:00,128.04,128.25,127.67,127.77,4730.705
2025-11-22 02:40:00,127.77,127.78,127.44,127.55,3063.454
2025-11-22 02:45:00,127.55,127.72,127.26,127.41,1811.33
2025-11-22 02:50:00,127.41,127.83,127.32,127.77,2654.234
2025-11-22 02:55:00,127.77,128.07,127.65,128.04,1183.249
2025-11-22 03:00:00,128.04,128.05,127.74,127.85,1592.313
2025-11-22 03:05:00,127.85,128.4,127.71,128.19,1807.682
2025-11-22 03:10:00,128.19,128.23,128.02,128.2,1812.175
2025-11-22 03:15:00,128.2,128.22,127.99,128.14,1363.138
2025-11-22 03:20:00,128.14,128.21,127.42,127.51,1311.633
2025-11-22 03:25:00,127.51,127.67,127.4,127.54,1090.703
2025-11-22 03:30:00,127.54,127.75,127.4,127.6,2648.541
2025-11-22 03:35:00,127.6,127.6,127.07,127.37,9065.17
2025-11-22 03:40:00,127.37,127.43,127.18,127.26,3529.566
2025-11-22 03:45:00,127.26,127.31,127.0,127.05,9069.491
2025-11-22 03:50:00,127.05,127.26,126.83,127.26,3325.972
2025-11-22 03:55:00,127.26,127.37,127.15,127.15,4120.92
2025-11-22 04:00:00,127.15,127.39,126.55,126.83,4103.848
2025-11-22 04:05:00,126.83,126.86,126.54,126.65,2593.766
2025-11-22 04:10:00,126.65,126.74,126.28,126.41,9534.318
2025-11-22 04:15:00,126.41,126.48,126.12,126.21,3979.879
2025-11-22 04:20:00,126.21,126.54,125.88,126.11,4472.345
2025-11-22 04:25:00,126.11,126.72,126.11,126.36,3148.786
2025-11-22 04:30:00,126.36,126.64,126.36,126.5,2408.771
2025-11-22 04:35:00,126.5,126.55,125.68,126.01,4565.56
2025-11-22 04:40:00,126.01,126.11,125.79,126.07,2253.939
2025-11-22 04:45:00,126.07,126.32,125.89,126.32,2691.021
2025-11-22 04:50:00,126.32,127.02,126.3,126.93,2153.79
2025-11-22 04:55:00,126.93,127.26,126.76,126.99,2546.158
2025-11-22 05:00:00,126.99,127.29,126.85,126.87,3734.822
2025-11-22 05:05:00,126.87,126.96,126.38,126.88,2270.305
2025-11-22 05:10:00,126.88,127.03,126.53,126.54,2894.992
2025-11-22 05:15:00,126.54,126.55,125.99,126.23,3070.262
2025-11-22 05:20:00,126.23,126.29,125.76,125.87,2431.833
2025-11-22 05:25:00,125.87,126.34,125.86,126.29,1459.973
2025-11-22 05:30:00,126.29,126.38,125.57,125.84,2051.416
2025-11-22 05:35:00,125.84,126.16,125.63,125.67,2212.662
2025-11-22 05:40:00,125.67,125.71,125.44,125.52,7035.522
2025-11-22 05:45:00,125.52,125.86,125.37,125.68,4242.425
2025-11-22 05:50:00,125.68,126.1,125.47,126.09,1957.122
2025-11-22 05:55:00,126.09,126.43,126.09,126.22,3762.484
2025-11-22 06:00:00,126.22,126.46,126.08,126.21,2337.463
2025-11-22 06:05:00,126.21,126.22,125.38,125.41,3754.14
2025-11-22 06:10:00,125.41,126.14,125.37,126.12,2626.018
2025-11-22 06:15:00,126.12,126.5,125.92,126.22,3900.13
2025-11-22 06:20:00,126.22,127.09,126.19,126.9,3663.732
2025-11-22 06:25:00,126.9,127.29,126.84,127.06,2592.691
2025-11-22 06:30:00,127.06,128.05,126.98,128.01,3401.116
2025-11-22 06:35:00,128.01,128.08,127.72,127.73,6020.161
2025-11-22 06:40:00,127.73,127.92,127.61,127.79,2098.237
2025-11-22 06:45:00,127.79,128.09,127.57,127.64,3864.786
2025-11-22 06:50:00,127.64,128.03,127.62,128.01,1456.696
2025-11-22 06:55:00,128.01,128.28,127.96,128.07,3873.27
2025-11-22 07:00:00,128.07,128.25,127.79,127.97,9157.505
2025-11-22 07:05:00,127.97,128.31,127.91,128.06,3446.114
2025-11-22 07:10:00,128.06,128.14,127.75,127.87,2130.921
2025-11-22 07:15:00,127.87,128.03,127.61,127.7,1363.166
2025-11-22 07:20:00,127.7,128.39,127.7,127.86,2061.579
2025-11-22 07:25:00,127.86,127.86,127.63,127.7,1654.378
2025-11-22 07:30:00,127.7,127.93,127.64,127.64,1177.883
2025-11-22 07:35:00,127.64,128.04,127.39,127.97,6761.025
2025-11-22 07:40:00,127.97,128.01,127.75,127.89,4170.704
2025-11-22 07:45:00,127.89,128.06,127.66,127.67,1247.138
2025-11-22 07:50:00,127.67,127.96,127.61,127.71,3211.661
2025-11-22 07:55:00,127.71,127.88,127.64,127.72,2868.337
2025-11-22 08:00:00,127.72,127.73,127.1,127.17,4378.215
2025-11-22 08:05:00,127.17,127.3,127.03,127.08,1895.192
2025-11-22 08:10:00,127.08,127.29,127.07,127.29,1235.244
2025-11-22 08:15:00,127.29,127.3,126.37,126.4,3440.577
2025-11-22 08:20:00,126.4,126.54,126.23,126.54,2438.935
2025-11-22 08:25:00,126.54,126.54,126.12,126.3,1833.128
2025-11-22 08:30:00,126.3,126.36,125.57,125.78,3624.967
2025-11-22 08:35:00,125.78,126.32,125.51,125.51,4414.431
2025-11-22 08:40:00,125.51,125.73,125.5,125.72,9423.252
2025-11-22 08:45:00,125.72,125.99,125.61,125.76,3620.042
2025-11-22 08:50:00,125.76,126.07,125.62,126.06,1862.145
2025-11-22 08:55:00,126.06,126.07,125.77,125.92,1971.895
2025-11-22 09:00:00,125.92,126.36,125.88,126.27,2556.638
2025-11-22 09:05:00,126.27,126.59,126.22,126.53,2274.793
2025-11-22 09:10:00,126.53,126.77,126.42,126.67,2853.264
2025-11-22 09:15:00,126.67,126.76,126.26,126.34,2798.947
2025-11-22 09:20:00,126.34,126.35,125.69,126.05,2470.403
2025-11-22 09:25:00,126.05,126.22,126.0,126.21,1692.935
2025-11-22 09:30:00,126.21,126.68,126.02,126.6,3658.969
2025-11-22 09:35:00,126.6,127.56,126.6,127.29,5406.254
2025-11-22 09:40:00,127.29,127.31,126.68,126.8,4107.521
2025-11-22 09:45:00,126.8,127.12,126.69,126.95,1420.131
2025-11-22 09:50:00,126.95,126.98,126.57,126.64,4155.948
2025-11-22 09:55:00,126.64,126.64,126.35,126.46,1585.679
2025-11-22 10:00:00,126.46,126.99,126.46,126.77,782.94
2025-11-22 10:05:00,126.77,126.92,126.73,126.78,1882.787
2025-11-22 10:10:00,126.78,127.19,126.77,127.06,1730.553
2025-11-22 10:15:00,127.06,127.1,126.2,126.25,2332.586
2025-11-22 10:20:00,126.25,126.34,125.7,125.74,3624.641
2025-11-22 10:25:00,125.74,125.87,125.57,125.86,3234.751
2025-11-22 10:30:00,125.86,126.04,125.85,125.97,1388.633
2025-11-22 10:35:00,125.97,126.29,125.88,126.15,1317.059
2025-11-22 10:40:00,126.15,126.16,125.92,126.08,1662.379
2025-11-22 10:45:00,126.08,126.32,125.68,125.78,4521.741
2025-11-22 10:50:00,125.78,125.97,125.7,125.86,1522.757
2025-11-22 10:55:00,125.86,126.15,125.84,125.91,3544.832
2025-11-22 11:00:00,125.91,126.0,125.54,125.58,1589.218
2025-11-22 11:05:00,125.58,126.53,125.36,126.38,5848.231
2025-11-22 11:10:00,126.38,126.58,126.34,126.57,2047.092
2025-11-22 11:15:00,126.57,126.76,126.25,126.29,1594.55
2025-11-22 11:20:00,126.29,126.32,125.98,126.26,5868.726
2025-11-22 11:25:00,126.26,127.48,126.24,127.13,11298.869
2025-11-22 11:30:00,127.13,127.14,126.82,126.84,2660.786
2025-11-22 11:35:00,126.84,127.17,126.84,126.93,3496.894
2025-11-22 11:40:00,126.93,127.03,126.77,126.95,2832.299
2025-11-22 11:45:00,126.95,127.1,126.87,126.91,4314.321
2025-11-22 11:50:00,126.91,127.07,126.89,126.89,4681.093
2025-11-22 11:55:00,126.89,126.95,126.68,126.68,1692.987
2025-11-22 12:00:00,126.68,126.72,126.42,126.42,1655.493
2025-11-22 12:05:00,126.42,126.42,125.69,125.71,3159.728
2025-11-22 12:10:00,125.71,125.87,125.62,125.79,3124.056
2025-11-22 12:15:00,125.79,126.08,125.79,125.98,2095.46
2025-11-22 12:20:00,125.98,125.98,125.7,125.82,2592.614
2025-11-22 12:25:00,125.82,125.87,125.6,125.83,2131.312
2025-11-22 12:30:00,125.83,126.04,125.79,125.83,2237.467
2025-11-22 12:35:00,125.83,126.05,125.76,125.92,1692.844
2025-11-22 12:40:00,125.92,125.93,125.52,125.61,3133.228
2025-11-22 12:45:00,125.61,125.74,125.23,125.27,5366.136
2025-11-22 12:50:00,125.27,125.91,125.26,125.68,3114.956
2025-11-22 12:55:00,125.68,125.92,125.68,125.82,1958.662
2025-11-22 13:00:00,125.82,125.84,125.14,125.32,3422.289
2025-11-22 13:05:00,125.32,126.0,125.19,125.99,1683.669
2025-11-22 13:10:00,125.99,126.43,125.95,126.2,1315.588
2025-11-22 13:15:00,126.2,126.26,125.99,126.1,724.764
2025-11-22 13:20:00,126.1,126.2,125.62,125.72,1727.523
2025-11-22 13:25:00,125.72,125.73,125.53,125.71,1778.117
2025-11-22 13:30:00,125.71,125.92,125.58,125.89,1008.195
2025-11-22 13:35:00,125.89,126.0,125.34,125.43,1278.256
2025-11-22 13:40:00,125.43,125.87,125.27,125.76,3356.529
2025-11-22 13:45:00,125.76,126.06,125.73,125.94,2233.215
2025-11-22 13:50:00,125.94,125.94,125.46,125.47,1570.208
2025-11-22 13:55:00,125.47,125.75,125.47,125.63,1055.628
2025-11-22 14:00:00,125.63,126.45,125.54,126.39,1922.846
2025-11-22 14:05:00,126.39,126.64,126.24,126.28,1892.308
2025-11-22 14:10:00,126.28,126.68,126.08,126.59,3316.108
2025-11-22 14:15:00,126.59,127.48,126.54,126.68,7310.661
2025-11-22 14:20:00,126.68,126.96,126.67,126.91,1486.665
2025-11-22 14:25:00,126.91,127.18,126.84,126.93,2203.059
2025-11-22 14:30:00,126.93,127.06,126.65,126.85,1675.832
2025-11-22 14:35:00,126.85,127.06,126.55,126.88,1149.705
2025-11-22 14:40:00,126.88,126.9,126.52,126.53,886.366
2025-11-22 14:45:00,126.53,126.65,126.12,126.64,1492.983
2025-11-22 14:50:00,126.64,127.17,126.59,126.9,1861.433
2025-11-22 14:55:00,126.9,127.17,126.86,127.12,1900.343
2025-11-22 15:00:00,127.12,127.44,126.88,126.95,10514.503
2025-11-22 15:05:00,126.95,127.36,126.77,126.89,2988.465
2025-11-22 15:10:00,126.89,127.11,126.78,127.0,1884.786
2025-11-22 15:15:00,127.0,127.33,126.95,127.05,1491.729
2025-11-22 15:20:00,127.05,127.34,126.97,127.29,1080.265
2025-11-22 15:25:00,127.29,127.76,127.13,127.34,7092.812
2025-11-22 15:30:00,127.34,127.37,127.11,127.23,4286.123
2025-11-22 15:35:00,127.23,127.28,126.77,126.77,3638.81
2025-11-22 15:40:00,126.77,126.8,126.29,126.39,10950.855
2025-11-22 15:45:00,126.39,126.61,126.17,126.52,2979.105
2025-11-22 15:50:00,126.52,126.86,126.5,126.73,3164.661
2025-11-22 15:55:00,126.73,127.28,126.63,127.13,7419.067
2025-11-22 16:00:00,127.13,127.28,126.86,126.9,4853.2
2025-11-22 16:05:00,126.9,127.48,126.87,127.44,3951.704
2025-11-22 16:10:00,127.44,128.0,127.44,127.99,8794.515
2025-11-22 16:15:00,127.99,128.13,127.67,127.7,4589.67
2025-11-22 16:20:00,127.7,127.78,127.56,127.73,7861.127
2025-11-22 16:25:00,127.73,127.82,127.61,127.66,1935.109
2025-11-22 16:30:00,127.66,127.74,127.5,127.6,2661.156
2025-11-22 16:35:00,127.6,127.8,127.56,127.66,1197.965
2025-11-22 16:40:00,127.66,128.46,127.61,128.45,6502.437
2025-11-22 16:45:00,128.45,128.57,128.07,128.31,4061.998
2025-11-22 16:50:00,128.31,128.47,128.05,128.11,2398.244
2025-11-22 16:55:00,128.11,128.32,128.1,128.19,898.574
2025-11-22 17:00:00,128.19,128.43,127.75,127.81,3884.544
2025-11-22 17:05:00,127.81,128.16,127.61,128.04,4814.256
2025-11-22 17:10:00,128.04,128.24,127.74,127.91,4749.861
2025-11-22 17:15:00,127.91,127.94,127.6,127.6,2078.656
2025-11-22 17:20:00,127.6,127.91,127.42,127.9,3582.024
2025-11-22 17:25:00,127.9,128.12,127.87,127.97,1987.556
2025-11-22 17:30:00,127.97,127.97,127.67,127.67,1635.284
2025-11-22 17:35:00,127.67,127.67,127.49,127.52,1335.251
2025-11-22 17:40:00,127.52,127.66,127.42,127.53,3723.907
2025-11-22 17:45:00,127.53,127.54,127.32,127.4,4872.657
2025-11-22 17:50:00,127.4,127.56,127.37,127.45,1505.53
2025-11-22 17:55:00,127.45,127.7,127.29,127.6,3986.737
2025-11-22 18:00:00,127.6,127.62,127.41,127.51,1256.258
2025-11-22 18:05:00,127.51,127.84,127.46,127.83,1967.605
2025-11-22 18:10:00,127.83,127.94,127.71,127.83,3613.65
2025-11-22 18:15:00,127.83,127.96,127.71,127.95,1915.9
2025-11-22 18:20:00,127.95,128.05,127.88,128.03,1993.042
2025-11-22 18:25:00,128.03,128.05,127.77,127.89,1336.303
2025-11-22 18:30:00,127.89,127.95,127.5,127.52,1532.758
2025-11-22 18:35:00,127.52,127.56,127.4,127.53,1632.823
2025-11-22 18:40:00,127.53,127.82,127.53,127.76,1330.443
2025-11-22 18:45:00,127.76,127.98,127.58,127.95,2349.135
2025-11-22 18:50:00,127.95,128.01,127.77,127.77,1381.683
2025-11-22 18:55:00,127.77,127.79,127.6,127.78,1503.155
2025-11-22 19:00:00,127.78,127.87,127.48,127.57,955.188
2025-11-22 19:05:00,127.57,128.09,127.47,127.96,3026.842
2025-11-22 19:10:00,127.96,127.96,127.62,127.78,2436.983
2025-11-22 19:15:00,127.78,127.93,127.73,127.84,1519.961
2025-11-22 19:20:00,127.84,127.85,127.35,127.37,5755.737
2025-11-22 19:25:00,127.37,127.41,127.15,127.21,2522.153
2025-11-22 19:30:00,127.21,127.33,127.11,127.29,3045.915
2025-11-22 19:35:00,127.29,127.36,127.12,127.21,1532.075
2025-11-22 19:40:00,127.21,127.21,126.81,126.97,2005.75
2025-11-22 19:45:00,126.97,127.14,126.91,127.14,1094.241
2025-11-22 19:50:00,127.14,127.54,127.14,127.32,1227.052
2025-11-22 19:55:00,127.32,127.4,127.19,127.21,1065.923
2025-11-22 20:00:00,127.21,127.53,127.13,127.5,1359.452
2025-11-22 20:05:00,127.5,127.52,127.08,127.09,1535.823
2025-11-22 20:10:00,127.09,127.5,127.09,127.44,1141.975
2025-11-22 20:15:00,127.44,127.51,127.21,127.21,1046.958
2025-11-22 20:20:00,127.21,127.61,127.08,127.35,1901.358
2025-11-22 20:25:00,127.35,127.4,127.19,127.34,1383.603
2025-11-22 20:30:00,127.34,127.34,126.88,126.97,1343.109
2025-11-22 20:35:00,126.97,126.98,126.63,126.83,2029.271
2025-11-22 20:40:00,126.83,126.86,126.43,126.45,1547.56
2025-11-22 20:45:00,126.45,126.72,126.39,126.41,1566.283
2025-11-22 20:50:00,126.41,126.55,126.11,126.27,1925.643
2025-11-22 20:55:00,126.27,126.59,126.2,126.45,2153.527
2025-11-22 21:00:00,126.45,126.65,126.34,126.63,1247.214
2025-11-22 21:05:00,126.63,126.86,126.58,126.58,2247.653
2025-11-22 21:10:00,126.58,126.61,126.33,126.44,688.34
2025-11-22 21:15:00,126.44,126.64,126.39,126.39,870.877
2025-11-22 21:20:00,126.39,126.51,126.16,126.51,1145.095
2025-11-22 21:25:00,126.51,126.68,126.42,126.44,737.325
2025-11-22 21:30:00,126.44,126.53,126.32,126.5,873.257
2025-11-22 21:35:00,126.5,126.5,126.13,126.15,1240.04
2025-11-22 21:40:00,126.15,126.46,126.15,126.45,794.838
2025-11-22 21:45:00,126.45,126.68,126.36,126.49,879.643
2025-11-22 21:50:00,126.49,126.61,126.3,126.59,855.559
2025-11-22 21:55:00,126.59,126.67,126.51,126.64,573.563
2025-11-22 22:00:00,126.64,126.71,126.33,126.35,823.097
2025-11-22 22:05:00,126.35,126.48,126.22,126.38,1324.954
2025-11-22 22:10:00,126.38,127.06,126.37,127.01,2350.349
2025-11-22 22:15:00,127.01,127.36,126.94,127.12,2371.651
2025-11-22 22:20:00,127.12,127.41,127.04,127.38,1138.945
2025-11-22 22:25:00,127.38,127.4,127.06,127.16,1213.453
2025-11-22 22:30:00,127.16,127.34,127.06,127.3,1012.898
2025-11-22 22:35:00,127.3,127.58,127.24,127.39,2330.164
2025-11-22 22:40:00,127.39,127.4,127.22,127.38,1084.329
2025-11-22 22:45:00,127.38,127.77,127.34,127.65,2581.165
2025-11-22 22:50:00,127.65,128.9,127.59,128.6,11040.869
2025-11-22 22:55:00,128.6,128.68,128.25,128.26,4806.112
2025-11-22 23:00:00,128.26,128.48,128.04,128.36,6246.955
2025-11-22 23:05:00,128.36,128.36,127.78,127.9,3438.928
2025-11-22 23:10:00,127.9,127.96,127.71,127.96,1110.928
2025-11-22 23:15:00,127.96,128.01,127.42,127.55,2085.634
2025-11-22 23:20:00,127.55,127.57,127.32,127.51,1064.795
2025-11-22 23:25:00,127.51,127.78,127.48,127.7,1271.503
2025-11-22 23:30:00,127.7,128.0,127.55,127.94,2396.386
2025-11-22 23:35:00,127.94,128.07,127.8,128.07,2571.723
2025-11-22 23:40:00,128.07,128.13,127.53,127.68,1968.278
2025-11-22 23:45:00,127.68,127.82,127.61,127.66,1062.311
2025-11-22 23:50:00,127.66,127.81,127.61,127.64,924.203
2025-11-22 23:55:00,127.64,127.67,127.51,127.61,1084.73
2025-11-23 00:00:00,127.61,128.0,127.57,127.89,1300.222
2025-11-23 00:05:00,127.89,128.01,127.73,128.01,1175.654
2025-11-23 00:10:00,128.01,128.17,127.97,128.15,2020.981
2025-11-23 00:15:00,128.15,128.39,128.0,128.24,4146.357
2025-11-23 00:20:00,128.24,128.59,128.04,128.58,3973.04
2025-11-23 00:25:00,128.58,128.66,128.35,128.35,2788.921
2025-11-23 00:30:00,128.35,128.42,128.07,128.23,1847.733
2025-11-23 00:35:00,128.23,128.28,128.02,128.12,1098.477
2025-11-23 00:40:00,128.12,128.15,127.96,128.07,1685.515
2025-11-23 00:45:00,128.07,128.16,127.62,127.87,1914.886
2025-11-23 00:50:00,127.87,128.25,127.84,128.03,848.755
2025-11-23 00:55:00,128.03,128.04,127.78,128.04,1406.535
2025-11-23 01:00:00,128.04,128.32,127.89,128.32,1244.055
2025-11-23 01:05:00,128.32,128.48,128.23,128.48,1455.963
2025-11-23 01:10:00,128.48,128.58,128.35,128.5,3337.959
2025-11-23 01:15:00,128.5,129.05,128.38,128.72,10084.54
2025-11-23 01:20:00,128.72,128.83,128.37,128.57,3628.347
2025-11-23 01:25:00,128.57,128.83,128.46,128.8,1351.715
2025-11-23 01:30:00,128.8,129.06,128.7,128.92,10416.315
2025-11-23 01:35:00,128.92,129.38,128.87,129.36,6888.968
2025-11-23 01:40:00,129.36,129.52,129.18,129.48,4882.541
2025-11-23 01:45:00,129.48,129.55,129.25,129.34,6703.344
2025-11-23 01:50:00,129.34,129.87,129.25,129.42,5975.875
2025-11-23 01:55:00,129.42,129.71,129.2,129.48,6561.394
2025-11-23 02:00:00,129.48,129.8,129.13,129.75,4236.711
2025-11-23 02:05:00,129.75,130.01,129.43,129.45,4440.956
2025-11-23 02:10:00,129.45,129.55,129.29,129.55,2612.703
2025-11-23 02:15:00,129.55,129.81,129.39,129.64,2269.08
2025-11-23 02:20:00,129.64,129.89,129.4,129.86,2400.236
2025-11-23 02:25:00,129.86,130.2,129.81,129.88,4561.064
2025-11-23 02:30:00,129.88,130.5,129.88,130.5,5372.36
2025-11-23 02:35:00,130.5,130.63,130.13,130.56,5520.936
2025-11-23 02:40:00,130.56,130.61,130.4,130.46,3159.865
2025-11-23 02:45:00,130.46,130.79,130.29,130.7,4143.983
2025-11-23 02:50:00,130.7,130.7,130.12,130.16,2951.011
2025-11-23 02:55:00,130.16,130.21,130.0,130.03,1825.677
2025-11-23 03:00:00,130.03,130.22,129.85,129.88,3134.692
2025-11-23 03:05:00,129.88,130.26,129.75,130.25,2537.678
2025-11-23 03:10:00,130.25,130.4,129.79,129.83,2717.951
2025-11-23 03:15:00,129.83,129.92,129.59,129.91,2538.313
2025-11-23 03:20:00,129.91,129.92,129.37,129.52,1924.955
2025-11-23 03:25:00,129.52,129.6,129.42,129.53,2169.496
2025-11-23 03:30:00,129.53,129.84,129.46,129.82,1481.186
2025-11-23 03:35:00,129.82,130.03,129.6,129.64,2335.308
2025-11-23 03:40:00,129.64,129.84,129.52,129.83,2008.278
2025-11-23 03:45:00,129.83,129.88,129.58,129.67,1961.505
2025-11-23 03:50:00,129.67,129.8,129.5,129.74,1235.427
2025-11-23 03:55:00,129.74,129.96,129.7,129.96,1519.582
2025-11-23 04:00:00,129.96,130.23,129.93,130.18,2218.111
2025-11-23 04:05:00,130.18,130.5,129.99,130.48,5031.625
2025-11-23 04:10:00,130.48,130.91,130.38,130.81,6495.859
2025-11-23 04:15:00,130.81,131.4,130.69,131.33,4831.901
2025-11-23 04:20:00,131.33,131.9,131.2,131.2,10126.138
2025-11-23 04:25:00,131.2,131.39,130.8,130.87,4453.689
2025-11-23 04:30:00,130.87,131.32,130.78,131.21,2547.916
2025-11-23 04:35:00,131.21,131.26,130.84,130.95,2950.286
2025-11-23 04:40:00,130.95,130.96,130.58,130.7,2139.283
2025-11-23 04:45:00,130.7,131.05,130.69,130.94,2342.246
2025-11-23 04:50:00,130.94,131.0,130.72,130.72,2711.074
2025-11-23 04:55:00,130.72,130.86,130.64,130.73,1940.459
2025-11-23 05:00:00,130.73,130.78,130.48,130.62,2033.518
2025-11-23 05:05:00,130.62,130.93,130.5,130.71,3180.948
2025-11-23 05:10:00,130.71,130.83,130.54,130.78,1937.044
2025-11-23 05:15:00,130.78,130.89,130.52,130.87,1118.033
2025-11-23 05:20:00,130.87,130.87,130.53,130.69,1108.513
2025-11-23 05:25:00,130.69,130.74,130.46,130.53,1269.573
2025-11-23 05:30:00,130.53,130.53,130.34,130.39,1403.243
2025-11-23 05:35:00,130.39,130.61,130.2,130.27,8094.68
2025-11-23 05:40:00,130.27,130.38,130.21,130.23,1628.109
2025-11-23 05:45:00,130.23,130.7,130.22,130.7,1491.957
2025-11-23 05:50:00,130.7,130.8,130.51,130.61,1269.267
2025-11-23 05:55:00,130.61,130.63,130.46,130.53,1565.485
2025-11-23 06:00:00,130.53,130.8,130.45,130.77,1896.351
2025-11-23 06:05:00,130.77,130.88,130.48,130.49,3230.039
2025-11-23 06:10:00,130.49,130.52,130.33,130.38,855.293
2025-11-23 06:15:00,130.38,130.38,130.1,130.14,1822.445
2025-11-23 06:20:00,130.14,130.25,129.81,129.81,4722.545
2025-11-23 06:25:00,129.81,129.84,129.67,129.79,1669.766
2025-11-23 06:30:00,129.79,129.84,129.64,129.67,1873.306
2025-11-23 06:35:00,129.67,129.69,129.43,129.46,1737.459
2025-11-23 06:40:00,129.46,129.51,129.35,129.45,2110.01
2025-11-23 06:45:00,129.45,129.59,129.3,129.32,1288.238
2025-11-23 06:50:00,129.32,129.38,129.16,129.33,2303.883
2025-11-23 06:55:00,129.33,129.41,129.21,129.33,1600.631
2025-11-23 07:00:00,129.33,129.41,128.88,128.9,3841.695
2025-11-23 07:05:00,128.9,129.0,128.79,128.85,6860.884
2025-11-23 07:10:00,128.85,129.16,128.8,129.04,2325.903
2025-11-23 07:15:00,129.04,129.11,128.38,128.56,10522.975
2025-11-23 07:20:00,128.56,128.8,128.53,128.71,1942.272
2025-11-23 07:25:00,128.71,128.73,128.12,128.27,5766.639
2025-11-23 07:30:00,128.27,128.5,128.18,128.42,2087.031
2025-11-23 07:35:00,128.42,128.73,128.31,128.72,1396.612
2025-11-23 07:40:00,128.72,128.98,128.64,128.9,1975.937
2025-11-23 07:45:00,128.9,129.18,128.82,129.15,5237.567
2025-11-23 07:50:00,129.15,129.15,128.79,128.84,3296.451
2025-11-23 07:55:00,128.84,128.89,128.72,128.87,1363.589
2025-11-23 08:00:00,128.87,129.23,128.86,129.19,2488.274
2025-11-23 08:05:00,129.19,129.43,129.18,129.35,1665.299
2025-11-23 08:10:00,129.35,129.5,129.29,129.35,2377.353
2025-11-23 08:15:00,129.35,129.46,129.06,129.29,1467.189
2025-11-23 08:20:00,129.29,129.44,129.21,129.29,1064.176
2025-11-23 08:25:00,129.29,129.37,129.18,129.24,1369.772
2025-11-23 08:30:00,129.24,129.36,129.13,129.36,979.254
2025-11-23 08:35:00,129.36,129.38,128.97,129.11,1057.071
2025-11-23 08:40:00,129.11,129.14,128.84,128.95,1609.917
2025-11-23 08:45:00,128.95,129.62,128.95,129.46,2697.424
2025-11-23 08:50:00,129.46,129.55,129.37,129.51,1933.447
2025-11-23 08:55:00,129.51,129.78,129.51,129.69,3320.203
2025-11-23 09:00:00,129.69,129.76,129.56,129.62,1289.674
2025-11-23 09:05:00,129.62,129.72,129.45,129.52,1335.531
2025-11-23 09:10:00,129.52,129.86,129.51,129.8,1429.788
2025-11-23 09:15:00,129.8,129.85,129.56,129.64,1427.367
2025-11-23 09:20:00,129.64,129.79,129.57,129.64,2015.108
2025-11-23 09:25:00,129.64,129.71,129.53,129.68,946.3
2025-11-23 09:30:00,129.68,129.9,129.67,129.82,2529.217
2025-11-23 09:35:00,129.82,130.32,129.68,130.01,4755.727
2025-11-23 09:40:00,130.01,130.95,129.98,130.49,6847.54
2025-11-23 09:45:00,130.49,130.5,130.25,130.25,2426.076
2025-11-23 09:50:00,130.25,130.26,130.03,130.08,2161.613
2025-11-23 09:55:00,130.08,130.13,129.95,130.09,1282.099
2025-11-23 10:00:00,130.09,130.18,129.81,129.88,1716.641
2025-11-23 10:05:00,129.88,130.03,129.76,129.95,2195.715
2025-11-23 10:10:00,129.95,129.99,129.75,129.88,850.15
2025-11-23 10:15:00,129.88,129.89,129.59,129.67,1428.555
2025-11-23 10:20:00,129.67,129.93,129.53,129.87,769.931
2025-11-23 10:25:00,129.87,130.11,129.7,129.8,2016.998
2025-11-23 10:30:00,129.8,129.8,129.57,129.6,1037.804
2025-11-23 10:35:00,129.6,129.74,129.42,129.72,1490.799
2025-11-23 10:40:00,129.72,129.9,129.64,129.87,980.546
2025-11-23 10:45:00,129.87,130.03,129.83,129.92,1183.519
2025-11-23 10:50:00,129.92,130.11,129.72,130.1,1275.381
2025-11-23 10:55:00,130.1,130.11,129.74,129.97,1214.429
2025-11-23 11:00:00,129.97,129.97,129.63,129.64,1699.21
2025-11-23 11:05:00,129.64,129.8,129.35,129.64,1891.725
2025-11-23 11:10:00,129.64,129.64,129.28,129.36,1796.213
2025-11-23 11:15:00,129.36,129.43,129.03,129.23,2429.957
2025-11-23 11:20:00,129.23,129.37,129.17,129.31,3309.808
2025-11-23 11:25:00,129.31,129.58,129.26,129.4,2455.281
2025-11-23 11:30:00,129.4,129.82,129.36,129.76,1211.865
2025-11-23 11:35:00,129.76,129.77,129.46,129.59,1851.716
2025-11-23 11:40:00,129.59,129.79,129.59,129.75,1585.749
2025-11-23 11:45:00,129.75,129.96,129.75,129.83,3362.272
2025-11-23 11:50:00,129.83,129.84,129.53,129.74,891.727
2025-11-23 11:55:00,129.74,129.79,129.67,129.75,683.03
2025-11-23 12:00:00,129.75,130.11,129.65,130.01,1788.331
2025-11-23 12:05:00,130.01,130.18,129.98,130.03,3629.799
2025-11-23 12:10:00,130.03,130.72,130.03,130.72,6436.884
2025-11-23 12:15:00,130.72,131.06,130.63,130.97,10752.653
2025-11-23 12:20:00,130.97,131.25,130.93,131.14,3094.515
2025-11-23 12:25:00,131.14,131.19,130.93,131.05,1947.992
2025-11-23 12:30:00,131.05,131.38,130.87,131.3,11095.612
2025-11-23 12:35:00,131.3,131.69,131.18,131.21,6899.483
2025-11-23 12:40:00,131.21,131.28,130.71,130.93,11540.852
2025-11-23 12:45:00,130.93,131.04,130.7,130.85,3415.504
2025-11-23 12:50:00,130.85,131.09,130.83,130.94,2525.57
2025-11-23 12:55:00,130.94,130.94,130.72,130.87,1824.174
2025-11-23 13:00:00,130.87,131.26,130.83,131.23,3136.191
2025-11-23 13:05:00,131.23,131.4,130.9,131.0,4386.029
2025-11-23 13:10:00,131.0,131.1,130.54,130.58,6639.376
2025-11-23 13:15:00,130.58,130.7,130.49,130.6,1884.532
2025-11-23 13:20:00,130.6,130.65,130.34,130.65,3233.711
2025-11-23 13:25:00,130.65,131.12,130.56,131.05,3358.031
2025-11-23 13:30:00,131.05,131.08,130.73,130.78,4199.926
2025-11-23 13:35:00,130.78,131.23,130.77,131.16,6850.107
2025-11-23 13:40:00,131.16,131.3,131.15,131.22,874.564
2025-11-23 13:45:00,131.22,131.6,131.04,131.6,1984.664
2025-11-23 13:50:00,131.6,131.71,131.35,131.4,2693.714
2025-11-23 13:55:00,131.4,131.58,131.39,131.58,1282.046
2025-11-23 14:00:00,131.58,132.72,131.44,132.5,10555.305
2025-11-23 14:05:00,132.5,132.51,131.8,131.89,6686.054
2025-11-23 14:10:00,131.89,131.92,131.59,131.65,3198.604
2025-11-23 14:15:00,131.65,131.8,131.2,131.22,7198.892
2025-11-23 14:20:00,131.22,131.25,130.88,130.95,7872.093
2025-11-23 14:25:00,130.95,131.21,130.95,131.06,4459.681
2025-11-23 14:30:00,131.06,131.23,130.81,131.22,2277.817
2025-11-23 14:35:00,131.22,131.37,130.71,130.89,2664.048
2025-11-23 14:40:00,130.89,131.19,130.84,131.08,2031.013
2025-11-23 14:45:00,131.08,131.26,130.73,131.0,2751.901
2025-11-23 14:50:00,131.0,131.0,130.51,130.61,2442.288
2025-11-23 14:55:00,130.61,130.77,130.55,130.73,1164.786
2025-11-23 15:00:00,130.73,130.91,130.43,130.59,4429.715
2025-11-23 15:05:00,130.59,131.05,130.46,131.01,4059.869
2025-11-23 15:10:00,131.01,131.33,130.95,131.22,1148.416
2025-11-23 15:15:00,131.22,131.35,131.08,131.31,1179.916
2025-11-23 15:20:00,131.31,131.44,130.84,131.07,4031.818
2025-11-23 15:25:00,131.07,131.18,130.85,131.08,1088.102
2025-11-23 15:30:00,131.08,131.51,130.95,131.49,1993.451
2025-11-23 15:35:00,131.49,131.96,131.44,131.91,3072.766
2025-11-23 15:40:00,131.91,132.67,131.85,132.67,20223.206
2025-11-23 15:45:00,132.67,132.78,132.32,132.44,13976.668
2025-11-23 15:50:00,132.44,132.64,132.38,132.43,6708.435
2025-11-23 15:55:00,132.43,133.1,132.42,132.86,14802.123
2025-11-23 16:00:00,132.86,133.29,132.76,133.2,8012.574
2025-11-23 16:05:00,133.2,133.42,132.64,132.71,8489.306
2025-11-23 16:10:00,132.71,132.76,132.32,132.4,3287.022
2025-11-23 16:15:00,132.4,132.57,132.3,132.31,3072.263
2025-11-23 16:20:00,132.31,132.36,132.1,132.13,3155.984
2025-11-23 16:25:00,132.13,132.29,131.93,132.09,4860.293
2025-11-23 16:30:00,132.09,132.65,131.94,132.53,4323.711
2025-11-23 16:35:00,132.53,132.78,132.51,132.77,1904.84
2025-11-23 16:40:00,132.77,132.89,132.66,132.79,1636.238
2025-11-23 16:45:00,132.79,132.82,132.53,132.74,2501.65
2025-11-23 16:50:00,132.74,132.74,132.55,132.62,1151.218
2025-11-23 16:55:00,132.62,132.85,131.75,131.76,5817.854
2025-11-23 17:00:00,131.76,131.86,131.11,131.47,10197.024
2025-11-23 17:05:00,131.47,131.58,131.2,131.24,3723.96
2025-11-23 17:10:00,131.24,131.43,131.13,131.29,1948.779
2025-11-23 17:15:00,131.29,131.37,130.9,131.05,3946.653
2025-11-23 17:20:00,131.05,131.33,130.84,130.94,2406.327
2025-11-23 17:25:00,130.94,131.74,130.87,131.62,3302.385
2025-11-23 17:30:00,131.62,131.62,131.14,131.5,2118.027
2025-11-23 17:35:00,131.5,131.89,131.38,131.67,1357.826
2025-11-23 17:40:00,131.67,131.8,131.6,131.72,1046.735
2025-11-23 17:45:00,131.72,131.74,130.96,131.0,3052.764
2025-11-23 17:50:00,131.0,131.23,130.94,131.11,2295.373
2025-11-23 17:55:00,131.11,131.46,131.1,131.37,1235.769
2025-11-23 18:00:00,131.37,131.94,131.36,131.75,2691.21
2025-11-23 18:05:00,131.75,131.95,131.72,131.89,849.828
2025-11-23 18:10:00,131.89,131.92,131.57,131.84,1248.592
2025-11-23 18:15:00,131.84,132.47,131.8,132.32,2499.765
2025-11-23 18:20:00,132.32,132.53,132.06,132.16,2353.186
2025-11-23 18:25:00,132.16,132.35,131.9,132.22,1523.557
2025-11-23 18:30:00,132.22,132.48,132.18,132.48,1945.418
2025-11-23 18:35:00,132.48,132.75,132.48,132.74,2080.67
2025-11-23 18:40:00,132.74,132.93,132.65,132.65,5997.139
2025-11-23 18:45:00,132.65,132.65,132.15,132.22,2597.533
2025-11-23 18:50:00,132.22,132.27,132.15,132.21,1026.922
2025-11-23 18:55:00,132.21,132.22,132.06,132.2,982.983
2025-11-23 19:00:00,132.2,132.44,132.09,132.33,993.477
2025-11-23 19:05:00,132.33,132.44,131.98,132.25,1259.074
2025-11-23 19:10:00,132.25,132.37,132.25,132.31,1178.153
2025-11-23 19:15:00,132.31,133.07,132.31,133.07,3277.481
2025-11-23 19:20:00,133.07,133.07,132.81,132.82,1866.972
2025-11-23 19:25:00,132.82,132.91,132.48,132.48,1468.187
2025-11-23 19:30:00,132.48,133.02,132.44,132.97,1927.496
2025-11-23 19:35:00,132.97,133.0,132.8,132.93,1644.934
2025-11-23 19:40:00,132.93,133.07,132.8,132.95,1673.464
2025-11-23 19:45:00,132.95,132.98,132.54,132.64,2910.997
2025-11-23 19:50:00,132.64,132.79,132.61,132.62,840.961
2025-11-23 19:55:00,132.62,132.7,132.29,132.39,1417.353
2025-11-23 20:00:00,132.39,132.65,132.29,132.65,755.608
2025-11-23 20:05:00,132.65,132.67,132.23,132.32,1765.186
2025-11-23 20:10:00,132.32,132.54,132.11,132.49,1591.919
2025-11-23 20:15:00,132.49,132.52,132.25,132.52,543.179
2025-11-23 20:20:00,132.52,132.85,132.31,132.77,2270.497
2025-11-23 20:25:00,132.77,132.81,132.59,132.67,738.465
2025-11-23 20:30:00,132.67,132.67,132.26,132.26,2397.048
2025-11-23 20:35:00,132.26,132.7,132.21,132.7,1655.981
2025-11-23 20:40:00,132.7,132.74,132.51,132.68,540.211
2025-11-23 20:45:00,132.68,132.71,132.52,132.65,569.524
2025-11-23 20:50:00,132.65,132.84,132.63,132.65,708.318
2025-11-23 20:55:00,132.65,132.84,132.54,132.65,1022.88
2025-11-23 21:00:00,132.65,132.65,132.18,132.24,2947.825
2025-11-23 21:05:00,132.24,132.27,131.65,131.7,5503.629
2025-11-23 21:10:00,131.7,131.83,131.56,131.8,2278.02
2025-11-23 21:15:00,131.8,132.28,131.75,132.25,1758.453
2025-11-23 21:20:00,132.25,132.45,132.19,132.33,1033.764
2025-11-23 21:25:00,132.33,132.79,132.33,132.7,1193.614
2025-11-23 21:30:00,132.7,132.74,132.5,132.73,1802.003
2025-11-23 21:35:00,132.73,132.73,132.48,132.53,1858.148
2025-11-23 21:40:00,132.53,132.8,132.51,132.55,1898.021
2025-11-23 21:45:00,132.55,132.86,132.51,132.82,1382.833
2025-11-23 21:50:00,132.82,133.27,132.76,133.18,2714.813
2025-11-23 21:55:00,133.18,133.53,133.14,133.14,3828.334
2025-11-23 22:00:00,133.14,133.32,132.58,132.67,2970.483
2025-11-23 22:05:00,132.67,132.78,132.44,132.47,2070.875
2025-11-23 22:10:00,132.47,132.8,132.46,132.74,3327.106
2025-11-23 22:15:00,132.74,132.78,132.35,132.68,3528.716
2025-11-23 22:20:00,132.68,133.04,132.53,132.75,2161.242
2025-11-23 22:25:00,132.75,132.93,132.58,132.9,1945.023
2025-11-23 22:30:00,132.9,132.9,132.57,132.59,2184.747
2025-11-23 22:35:00,132.59,132.78,132.4,132.42,2913.967
2025-11-23 22:40:00,132.42,132.63,132.28,132.4,2161.692
2025-11-23 22:45:00,132.4,132.72,132.38,132.64,1258.205
2025-11-23 22:50:00,132.64,132.72,132.43,132.49,1089.191
2025-11-23 22:55:00,132.49,132.8,132.46,132.65,916.807
2025-11-23 23:00:00,132.65,132.84,131.87,131.9,3476.186
2025-11-23 23:05:00,131.9,131.9,131.48,131.6,3179.253
2025-11-23 23:10:00,131.6,131.89,131.41,131.43,2226.522
2025-11-23 23:15:00,131.43,131.57,130.83,131.05,9332.929
2025-11-23 23:20:00,131.05,131.33,130.71,131.19,5786.2
2025-11-23 23:25:00,131.19,131.43,131.12,131.24,1282.235
2025-11-23 23:30:00,131.24,131.24,130.69,130.79,2641.428
2025-11-23 23:35:00,130.79,130.92,130.52,130.71,8190.087
2025-11-23 23:40:00,130.71,131.05,130.69,130.95,1601.829
2025-11-23 23:45:00,130.95,131.16,130.83,131.0,1626.656
2025-11-23 23:50:00,131.0,131.15,130.69,130.71,3956.711
2025-11-23 23:55:00,130.71,130.84,130.55,130.56,4015.687
2025-11-24 00:00:00,130.56,130.57,130.13,130.47,13668.519
2025-11-24 00:05:00,130.47,130.51,129.94,130.05,8772.456
2025-11-24 00:10:00,130.05,130.28,129.9,129.91,4306.512
2025-11-24 00:15:00,129.91,129.96,129.49,129.52,6190.692
2025-11-24 00:20:00,129.52,130.27,129.32,130.2,6476.008
2025-11-24 00:25:00,130.2,130.6,130.08,130.57,4543.61
2025-11-24 00:30:00,130.57,130.58,130.13,130.47,5091.688
2025-11-24 00:35:00,130.47,131.3,130.47,131.18,4758.955
2025-11-24 00:40:00,131.18,131.53,130.95,131.22,5603.348
2025-11-24 00:45:00,131.22,131.55,130.87,131.55,2930.474
2025-11-24 00:50:00,131.55,132.1,131.3,131.33,7014.965
2025-11-24 00:55:00,131.33,131.34,130.82,130.82,1964.371
2025-11-24 01:00:00,130.82,130.86,130.36,130.62,6495.858
2025-11-24 01:05:00,130.62,131.01,130.51,130.92,2690.552
2025-11-24 01:10:00,130.92,131.26,130.76,130.88,3006.573
2025-11-24 01:15:00,130.88,131.09,130.52,130.77,2680.603
2025-11-24 01:20:00,130.77,131.01,130.7,130.92,1153.66
2025-11-24 01:25:00,130.92,131.27,130.82,131.12,2180.153
2025-11-24 01:30:00,131.12,131.13,130.6,130.72,2753.833
2025-11-24 01:35:00,130.72,130.84,130.37,130.52,2368.629
2025-11-24 01:40:00,130.52,130.87,130.06,130.24,2932.826
2025-11-24 01:45:00,130.24,130.5,130.0,130.5,2882.304
2025-11-24 01:50:00,130.5,131.19,130.43,131.04,3865.134
2025-11-24 01:55:00,131.04,131.75,131.01,131.51,2665.826
2025-11-24 02:00:00,131.51,132.66,131.43,132.48,10234.455
2025-11-24 02:05:00,132.48,133.7,132.48,133.03,14496.472
2025-11-24 02:10:00,133.03,133.8,133.03,133.74,8820.001
2025-11-24 02:15:00,133.74,134.04,133.33,133.72,7665.425
2025-11-24 02:20:00,133.72,134.34,133.59,134.27,6669.298
2025-11-24 02:25:00,134.27,134.4,133.44,133.51,4318.745
2025-11-24 02:30:00,133.51,133.67,132.73,132.8,3791.301
2025-11-24 02:35:00,132.8,133.24,132.77,133.06,3151.899
2025-11-24 02:40:00,133.06,133.17,132.89,132.95,1927.269
2025-11-24 02:45:00,132.95,133.1,132.87,133.02,2212.99
2025-11-24 02:50:00,133.02,133.37,132.77,133.34,3246.939
2025-11-24 02:55:00,133.34,133.39,133.15,133.39,3023.89
2025-11-24 03:00:00,133.39,133.74,133.39,133.52,3600.828
2025-11-24 03:05:00,133.52,133.53,132.94,132.97,1548.699
2025-11-24 03:10:00,132.97,133.12,132.85,133.08,1810.577
2025-11-24 03:15:00,133.08,133.99,132.9,133.97,4592.239
2025-11-24 03:20:00,133.97,134.41,133.65,133.66,5881.217
2025-11-24 03:25:00,133.66,133.99,133.66,133.89,1611.773
2025-11-24 03:30:00,133.89,134.21,133.76,133.9,2378.647
2025-11-24 03:35:00,133.9,134.09,133.58,133.6,1776.75
2025-11-24 03:40:00,133.6,133.66,133.33,133.48,2134.781
2025-11-24 03:45:00,133.48,133.71,133.23,133.35,2454.945
2025-11-24 03:50:00,133.35,133.49,133.26,133.35,3106.978
2025-11-24 03:55:00,133.35,133.54,133.34,133.43,1765.014
2025-11-24 04:00:00,133.43,133.51,133.2,133.28,10164.061
2025-11-24 04:05:00,133.28,133.55,133.18,133.3,4097.289
2025-11-24 04:10:00,133.3,133.54,132.86,132.88,8877.555
2025-11-24 04:15:00,132.88,132.88,131.31,131.43,11889.256
2025-11-24 04:20:00,131.43,131.43,130.78,130.83,12180.093
2025-11-24 04:25:00,130.83,131.1,130.63,131.04,5695.495
2025-11-24 04:30:00,131.04,131.59,131.01,131.55,3719.788
2025-11-24 04:35:00,131.55,131.57,131.18,131.46,2133.079
2025-11-24 04:40:00,131.46,131.72,131.33,131.62,2194.943
2025-11-24 04:45:00,131.62,131.77,131.14,131.29,3007.92
2025-11-24 04:50:00,131.29,131.4,131.11,131.37,1825.821
2025-11-24 04:55:00,131.37,131.5,131.29,131.38,2726.907
2025-11-24 05:00:00,131.38,131.65,131.22,131.56,3885.342
2025-11-24 05:05:00,131.56,132.83,131.56,132.76,6305.948
2025-11-24 05:10:00,132.76,133.25,132.72,133.12,6475.202
2025-11-24 05:15:00,133.12,133.41,132.93,133.12,6893.216
2025-11-24 05:20:00,133.12,133.73,133.12,133.63,5452.445
2025-11-24 05:25:00,133.63,133.92,133.57,133.64,3135.112
2025-11-24 05:30:00,133.64,133.68,132.78,132.78,3565.922
2025-11-24 05:35:00,132.78,133.1,132.76,132.99,1475.972
2025-11-24 05:40:00,132.99,133.16,132.91,133.1,1731.948
2025-11-24 05:45:00,133.1,133.18,132.78,132.84,3444.764
2025-11-24 05:50:00,132.84,133.06,132.77,132.86,2260.169
2025-11-24 05:55:00,132.86,133.02,132.6,132.96,2061.952
2025-11-24 06:00:00,132.96,133.03,132.44,132.44,2720.607
2025-11-24 06:05:00,132.44,132.45,131.37,131.52,11161.217
2025-11-24 06:10:00,131.52,131.62,131.35,131.39,4163.411
2025-11-24 06:15:00,131.39,131.95,131.39,131.7,4015.529
2025-11-24 06:20:00,131.7,131.84,131.4,131.63,3590.45
2025-11-24 06:25:00,131.63,131.74,131.26,131.54,6296.219
2025-11-24 06:30:00,131.54,131.54,131.12,131.22,4583.862
2025-11-24 06:35:00,131.22,131.69,131.1,131.22,4222.628
2025-11-24 06:40:00,131.22,131.26,130.81,130.98,10351.459
2025-11-24 06:45:00,130.98,131.22,130.75,131.09,5308.091
2025-11-24 06:50:00,131.09,131.29,130.68,131.24,5306.259
2025-11-24 06:55:00,131.24,131.27,130.97,131.18,2852.557
2025-11-24 07:00:00,131.18,131.18,130.67,130.74,3497.91
2025-11-24 07:05:00,130.74,130.92,130.62,130.67,3271.249
2025-11-24 07:10:00,130.67,130.99,130.38,130.6,5911.473
2025-11-24 07:15:00,130.6,130.94,130.21,130.85,3812.14
2025-11-24 07:20:00,130.85,130.85,130.4,130.59,4564.03
2025-11-24 07:25:00,130.59,130.71,130.49,130.57,5490.789
2025-11-24 07:30:00,130.57,130.81,130.49,130.67,6760.667
2025-11-24 07:35:00,130.67,131.02,130.6,131.01,3524.508
2025-11-24 07:40:00,131.01,131.43,130.87,131.17,2775.458
2025-11-24 07:45:00,131.17,131.17,130.55,130.95,3451.545
2025-11-24 07:50:00,130.95,131.02,130.61,130.82,3035.64
2025-11-24 07:55:00,130.82,130.84,130.25,130.36,3814.969
2025-11-24 08:00:00,130.36,130.36,129.94,130.15,11827.634
2025-11-24 08:05:00,130.15,130.35,129.92,129.98,6235.683
2025-11-24 08:10:00,129.98,130.09,129.65,130.02,11129.331
2025-11-24 08:15:00,130.02,130.37,129.83,129.85,5573.971
2025-11-24 08:20:00,129.85,130.18,129.85,130.11,2010.204
2025-11-24 08:25:00,130.11,130.19,129.84,129.98,2405.654
2025-11-24 08:30:00,129.98,130.2,129.86,129.9,1376.4
2025-11-24 08:35:00,129.9,130.17,129.87,130.06,1521.426
2025-11-24 08:40:00,130.06,130.17,130.01,130.12,2140.831
2025-11-24 08:45:00,130.12,130.24,129.85,130.1,1943.604
2025-11-24 08:50:00,130.1,130.28,129.94,130.28,2850.384
2025-11-24 08:55:00,130.28,130.76,130.25,130.59,2528.657
2025-11-24 09:00:00,130.59,130.69,130.26,130.63,2127.938
2025-11-24 09:05:00,130.63,130.64,129.71,129.74,2876.719
2025-11-24 09:10:00,129.74,130.04,129.71,129.79,2712.72
2025-11-24 09:15:00,129.79,129.82,129.21,129.24,5640.216
2025-11-24 09:20:00,129.24,129.24,128.53,128.72,9897.965
2025-11-24 09:25:00,128.72,128.82,128.45,128.73,5469.456
2025-11-24 09:30:00,128.73,129.01,128.65,128.65,3545.516
2025-11-24 09:35:00,128.65,129.37,128.65,129.19,2518.045
2025-11-24 09:40:00,129.19,129.21,128.92,128.93,3526.316
2025-11-24 09:45:00,128.93,129.24,128.92,129.11,3707.517
2025-11-24 09:50:00,129.11,129.23,128.95,129.02,2249.902
2025-11-24 09:55:00,129.02,129.14,128.86,128.91,1932.069
2025-11-24 10:00:00,128.91,129.32,128.85,129.28,6372.013
2025-11-24 10:05:00,129.28,129.46,129.15,129.35,2843.023
2025-11-24 10:10:00,129.35,129.35,129.0,129.08,2031.172
2025-11-24 10:15:00,129.08,129.17,128.93,129.17,2572.715
2025-11-24 10:20:00,129.17,129.28,129.05,129.09,1605.269
2025-11-24 10:25:00,129.09,129.19,128.92,129.16,1319.776
2025-11-24 10:30:00,129.16,129.16,128.77,128.85,3034.305
2025-11-24 10:35:00,128.85,129.2,128.83,129.14,3035.437
2025-11-24 10:40:00,129.14,129.35,129.06,129.12,1941.165
2025-11-24 10:45:00,129.12,129.26,129.02,129.22,1466.3
2025-11-24 10:50:00,129.22,129.4,129.0,129.1,1193.018
2025-11-24 10:55:00,129.1,129.39,129.09,129.25,870.421
2025-11-24 11:00:00,129.25,129.38,129.17,129.26,1282.175
2025-11-24 11:05:00,129.26,129.26,128.8,128.89,2759.265
2025-11-24 11:10:00,128.89,129.11,128.85,129.05,7720.777
2025-11-24 11:15:00,129.05,129.15,128.93,129.09,1261.491
2025-11-24 11:20:00,129.09,129.15,128.94,129.03,1276.268
2025-11-24 11:25:00,129.03,129.11,128.88,129.01,615.398
2025-11-24 11:30:00,129.01,129.39,129.01,129.28,1916.335
2025-11-24 11:35:00,129.28,129.66,129.11,129.47,3020.344
2025-11-24 11:40:00,129.47,129.74,129.38,129.74,1635.904
2025-11-24 11:45:00,129.74,129.81,129.62,129.79,1652.269
2025-11-24 11:50:00,129.79,129.93,129.6,129.61,1273.414
2025-11-24 11:55:00,129.61,129.71,129.57,129.62,3650.774
2025-11-24 12:00:00,129.62,129.62,129.35,129.48,3176.173
2025-11-24 12:05:00,129.48,129.71,129.2,129.27,4200.338
2025-11-24 12:10:00,129.27,129.28,129.0,129.12,3452.067
2025-11-24 12:15:00,129.12,129.33,129.04,129.12,1432.608
2025-11-24 12:20:00,129.12,129.45,129.11,129.39,2906.404
2025-11-24 12:25:00,129.39,129.62,129.38,129.58,1504.226
2025-11-24 12:30:00,129.58,130.0,129.57,129.77,8022.44
2025-11-24 12:35:00,129.77,129.81,129.3,129.39,2592.653
2025-11-24 12:40:00,129.39,129.55,129.26,129.43,4770.984
2025-11-24 12:45:00,129.43,129.8,129.42,129.56,3423.565
2025-11-24 12:50:00,129.56,129.63,129.31,129.5,2828.877
2025-11-24 12:55:00,129.5,129.6,129.45,129.51,1817.618
2025-11-24 13:00:00,129.51,129.66,129.37,129.65,2292.135
2025-11-24 13:05:00,129.65,130.45,129.65,130.27,9105.218
2025-11-24 13:10:00,130.27,130.58,130.17,130.17,7953.246
2025-11-24 13:15:00,130.17,130.25,129.91,130.13,3120.603
2025-11-24 13:20:00,130.13,130.25,129.79,129.82,2024.217
2025-11-24 13:25:00,129.82,130.07,129.52,130.02,1954.399
2025-11-24 13:30:00,130.02,130.09,129.9,129.97,1582.747
2025-11-24 13:35:00,129.97,130.25,129.89,130.22,2278.79
2025-11-24 13:40:00,130.22,130.37,130.09,130.34,6118.397
2025-11-24 13:45:00,130.34,130.4,129.94,129.99,9508.332
2025-11-24 13:50:00,129.99,130.22,129.91,130.04,1645.72
2025-11-24 13:55:00,130.04,130.12,129.65,129.75,2162.633
2025-11-24 14:00:00,129.75,129.75,129.35,129.59,3823.849
2025-11-24 14:05:00,129.59,129.68,129.51,129.55,2230.354
2025-11-24 14:10:00,129.55,129.83,129.55,129.7,1513.681
2025-11-24 14:15:00,129.7,129.8,129.47,129.54,1966.626
2025-11-24 14:20:00,129.54,129.68,129.4,129.58,1338.048
2025-11-24 14:25:00,129.58,129.59,129.11,129.12,3499.418
2025-11-24 14:30:00,129.12,131.07,129.11,131.07,22132.05
2025-11-24 14:35:00,131.07,131.56,130.25,130.46,9459.658
2025-11-24 14:40:00,130.46,130.51,129.16,129.37,20799.854
2025-11-24 14:45:00,129.37,129.87,129.23,129.31,12875.301
2025-11-24 14:50:00,129.31,130.01,128.57,129.73,9392.013
2025-11-24 14:55:00,129.73,130.68,129.61,130.68,10699.93
2025-11-24 15:00:00,130.68,131.47,130.65,131.05,10356.097
2025-11-24 15:05:00,131.05,131.48,130.85,131.06,7678.213
2025-11-24 15:10:00,131.06,131.45,130.51,131.18,8717.351
2025-11-24 15:15:00,131.18,131.23,130.5,130.54,4272.879
2025-11-24 15:20:00,130.54,131.05,130.42,130.59,3562.085
2025-11-24 15:25:00,130.59,130.77,130.02,130.6,3656.63
2025-11-24 15:30:00,130.6,131.74,130.35,131.61,6549.824
2025-11-24 15:35:00,131.61,131.9,131.35,131.59,4262.266
2025-11-24 15:40:00,131.59,132.03,131.54,131.97,5822.265
2025-11-24 15:45:00,131.97,132.54,131.97,132.4,12310.362
2025-11-24 15:50:00,132.4,132.59,131.83,131.83,5502.276
2025-11-24 15:55:00,131.83,131.96,131.58,131.93,5526.383
2025-11-24 16:00:00,131.93,132.76,131.83,132.65,15018.811
2025-11-24 16:05:00,132.65,132.82,131.98,132.67,8514.054
2025-11-24 16:10:00,132.67,132.84,132.34,132.37,6600.453
2025-11-24 16:15:00,132.37,132.86,132.18,132.7,7567.296
2025-11-24 16:20:00,132.7,133.03,132.62,132.97,11518.535
2025-11-24 16:25:00,132.97,133.46,132.88,132.95,8197.835
2025-11-24 16:30:00,132.95,133.63,132.53,133.49,7535.923
2025-11-24 16:35:00,133.49,133.88,133.17,133.79,13584.793
2025-11-24 16:40:00,133.79,134.27,133.73,134.23,16462.607
2025-11-24 16:45:00,134.23,134.4,133.73,133.85,11460.15
2025-11-24 16:50:00,133.85,134.01,133.49,133.75,5819.929
2025-11-24 16:55:00,133.75,134.0,133.64,133.7,7555.613
2025-11-24 17:00:00,133.7,134.11,133.68,134.0,5180.134
2025-11-24 17:05:00,134.0,134.45,133.82,134.17,8268.439
2025-11-24 17:10:00,134.17,134.19,133.65,133.87,4830.632
2025-11-24 17:15:00,133.87,134.38,133.58,134.38,8833.929
2025-11-24 17:20:00,134.38,135.2,134.1,135.19,22057.526
2025-11-24 17:25:00,135.19,136.32,135.18,136.12,21886.098
2025-11-24 17:30:00,136.12,137.05,135.94,136.62,19166.687
2025-11-24 17:35:00,136.62,136.71,136.22,136.54,8368.454
2025-11-24 17:40:00,136.54,136.78,136.3,136.31,9505.639
2025-11-24 17:45:00,136.31,136.87,136.26,136.82,5885.702
2025-11-24 17:50:00,136.82,136.83,136.32,136.68,4971.764
2025-11-24 17:55:00,136.68,137.18,136.57,136.91,9867.998
2025-11-24 18:00:00,136.91,137.66,136.91,137.16,11154.67
2025-11-24 18:05:00,137.16,137.99,137.11,137.5,7625.578
2025-11-24 18:10:00,137.5,137.71,137.29,137.55,6097.561
2025-11-24 18:15:00,137.55,137.69,137.08,137.38,4623.824
2025-11-24 18:20:00,137.38,137.44,136.73,136.9,6203.717
2025-11-24 18:25:00,136.9,137.17,136.83,136.97,3719.222
2025-11-24 18:30:00,136.97,137.35,136.5,137.15,8470.753
2025-11-24 18:35:00,137.15,137.4,137.01,137.34,4312.344
2025-11-24 18:40:00,137.34,137.46,137.09,137.17,2744.803
2025-11-24 18:45:00,137.17,137.65,137.13,137.65,2728.937
2025-11-24 18:50:00,137.65,137.77,137.18,137.24,9465.71
2025-11-24 18:55:00,137.24,137.42,137.12,137.39,2210.965
2025-11-24 19:00:00,137.39,137.67,137.26,137.65,3729.435
2025-11-24 19:05:00,137.65,137.81,137.4,137.62,7293.61
2025-11-24 19:10:00,137.62,137.65,137.2,137.39,4277.195
2025-11-24 19:15:00,137.39,137.5,137.21,137.35,4822.979
2025-11-24 19:20:00,137.35,137.37,136.85,136.9,6181.6
2025-11-24 19:25:00,136.9,137.1,136.8,137.07,3576.196
2025-11-24 19:30:00,137.07,137.23,136.8,136.82,3269.433
2025-11-24 19:35:00,136.82,137.44,136.76,137.33,3337.009
2025-11-24 19:40:00,137.33,137.39,136.68,137.01,3605.416
2025-11-24 19:45:00,137.01,137.14,136.86,137.11,3016.455
2025-11-24 19:50:00,137.11,137.33,136.96,137.01,3137.998
2025-11-24 19:55:00,137.01,137.26,136.93,137.25,2770.663
2025-11-24 20:00:00,137.25,137.59,137.25,137.43,4198.417
2025-11-24 20:05:00,137.43,138.14,137.38,138.07,13159.004
2025-11-24 20:10:00,138.07,139.0,137.94,138.78,27760.629
2025-11-24 20:15:00,138.78,139.15,138.62,139.08,4934.463
2025-11-24 20:20:00,139.08,139.29,138.78,138.84,8533.6
2025-11-24 20:25:00,138.84,138.94,138.61,138.93,3946.218
2025-11-24 20:30:00,138.93,139.1,138.77,138.99,4105.96
2025-11-24 20:35:00,138.99,139.36,138.75,138.82,5849.618
2025-11-24 20:40:00,138.82,139.1,138.82,138.95,3073.982
2025-11-24 20:45:00,138.95,139.16,138.95,139.09,3920.778
2025-11-24 20:50:00,139.09,139.29,138.77,139.14,5044.776
2025-11-24 20:55:00,139.14,139.16,138.67,139.03,6043.034
2025-11-24 21:00:00,139.03,139.03,138.62,138.88,5908.089
2025-11-24 21:05:00,138.88,138.99,138.71,138.94,3364.117
2025-11-24 21:10:00,138.94,138.94,138.55,138.76,3021.009
2025-11-24 21:15:00,138.76,138.84,138.58,138.65,3651.077
2025-11-24 21:20:00,138.65,138.79,138.48,138.72,10347.475
2025-11-24 21:25:00,138.72,138.83,138.45,138.52,1913.761
2025-11-24 21:30:00,138.52,138.74,138.29,138.41,1789.007
2025-11-24 21:35:00,138.41,138.41,138.12,138.21,2917.595
2025-11-24 21:40:00,138.21,138.4,138.12,138.13,1737.535
2025-11-24 21:45:00,138.13,138.55,138.04,138.53,2946.241
2025-11-24 21:50:00,138.53,138.64,138.44,138.49,2142.882
2025-11-24 21:55:00,138.49,139.17,138.4,139.0,6263.231
2025-11-24 22:00:00,139.0,139.25,138.97,139.17,2432.195
2025-11-24 22:05:00,139.17,139.87,139.14,139.3,16052.098
2025-11-24 22:10:00,139.3,139.45,139.13,139.35,3750.512
2025-11-24 22:15:00,139.35,139.35,138.88,138.9,5389.045
2025-11-24 22:20:00,138.9,139.11,138.85,138.93,5544.797
2025-11-24 22:25:00,138.93,139.35,138.92,139.1,1982.529
2025-11-24 22:30:00,139.1,139.23,138.93,139.23,1511.607
2025-11-24 22:35:00,139.23,139.27,138.95,139.03,1634.028
2025-11-24 22:40:00,139.03,139.05,138.64,138.86,2067.26
2025-11-24 22:45:00,138.86,138.87,138.65,138.67,1657.578
2025-11-24 22:50:00,138.67,138.81,138.42,138.67,3365.692
2025-11-24 22:55:00,138.67,139.11,138.63,139.04,2546.825
2025-11-24 23:00:00,139.04,139.21,138.91,139.02,2292.782
2025-11-24 23:05:00,139.02,139.02,138.84,138.84,1552.315
2025-11-24 23:10:00,138.84,139.04,138.8,139.0,4314.789
2025-11-24 23:15:00,139.0,139.09,138.75,138.98,1850.648
2025-11-24 23:20:00,138.98,139.0,138.7,138.83,1781.516
2025-11-24 23:25:00,138.83,138.9,138.74,138.83,1361.691
2025-11-24 23:30:00,138.83,138.83,138.49,138.58,2332.163
2025-11-24 23:35:00,138.58,138.66,138.5,138.51,1384.194
2025-11-24 23:40:00,138.51,138.89,138.48,138.83,3129.589
2025-11-24 23:45:00,138.83,138.83,138.43,138.51,1919.58
2025-11-24 23:50:00,138.51,138.52,138.21,138.3,2354.943
2025-11-24 23:55:00,138.3,138.52,138.29,138.44,2170.393
2025-11-25 00:00:00,138.44,138.44,137.95,138.11,4218.441
2025-11-25 00:05:00,138.11,138.34,138.01,138.21,1805.996
2025-11-25 00:10:00,138.21,138.47,137.96,137.97,7810.31
2025-11-25 00:15:00,137.97,137.98,137.75,137.83,6019.723
2025-11-25 00:20:00,137.83,137.92,137.65,137.68,6431.001
2025-11-25 00:25:00,137.68,137.86,137.63,137.66,2439.722
2025-11-25 00:30:00,137.66,138.47,137.65,138.45,2157.798
2025-11-25 00:35:00,138.45,138.86,138.41,138.53,2561.808
2025-11-25 00:40:00,138.53,138.92,138.48,138.77,2842.068
2025-11-25 00:45:00,138.77,138.97,138.33,138.45,2158.388
2025-11-25 00:50:00,138.45,138.75,138.39,138.67,1181.245
2025-11-25 00:55:00,138.67,138.69,138.36,138.43,1516.449
2025-11-25 01:00:00,138.43,138.51,137.95,138.22,2888.813
2025-11-25 01:05:00,138.22,138.43,138.08,138.31,2070.102
2025-11-25 01:10:00,138.31,138.95,138.19,138.72,1906.538
2025-11-25 01:15:00,138.72,138.74,138.3,138.35,1181.325
2025-11-25 01:20:00,138.35,138.75,138.33,138.61,1820.519
2025-11-25 01:25:00,138.61,138.71,138.12,138.22,3221.119
2025-11-25 01:30:00,138.22,138.51,138.18,138.4,2564.13
2025-11-25 01:35:00,138.4,138.73,138.22,138.25,1763.854
2025-11-25 01:40:00,138.25,138.47,138.23,138.35,822.025
2025-11-25 01:45:00,138.35,138.36,137.91,137.95,2723.03
2025-11-25 01:50:00,137.95,138.0,137.8,137.86,1908.227
2025-11-25 01:55:00,137.86,138.02,137.78,137.82,2634.168
2025-11-25 02:00:00,137.82,138.29,137.57,138.17,3199.137
2025-11-25 02:05:00,138.17,138.23,137.97,138.09,1570.453
2025-11-25 02:10:00,138.09,138.39,138.06,138.09,1438.863
2025-11-25 02:15:00,138.09,138.31,138.04,138.07,973.005
2025-11-25 02:20:00,138.07,138.2,137.65,137.67,2146.342
2025-11-25 02:25:00,137.67,137.78,137.29,137.45,3283.222
2025-11-25 02:30:00,137.45,137.62,137.25,137.44,3124.42
2025-11-25 02:35:00,137.44,137.54,137.29,137.45,1725.24
2025-11-25 02:40:00,137.45,137.89,137.42,137.8,1495.906
2025-11-25 02:45:00,137.8,137.98,137.79,137.93,1848.183
2025-11-25 02:50:00,137.93,138.27,137.93,138.03,1702.105
2025-11-25 02:55:00,138.03,138.26,138.01,138.17,1230.11
2025-11-25 03:00:00,138.17,138.29,137.96,138.2,1810.111
2025-11-25 03:05:00,138.2,138.67,138.16,138.32,1451.154
2025-11-25 03:10:00,138.32,138.36,138.13,138.2,2231.126
2025-11-25 03:15:00,138.2,138.33,138.03,138.21,767.576
2025-11-25 03:20:00,138.21,138.58,138.09,138.51,1071.265
2025-11-25 03:25:00,138.51,138.54,138.26,138.43,930.856
2025-11-25 03:30:00,138.43,138.44,137.8,137.83,1021.796
2025-11-25 03:35:00,137.83,137.83,137.47,137.49,1953.798
2025-11-25 03:40:00,137.49,137.65,137.42,137.54,999.259
2025-11-25 03:45:00,137.54,137.6,137.46,137.49,1354.667
2025-11-25 03:50:00,137.49,137.67,137.29,137.65,1939.673
2025-11-25 03:55:00,137.65,137.86,137.62,137.81,863.084
2025-11-25 04:00:00,137.81,137.99,137.73,137.97,703.484
2025-11-25 04:05:00,137.97,138.23,137.95,138.04,1403.212
2025-11-25 04:10:00,138.04,138.44,137.99,138.39,1826.264
2025-11-25 04:15:00,138.39,138.4,138.12,138.24,739.323
2025-11-25 04:20:00,138.24,138.33,137.8,138.0,1240.162
2025-11-25 04:25:00,138.0,138.2,137.9,138.1,1497.816
2025-11-25 04:30:00,138.1,138.41,138.02,138.33,3001.456
2025-11-25 04:35:00,138.33,138.51,138.13,138.39,1720.051
2025-11-25 04:40:00,138.39,138.48,138.28,138.35,1385.728
2025-11-25 04:45:00,138.35,138.49,138.29,138.43,1555.558
2025-11-25 04:50:00,138.43,138.95,138.38,138.87,2070.45
2025-11-25 04:55:00,138.87,138.87,138.52,138.54,1625.534
2025-11-25 05:00:00,138.54,138.55,138.39,138.48,1027.122
2025-11-25 05:05:00,138.48,138.48,138.15,138.31,1051.795
2025-11-25 05:10:00,138.31,138.48,138.16,138.27,1636.929
2025-11-25 05:15:00,138.27,138.5,138.12,138.43,2452.21
2025-11-25 05:20:00,138.43,138.48,138.25,138.27,1126.446
2025-11-25 05:25:00,138.27,138.27,137.85,137.97,1740.592
2025-11-25 05:30:00,137.97,138.58,137.94,138.51,1949.96
2025-11-25 05:35:00,138.51,138.59,138.39,138.58,1224.731
2025-11-25 05:40:00,138.58,138.62,138.43,138.61,2053.833
2025-11-25 05:45:00,138.61,138.78,138.54,138.64,1960.735
2025-11-25 05:50:00,138.64,138.8,138.6,138.73,1432.355
2025-11-25 05:55:00,138.73,138.74,138.5,138.57,1348.243
2025-11-25 06:00:00,138.57,138.63,138.45,138.57,1914.854
2025-11-25 06:05:00,138.57,138.63,138.34,138.56,1635.082
2025-11-25 06:10:00,138.56,138.56,138.3,138.32,980.095
2025-11-25 06:15:00,138.32,138.43,138.12,138.36,1763.483
2025-11-25 06:20:00,138.36,138.36,138.02,138.06,1783.545
2025-11-25 06:25:00,138.06,138.11,137.9,137.9,2285.953
2025-11-25 06:30:00,137.9,137.9,137.51,137.66,2937.704
2025-11-25 06:35:00,137.66,137.81,137.53,137.54,1635.623
2025-11-25 06:40:00,137.54,137.73,137.39,137.57,2275.672
2025-11-25 06:45:00,137.57,137.88,137.57,137.77,2041.346
2025-11-25 06:50:00,137.77,137.99,137.58,137.96,1103.362
2025-11-25 06:55:00,137.96,138.24,137.95,138.15,1363.892
2025-11-25 07:00:00,138.15,138.19,137.75,137.75,1585.358
2025-11-25 07:05:00,137.75,137.98,137.57,137.89,2011.638
2025-11-25 07:10:00,137.89,138.06,137.8,137.92,1110.71
2025-11-25 07:15:00,137.92,137.92,137.44,137.53,1538.358
2025-11-25 07:20:00,137.53,137.78,137.3,137.32,2085.445
2025-11-25 07:25:00,137.32,137.33,136.81,136.9,4452.772
2025-11-25 07:30:00,136.9,137.16,136.71,136.86,2554.155
2025-11-25 07:35:00,136.86,136.97,136.69,136.85,2935.969
2025-11-25 07:40:00,136.85,137.08,136.77,136.85,1580.51
2025-11-25 07:45:00,136.85,136.95,136.39,136.44,3988.057
2025-11-25 07:50:00,136.44,136.84,136.37,136.49,5565.13
2025-11-25 07:55:00,136.49,136.61,136.32,136.35,2271.599
2025-11-25 08:00:00,136.35,136.56,136.15,136.23,3462.154
2025-11-25 08:05:00,136.23,136.59,136.18,136.4,5603.69
2025-11-25 08:10:00,136.4,136.46,136.08,136.09,5106.816
2025-11-25 08:15:00,136.09,136.46,136.09,136.43,4714.033
2025-11-25 08:20:00,136.43,136.69,136.43,136.54,1852.194
2025-11-25 08:25:00,136.54,136.59,136.31,136.44,3125.436
2025-11-25 08:30:00,136.44,136.44,135.93,136.26,6724.742
2025-11-25 08:35:00,136.26,136.29,135.97,136.1,1477.081
2025-11-25 08:40:00,136.1,136.41,136.1,136.36,1738.548
2025-11-25 08:45:00,136.36,136.52,135.99,136.07,4124.822
2025-11-25 08:50:00,136.07,136.28,135.7,135.7,4550.541
2025-11-25 08:55:00,135.7,135.78,135.2,135.45,11756.336
2025-11-25 09:00:00,135.45,135.63,135.17,135.23,6249.461
2025-11-25 09:05:00,135.23,135.51,135.2,135.41,3730.593
2025-11-25 09:10:00,135.41,135.49,134.99,135.02,6356.375
2025-11-25 09:15:00,135.02,135.19,134.75,135.01,4733.351
2025-11-25 09:20:00,135.01,135.18,134.88,135.04,2806.369
2025-11-25 09:25:00,135.04,135.28,135.01,135.19,2278.431
2025-11-25 09:30:00,135.19,135.46,135.19,135.39,2859.524
2025-11-25 09:35:00,135.39,135.61,135.26,135.32,2080.183
2025-11-25 09:40:00,135.32,135.97,135.17,135.88,4111.958
2025-11-25 09:45:00,135.88,136.04,135.55,135.99,2099.712
2025-11-25 09:50:00,135.99,135.99,135.68,135.72,2528.124
2025-11-25 09:55:00,135.72,136.33,135.72,136.3,2589.417
2025-11-25 10:00:00,136.3,136.31,135.95,136.02,1318.313
2025-11-25 10:05:00,136.02,136.32,136.0,136.18,6666.631
2025-11-25 10:10:00,136.18,136.36,135.96,136.04,1809.715
2025-11-25 10:15:00,136.04,136.15,135.86,135.94,3653.637
2025-11-25 10:20:00,135.94,136.53,135.94,136.46,1230.416
2025-11-25 10:25:00,136.46,136.58,136.4,136.47,1443.049
2025-11-25 10:30:00,136.47,136.8,136.23,136.75,2737.981
2025-11-25 10:35:00,136.75,136.77,136.33,136.48,3202.832
2025-11-25 10:40:00,136.48,136.66,136.4,136.62,994.56
2025-11-25 10:45:00,136.62,136.81,136.52,136.74,1828.339
2025-11-25 10:50:00,136.74,136.8,136.65,136.77,2612.388
2025-11-25 10:55:00,136.77,136.85,136.62,136.64,2576.162
2025-11-25 11:00:00,136.64,136.64,135.97,136.06,2312.148
2025-11-25 11:05:00,136.06,136.34,136.02,136.24,2457.958
2025-11-25 11:10:00,136.24,136.32,136.07,136.21,2947.464
2025-11-25 11:15:00,136.21,136.51,136.1,136.2,3552.236
2025-11-25 11:20:00,136.2,136.35,135.97,136.21,3850.999
2025-11-25 11:25:00,136.21,136.35,136.21,136.29,4518.133
2025-11-25 11:30:00,136.29,136.29,136.11,136.13,1584.331
2025-11-25 11:35:00,136.13,136.62,136.11,136.61,3974.803
2025-11-25 11:40:00,136.61,136.7,136.5,136.6,2416.414
2025-11-25 11:45:00,136.6,136.69,136.49,136.63,2261.755
2025-11-25 11:50:00,136.63,136.75,136.4,136.41,2558.836
2025-11-25 11:55:00,136.41,136.41,136.18,136.31,3796.886
2025-11-25 12:00:00,136.31,136.63,136.23,136.53,2722.571
2025-11-25 12:05:00,136.53,136.63,136.29,136.43,2021.244
2025-11-25 12:10:00,136.43,136.99,136.2,136.93,4007.14
2025-11-25 12:15:00,136.93,136.95,136.31,136.59,6484.525
2025-11-25 12:20:00,136.59,136.89,136.42,136.83,6554.519
2025-11-25 12:25:00,136.83,136.83,136.48,136.61,3188.935
2025-11-25 12:30:00,136.61,136.61,135.95,136.01,5233.374
2025-11-25 12:35:00,136.01,136.02,135.67,135.95,4063.599
2025-11-25 12:40:00,135.95,136.69,135.84,136.38,3462.587
2025-11-25 12:45:00,136.38,136.38,136.07,136.18,3745.525
2025-11-25 12:50:00,136.18,136.22,135.97,136.22,5471.288
2025-11-25 12:55:00,136.22,136.5,136.22,136.32,2453.29
2025-11-25 13:00:00,136.32,136.48,136.02,136.16,2634.107
2025-11-25 13:05:00,136.16,136.16,135.75,136.01,2705.823
2025-11-25 13:10:00,136.01,136.54,135.9,136.47,2871.727
2025-11-25 13:15:00,136.47,136.78,136.39,136.59,2905.925
2025-11-25 13:20:00,136.59,136.77,136.44,136.56,3113.626
2025-11-25 13:25:00,136.56,136.85,136.47,136.66,2664.236
2025-11-25 13:30:00,136.66,136.96,136.51,136.59,5835.098
2025-11-25 13:35:00,136.59,136.59,135.8,135.84,7371.281
2025-11-25 13:40:00,135.84,135.97,135.5,135.56,6428.634
2025-11-25 13:45:00,135.56,135.85,135.35,135.79,5738.147
2025-11-25 13:50:00,135.79,136.0,135.18,135.19,3509.027
2025-11-25 13:55:00,135.19,135.46,135.18,135.46,3348.65
2025-11-25 14:00:00,135.46,135.7,135.4,135.59,2712.272
2025-11-25 14:05:00,135.59,136.2,135.42,135.44,6340.616
2025-11-25 14:10:00,135.44,135.86,135.42,135.78,3244.491
2025-11-25 14:15:00,135.78,136.01,135.7,135.84,2138.181
2025-11-25 14:20:00,135.84,136.01,135.69,135.8,3295.593
2025-11-25 14:25:00,135.8,136.21,135.8,136.07,3084.674
2025-11-25 14:30:00,136.07,136.14,135.43,135.99,5034.967
2025-11-25 14:35:00,135.99,136.05,135.64,135.66,3753.382
2025-11-25 14:40:00,135.66,135.68,134.6,134.65,9476.029
2025-11-25 14:45:00,134.65,134.65,133.22,133.33,22569.383
2025-11-25 14:50:00,133.33,133.98,133.15,133.7,9598.832
2025-11-25 14:55:00,133.7,134.82,133.7,134.7,9591.825
2025-11-25 15:00:00,134.7,134.8,133.52,133.71,8439.817
2025-11-25 15:05:00,133.71,134.47,133.62,134.33,7689.112
2025-11-25 15:10:00,134.33,134.79,133.93,134.0,5832.916
2025-11-25 15:15:00,134.0,134.36,133.68,134.0,3944.994
2025-11-25 15:20:00,134.0,134.0,133.48,133.73,8332.804
2025-11-25 15:25:00,133.73,134.27,133.71,134.22,7053.167
2025-11-25 15:30:00,134.22,135.25,134.21,135.06,5615.78
2025-11-25 15:35:00,135.06,135.07,134.63,134.85,2580.413
2025-11-25 15:40:00,134.85,135.26,134.78,135.2,3342.139
2025-11-25 15:45:00,135.2,135.49,134.87,134.92,3332.183
2025-11-25 15:50:00,134.92,134.95,134.62,134.83,2897.864
2025-11-25 15:55:00,134.83,134.94,134.49,134.87,3244.712
2025-11-25 16:00:00,134.87,135.21,134.71,135.11,3175.916
2025-11-25 16:05:00,135.11,135.14,134.59,134.65,3191.36
2025-11-25 16:10:00,134.65,135.12,134.65,134.91,2086.976
2025-11-25 16:15:00,134.91,135.58,134.79,135.55,5077.786
2025-11-25 16:20:00,135.55,136.35,135.55,136.13,4704.992
2025-11-25 16:25:00,136.13,136.65,135.95,136.64,2846.728
2025-11-25 16:30:00,136.64,137.08,136.4,136.47,6756.108
2025-11-25 16:35:00,136.47,136.52,136.11,136.23,2204.954
2025-11-25 16:40:00,136.23,136.62,136.23,136.41,1512.566
2025-11-25 16:45:00,136.41,136.42,135.83,135.96,3046.737
2025-11-25 16:50:00,135.96,136.32,135.91,136.17,3136.891
2025-11-25 16:55:00,136.17,136.3,136.02,136.06,1940.46
2025-11-25 17:00:00,136.06,136.37,135.8,135.81,3108.643
2025-11-25 17:05:00,135.81,136.07,135.74,136.01,1860.862
2025-11-25 17:10:00,136.01,137.03,135.98,136.94,7136.622
2025-11-25 17:15:00,136.94,136.96,136.38,136.52,6111.933
2025-11-25 17:20:00,136.52,137.0,136.43,136.86,4671.356
2025-11-25 17:25:00,136.86,137.06,136.53,136.57,2292.164
2025-11-25 17:30:00,136.57,137.31,136.54,137.22,2890.055
2025-11-25 17:35:00,137.22,137.98,137.2,137.77,6262.68
2025-11-25 17:40:00,137.77,138.01,137.7,137.73,4978.715
2025-11-25 17:45:00,137.73,137.78,137.33,137.42,5221.356
2025-11-25 17:50:00,137.42,137.67,137.4,137.41,3972.929
2025-11-25 17:55:00,137.41,137.41,136.86,136.92,4250.273
2025-11-25 18:00:00,136.92,137.28,136.78,136.96,4271.686
2025-11-25 18:05:00,136.96,137.34,136.96,137.26,3691.203
2025-11-25 18:10:00,137.26,137.48,136.94,136.94,5322.289
2025-11-25 18:15:00,136.94,137.68,136.94,137.68,3603.601
2025-11-25 18:20:00,137.68,137.68,137.21,137.41,3042.833
2025-11-25 18:25:00,137.41,137.43,137.05,137.26,3118.158
2025-11-25 18:30:00,137.26,137.45,137.26,137.3,1308.214
2025-11-25 18:35:00,137.3,137.3,136.69,136.71,1718.602
2025-11-25 18:40:00,136.71,136.96,136.66,136.74,2581.065
2025-11-25 18:45:00,136.74,137.05,136.74,136.92,1181.377
2025-11-25 18:50:00,136.92,136.95,136.71,136.81,1641.573
2025-11-25 18:55:00,136.81,136.81,136.3,136.35,3006.659
2025-11-25 19:00:00,136.35,136.52,135.74,135.74,5090.181
2025-11-25 19:05:00,135.74,136.11,135.14,135.28,5771.745
2025-11-25 19:10:00,135.28,135.51,135.21,135.45,2510.492
2025-11-25 19:15:00,135.45,135.47,134.5,134.5,9348.906
2025-11-25 19:20:00,134.5,134.58,134.26,134.53,5531.168
2025-11-25 19:25:00,134.53,134.64,134.26,134.64,2989.709
2025-11-25 19:30:00,134.64,135.22,134.5,135.2,5430.744
2025-11-25 19:35:00,135.2,135.33,134.9,135.33,5878.498
2025-11-25 19:40:00,135.33,135.85,135.17,135.84,3338.877
2025-11-25 19:45:00,135.84,136.01,135.56,136.01,3517.449
2025-11-25 19:50:00,136.01,136.69,136.01,136.64,3629.308
2025-11-25 19:55:00,136.64,136.75,136.41,136.73,3708.348
2025-11-25 20:00:00,136.73,136.87,136.55,136.59,2774.064
2025-11-25 20:05:00,136.59,136.98,136.29,136.68,2895.63
2025-11-25 20:10:00,136.68,136.77,136.39,136.69,2717.538
2025-11-25 20:15:00,136.69,137.03,136.67,137.03,2216.274
2025-11-25 20:20:00,137.03,137.28,136.87,136.88,2575.639
2025-11-25 20:25:00,136.88,137.62,136.8,137.4,4181.066
2025-11-25 20:30:00,137.4,137.99,137.35,137.49,4077.455
2025-11-25 20:35:00,137.49,137.64,137.36,137.49,1530.053
2025-11-25 20:40:00,137.49,137.71,137.29,137.51,771.091
2025-11-25 20:45:00,137.51,137.75,137.4,137.65,1638.046
2025-11-25 20:50:00,137.65,138.0,137.55,137.64,3329.039
2025-11-25 20:55:00,137.64,137.81,137.52,137.8,1645.053
2025-11-25 21:00:00,137.8,138.0,137.61,137.93,3255.797
2025-11-25 21:05:00,137.93,138.11,137.48,137.49,3494.441
2025-11-25 21:10:00,137.49,137.66,137.44,137.52,1032.578
2025-11-25 21:15:00,137.52,137.99,137.52,137.55,2050.587
2025-11-25 21:20:00,137.55,137.65,137.46,137.56,980.369
2025-11-25 21:25:00,137.56,137.6,137.32,137.33,1437.01
2025-11-25 21:30:00,137.33,137.42,137.0,137.07,1931.653
2025-11-25 21:35:00,137.07,137.22,136.98,137.15,1400.813
2025-11-25 21:40:00,137.15,137.79,137.14,137.44,1979.117
2025-11-25 21:45:00,137.44,137.55,137.28,137.41,917.342
2025-11-25 21:50:00,137.41,137.66,137.3,137.37,1145.23
2025-11-25 21:55:00,137.37,137.46,137.13,137.15,2751.143
2025-11-25 22:00:00,137.15,137.16,136.34,136.35,3812.862
2025-11-25 22:05:00,136.35,136.7,136.22,136.67,3919.092
2025-11-25 22:10:00,136.67,136.67,135.97,136.16,4059.843
2025-11-25 22:15:00,136.16,136.89,136.15,136.85,2326.15
2025-11-25 22:20:00,136.85,137.19,136.85,137.15,3056.867
2025-11-25 22:25:00,137.15,137.53,137.04,137.21,3832.147
2025-11-25 22:30:00,137.21,137.71,137.07,137.68,3891.577
2025-11-25 22:35:00,137.68,138.63,137.68,138.6,4777.058
2025-11-25 22:40:00,138.6,138.84,138.28,138.33,3579.443
2025-11-25 22:45:00,138.33,138.51,137.96,138.14,1895.3
2025-11-25 22:50:00,138.14,138.47,137.94,138.06,2272.919
2025-11-25 22:55:00,138.06,139.5,138.03,138.98,11188.433
2025-11-25 23:00:00,138.98,139.14,138.55,138.76,2998.066
2025-11-25 23:05:00,138.76,139.63,138.76,139.62,5079.391
2025-11-25 23:10:00,139.62,139.99,139.57,139.92,14699.972
2025-11-25 23:15:00,139.92,140.49,139.81,140.47,8710.255
2025-11-25 23:20:00,140.47,140.48,139.57,139.58,5684.297
2025-11-25 23:25:00,139.58,139.84,139.4,139.47,3901.576
2025-11-25 23:30:00,139.47,139.66,139.35,139.52,3037.586
2025-11-25 23:35:00,139.52,139.53,139.1,139.29,4626.967
2025-11-25 23:40:00,139.29,139.46,139.22,139.27,2887.369
2025-11-25 23:45:00,139.27,139.3,138.98,138.98,3588.443
2025-11-25 23:50:00,138.98,139.16,138.85,139.12,3928.876
2025-11-25 23:55:00,139.12,139.13,138.86,138.94,3091.133
2025-11-26 00:00:00,138.94,139.21,138.79,139.21,2995.098
2025-11-26 00:05:00,139.21,139.24,138.88,139.09,1868.749
2025-11-26 00:10:00,139.09,139.48,139.09,139.47,1515.273
2025-11-26 00:15:00,139.47,139.76,139.29,139.74,2026.087
2025-11-26 00:20:00,139.74,139.84,139.5,139.68,3788.132
2025-11-26 00:25:00,139.68,139.69,139.18,139.38,1320.151
2025-11-26 00:30:00,139.38,139.5,139.29,139.44,1275.373
2025-11-26 00:35:00,139.44,139.75,139.16,139.17,1616.859
2025-11-26 00:40:00,139.17,139.42,139.09,139.36,3243.46
2025-11-26 00:45:00,139.36,139.66,139.34,139.41,3174.383
2025-11-26 00:50:00,139.41,139.46,139.19,139.25,2373.139
2025-11-26 00:55:00,139.25,139.26,139.02,139.03,1944.571
2025-11-26 01:00:00,139.03,139.04,138.62,138.64,4417.914
2025-11-26 01:05:00,138.64,138.85,138.57,138.84,2912.803
2025-11-26 01:10:00,138.84,138.95,138.66,138.88,1758.935
2025-11-26 01:15:00,138.88,139.18,138.75,138.92,1599.013
2025-11-26 01:20:00,138.92,139.03,138.75,138.8,810.532
2025-11-26 01:25:00,138.8,139.48,138.73,139.48,2026.162
2025-11-26 01:30:00,139.48,139.84,139.31,139.65,3248.919
2025-11-26 01:35:00,139.65,139.97,139.6,139.97,3576.619
2025-11-26 01:40:00,139.97,140.66,139.92,140.32,8515.084
2025-11-26 01:45:00,140.32,140.35,139.81,139.95,3808.401
2025-11-26 01:50:00,139.95,140.12,139.79,140.02,3412.277
2025-11-26 01:55:00,140.02,140.05,139.72,140.01,2096.006
2025-11-26 02:00:00,140.01,140.22,139.94,139.95,3250.197
2025-11-26 02:05:00,139.95,140.12,139.74,139.8,2010.647
2025-11-26 02:10:00,139.8,140.05,139.79,139.91,2592.014
2025-11-26 02:15:00,139.91,140.13,139.72,140.03,4897.701
2025-11-26 02:20:00,140.03,140.04,139.66,139.76,4609.474
2025-11-26 02:25:00,139.76,139.77,139.55,139.56,1737.62
2025-11-26 02:30:00,139.56,139.57,139.06,139.13,4217.543
2025-11-26 02:35:00,139.13,139.47,139.05,139.37,3294.146
2025-11-26 02:40:00,139.37,139.52,139.3,139.49,2137.188
2025-11-26 02:45:00,139.49,139.58,139.28,139.46,1669.415
2025-11-26 02:50:00,139.46,139.52,139.37,139.42,1818.203
2025-11-26 02:55:00,139.42,139.43,139.16,139.25,2397.956
2025-11-26 03:00:00,139.25,139.36,139.12,139.19,1836.203
2025-11-26 03:05:00,139.19,139.28,138.93,138.97,2988.875
2025-11-26 03:10:00,138.97,139.21,138.97,139.14,1296.539
2025-11-26 03:15:00,139.14,139.42,139.05,139.41,1418.467
2025-11-26 03:20:00,139.41,139.76,139.37,139.59,1935.105
2025-11-26 03:25:00,139.59,139.67,139.52,139.6,1643.894
2025-11-26 03:30:00,139.6,139.6,138.73,138.74,4204.332
2025-11-26 03:35:00,138.74,139.02,138.73,138.82,2496.193
2025-11-26 03:40:00,138.82,138.85,138.43,138.5,4351.788
2025-11-26 03:45:00,138.5,138.56,138.34,138.34,3083.105
2025-11-26 03:50:00,138.34,138.34,137.93,137.97,17333.326
2025-11-26 03:55:00,137.97,138.2,137.96,138.14,2500.423
2025-11-26 04:00:00,138.14,138.29,138.12,138.23,1806.972
2025-11-26 04:05:00,138.23,138.47,137.87,138.06,6213.771
2025-11-26 04:10:00,138.06,138.11,137.74,137.94,2165.903
2025-11-26 04:15:00,137.94,138.13,137.94,138.13,1301.272
2025-11-26 04:20:00,138.13,138.41,138.1,138.34,2154.087
2025-11-26 04:25:00,138.34,138.49,138.25,138.38,1905.683
2025-11-26 04:30:00,138.38,138.39,138.16,138.24,1825.148
2025-11-26 04:35:00,138.24,138.5,138.2,138.49,3192.471
2025-11-26 04:40:00,138.49,138.53,138.24,138.3,6797.259
2025-11-26 04:45:00,138.3,138.36,138.1,138.11,1125.092
2025-11-26 04:50:00,138.11,138.29,138.1,138.26,1608.616
2025-11-26 04:55:00,138.26,138.26,138.02,138.04,1197.709
2025-11-26 05:00:00,138.04,138.23,137.99,138.21,3226.985
2025-11-26 05:05:00,138.21,138.68,138.17,138.57,1307.829
2025-11-26 05:10:00,138.57,138.65,138.4,138.46,931.618
2025-11-26 05:15:00,138.46,138.74,138.46,138.64,1886.004
2025-11-26 05:20:00,138.64,138.9,138.45,138.46,1673.299
2025-11-26 05:25:00,138.46,138.63,138.39,138.63,771.344
2025-11-26 05:30:00,138.63,138.87,138.6,138.78,1668.686
2025-11-26 05:35:00,138.78,138.92,138.77,138.82,1131.332
2025-11-26 05:40:00,138.82,138.87,138.69,138.81,1061.924
2025-11-26 05:45:00,138.81,139.04,138.7,139.03,2320.387
2025-11-26 05:50:00,139.03,139.05,138.8,139.05,1965.068
2025-11-26 05:55:00,139.05,139.29,138.94,139.02,2671.096
2025-11-26 06:00:00,139.02,139.15,138.93,139.07,2148.291
2025-11-26 06:05:00,139.07,139.21,138.95,139.21,1838.226
2025-11-26 06:10:00,139.21,139.22,138.79,138.99,3507.346
2025-11-26 06:15:00,138.99,139.02,138.51,138.63,4629.787
2025-11-26 06:20:00,138.63,138.88,138.46,138.76,3306.55
2025-11-26 06:25:00,138.76,138.81,138.64,138.75,2124.924
2025-11-26 06:30:00,138.75,138.88,138.45,138.48,3408.987
2025-11-26 06:35:00,138.48,138.92,138.43,138.88,3433.718
2025-11-26 06:40:00,138.88,139.18,138.86,139.17,3097.487
2025-11-26 06:45:00,139.17,139.2,138.96,139.17,3212.218
2025-11-26 06:50:00,139.17,139.6,139.17,139.4,6353.461
2025-11-26 06:55:00,139.4,139.77,139.4,139.57,4716.125
2025-11-26 07:00:00,139.57,139.72,139.21,139.27,4698.145
2025-11-26 07:05:00,139.27,139.36,139.1,139.29,2207.647
2025-11-26 07:10:00,139.29,139.41,139.21,139.34,2429.94
2025-11-26 07:15:00,139.34,139.81,139.27,139.56,6395.423
2025-11-26 07:20:00,139.56,139.81,139.48,139.64,2860.546
2025-11-26 07:25:00,139.64,139.77,139.5,139.74,4317.975
2025-11-26 07:30:00,139.74,139.81,139.58,139.81,2438.756
2025-11-26 07:35:00,139.81,139.81,139.58,139.59,2868.085
2025-11-26 07:40:00,139.59,139.6,139.35,139.46,3120.969
2025-11-26 07:45:00,139.46,139.82,139.35,139.81,2897.993
2025-11-26 07:50:00,139.81,139.82,139.55,139.56,3354.002
2025-11-26 07:55:00,139.56,139.94,139.51,139.88,2935.369
2025-11-26 08:00:00,139.88,139.88,139.55,139.62,4564.006
2025-11-26 08:05:00,139.62,139.72,139.33,139.33,3807.047
2025-11-26 08:10:00,139.33,139.38,139.09,139.14,3257.021
2025-11-26 08:15:00,139.14,139.2,138.66,138.68,3806.699
2025-11-26 08:20:00,138.68,138.71,138.37,138.47,4611.639
2025-11-26 08:25:00,138.47,138.47,138.27,138.32,3730.719
2025-11-26 08:30:00,138.32,138.51,138.29,138.4,4189.585
2025-11-26 08:35:00,138.4,138.47,138.0,138.2,4470.173
2025-11-26 08:40:00,138.2,138.35,138.19,138.2,1677.039
2025-11-26 08:45:00,138.2,138.5,138.17,138.3,3578.425
2025-11-26 08:50:00,138.3,138.3,138.01,138.05,4145.691
2025-11-26 08:55:00,138.05,138.05,137.92,137.94,2577.465
2025-11-26 09:00:00,137.94,138.14,137.83,138.02,1661.357
2025-11-26 09:05:00,138.02,138.14,137.08,137.38,8494.975
2025-11-26 09:10:00,137.38,137.66,137.33,137.53,2402.895
2025-11-26 09:15:00,137.53,137.56,136.8,137.05,9900.62
2025-11-26 09:20:00,137.05,137.08,136.61,136.95,3884.406
2025-11-26 09:25:00,136.95,136.95,136.6,136.61,4385.249
2025-11-26 09:30:00,136.61,136.64,136.27,136.33,6941.346
2025-11-26 09:35:00,136.33,136.68,136.23,136.63,3702.041
2025-11-26 09:40:00,136.63,136.76,136.53,136.53,2165.331
2025-11-26 09:45:00,136.53,136.61,136.32,136.34,2959.286
2025-11-26 09:50:00,136.34,136.68,136.33,136.52,2967.285
2025-11-26 09:55:00,136.52,136.88,136.52,136.73,4048.948
2025-11-26 10:00:00,136.73,137.46,136.72,137.46,5258.189
2025-11-26 10:05:00,137.46,137.46,137.05,137.05,4127.022
2025-11-26 10:10:00,137.05,137.28,137.04,137.17,1907.547
2025-11-26 10:15:00,137.17,137.37,137.04,137.22,1914.896
2025-11-26 10:20:00,137.22,137.22,136.97,137.02,1773.182
2025-11-26 10:25:00,137.02,137.16,136.86,137.05,4096.219
2025-11-26 10:30:00,137.05,137.08,136.65,136.76,1737.134
2025-11-26 10:35:00,136.76,136.91,136.64,136.87,1588.799
2025-11-26 10:40:00,136.87,137.28,136.87,137.19,1590.5
2025-11-26 10:45:00,137.19,137.25,137.04,137.24,921.646
2025-11-26 10:50:00,137.24,137.38,137.14,137.35,2002.1
2025-11-26 10:55:00,137.35,137.39,137.2,137.29,944.479
2025-11-26 11:00:00,137.29,137.29,137.04,137.18,1854.557
2025-11-26 11:05:00,137.18,137.39,137.08,137.2,998.471
2025-11-26 11:10:00,137.2,137.31,137.16,137.19,784.039
2025-11-26 11:15:00,137.19,137.25,136.97,137.05,1503.681
2025-11-26 11:20:00,137.05,137.12,136.92,137.03,716.332
2025-11-26 11:25:00,137.03,137.09,136.84,136.9,1148.976
2025-11-26 11:30:00,136.9,136.94,136.68,136.69,3687.356
2025-11-26 11:35:00,136.69,136.88,136.61,136.68,1573.344
2025-11-26 11:40:00,136.68,136.95,136.6,136.95,3512.939
2025-11-26 11:45:00,136.95,137.04,136.67,136.67,1846.896
2025-11-26 11:50:00,136.67,136.87,136.67,136.82,833.79
2025-11-26 11:55:00,136.82,136.9,136.73,136.86,1066.014
2025-11-26 12:00:00,136.86,137.12,136.01,136.11,5707.039
2025-11-26 12:05:00,136.11,136.3,135.97,136.18,3925.101
2025-11-26 12:10:00,136.18,136.33,135.86,135.87,3582.628
2025-11-26 12:15:00,135.87,136.06,135.7,135.74,3075.253
2025-11-26 12:20:00,135.74,136.18,135.57,136.12,3372.461
2025-11-26 12:25:00,136.12,136.2,135.9,136.06,1972.029
2025-11-26 12:30:00,136.06,136.06,135.86,135.86,1858.671
2025-11-26 12:35:00,135.86,136.07,135.8,135.85,2637.378
2025-11-26 12:40:00,135.85,136.11,135.8,135.88,2636.256
2025-11-26 12:45:00,135.88,136.0,135.64,135.74,7876.138
2025-11-26 12:50:00,135.74,135.84,135.7,135.84,1677.478
2025-11-26 12:55:00,135.84,135.9,135.65,135.65,2216.795
2025-11-26 13:00:00,135.65,135.85,135.51,135.83,2139.931
2025-11-26 13:05:00,135.83,136.05,135.79,136.04,2508.342
2025-11-26 13:10:00,136.04,136.07,135.79,135.8,2757.515
2025-11-26 13:15:00,135.8,136.27,135.78,136.19,2961.48
2025-11-26 13:20:00,136.19,136.4,135.94,136.16,3796.543
2025-11-26 13:25:00,136.16,136.24,136.1,136.14,3270.89
2025-11-26 13:30:00,136.14,136.32,135.72,135.78,2919.402
2025-11-26 13:35:00,135.78,136.64,135.77,136.61,3195.566
2025-11-26 13:40:00,136.61,136.9,136.56,136.66,3203.72
2025-11-26 13:45:00,136.66,136.76,136.57,136.71,2257.596
2025-11-26 13:50:00,136.71,136.86,136.44,136.47,3233.738
2025-11-26 13:55:00,136.47,136.76,136.39,136.74,2707.892
2025-11-26 14:00:00,136.74,136.74,136.29,136.42,2612.294
2025-11-26 14:05:00,136.42,136.52,136.28,136.28,3381.771
2025-11-26 14:10:00,136.28,137.03,136.15,136.9,5752.207
2025-11-26 14:15:00,136.9,137.02,136.63,136.69,4784.015
2025-11-26 14:20:00,136.69,137.2,136.59,137.2,6438.277
2025-11-26 14:25:00,137.2,137.2,137.01,137.04,2667.746
2025-11-26 14:30:00,137.04,137.2,136.02,136.21,7208.218
2025-11-26 14:35:00,136.21,136.9,136.21,136.85,6352.764
2025-11-26 14:40:00,136.85,137.35,136.65,136.74,5028.117
2025-11-26 14:45:00,136.74,138.1,136.58,138.01,9548.914
2025-11-26 14:50:00,138.01,138.3,136.2,136.2,18563.755
2025-11-26 14:55:00,136.2,137.11,135.7,136.34,17785.219
2025-11-26 15:00:00,136.34,136.81,135.96,135.97,13960.404
2025-11-26 15:05:00,135.97,136.97,135.84,136.5,12771.243
2025-11-26 15:10:00,136.5,136.91,136.38,136.56,8264.818
2025-11-26 15:15:00,136.56,136.88,136.21,136.49,3631.716
2025-11-26 15:20:00,136.49,136.49,136.12,136.23,4016.883
2025-11-26 15:25:00,136.23,137.38,136.21,137.23,4752.149
2025-11-26 15:30:00,137.23,137.45,136.87,136.9,3928.561
2025-11-26 15:35:00,136.9,137.16,136.87,137.01,2350.752
2025-11-26 15:40:00,137.01,137.14,136.36,136.36,4994.982
2025-11-26 15:45:00,136.36,136.47,135.8,136.31,10347.178
2025-11-26 15:50:00,136.31,136.95,136.07,136.65,11551.231
2025-11-26 15:55:00,136.65,136.72,136.34,136.68,6800.139
2025-11-26 16:00:00,136.68,137.0,136.61,136.98,4165.655
2025-11-26 16:05:00,136.98,137.35,136.97,137.05,4743.177
2025-11-26 16:10:00,137.05,137.51,137.03,137.46,3451.513
2025-11-26 16:15:00,137.46,137.96,137.46,137.56,4770.138
2025-11-26 16:20:00,137.56,137.88,137.55,137.88,1842.476
2025-11-26 16:25:00,137.88,137.98,137.66,137.78,1745.411
2025-11-26 16:30:00,137.78,137.79,137.09,137.59,3414.05
2025-11-26 16:35:00,137.59,138.1,137.59,137.72,3734.513
2025-11-26 16:40:00,137.72,137.72,136.79,136.88,7368.662
2025-11-26 16:45:00,136.88,137.06,136.79,136.79,4063.684
2025-11-26 16:50:00,136.79,136.87,136.46,136.67,2280.842
2025-11-26 16:55:00,136.67,137.18,136.63,137.07,3541.702
2025-11-26 17:00:00,137.07,137.41,136.91,137.06,2173.89
2025-11-26 17:05:00,137.06,137.45,137.06,137.24,2029.003
2025-11-26 17:10:00,137.24,137.52,137.0,137.0,2481.541
2025-11-26 17:15:00,137.0,137.2,136.75,136.94,2383.307
2025-11-26 17:20:00,136.94,137.63,136.89,137.62,1561.326
2025-11-26 17:25:00,137.62,138.8,137.62,138.7,10351.43
2025-11-26 17:30:00,138.7,139.4,138.42,139.27,10147.077
2025-11-26 17:35:00,139.27,139.79,139.27,139.43,9148.285
2025-11-26 17:40:00,139.43,139.89,139.31,139.84,7680.295
2025-11-26 17:45:00,139.84,140.98,139.82,140.82,15305.49
2025-11-26 17:50:00,140.82,141.0,140.39,140.59,9774.622
2025-11-26 17:55:00,140.59,140.91,140.51,140.75,5818.309
2025-11-26 18:00:00,140.75,141.28,140.69,140.88,7452.828
2025-11-26 18:05:00,140.88,142.14,140.82,141.38,12900.529
2025-11-26 18:10:00,141.38,142.63,141.23,142.51,18986.024
2025-11-26 18:15:00,142.51,143.68,142.51,143.57,22335.261
2025-11-26 18:20:00,143.57,144.21,143.26,143.87,24568.472
2025-11-26 18:25:00,143.87,144.3,143.75,144.18,15849.745
2025-11-26 18:30:00,144.18,144.35,143.19,143.19,18652.798
2025-11-26 18:35:00,143.19,143.52,142.85,143.0,11396.434
2025-11-26 18:40:00,143.0,143.75,142.94,143.15,9869.476
2025-11-26 18:45:00,143.15,144.26,143.12,144.24,9438.782
2025-11-26 18:50:00,144.24,144.3,143.86,144.22,12600.364
2025-11-26 18:55:00,144.22,144.7,144.13,144.62,10032.201
2025-11-26 19:00:00,144.62,144.72,144.15,144.23,13547.252
2025-11-26 19:05:00,144.23,144.47,144.01,144.23,8856.157
2025-11-26 19:10:00,144.23,144.36,143.71,143.78,9450.463
2025-11-26 19:15:00,143.78,144.36,143.66,144.29,6700.645
2025-11-26 19:20:00,144.29,144.41,143.92,143.97,5087.219
2025-11-26 19:25:00,143.97,144.21,143.94,144.13,2458.991
2025-11-26 19:30:00,144.13,144.39,144.01,144.26,4056.839
2025-11-26 19:35:00,144.26,144.41,144.05,144.41,4497.645
2025-11-26 19:40:00,144.41,144.66,144.27,144.38,3631.553
2025-11-26 19:45:00,144.38,144.49,143.91,143.94,4362.163
2025-11-26 19:50:00,143.94,144.45,143.94,144.1,4699.274
2025-11-26 19:55:00,144.1,144.25,143.91,143.99,3660.727
2025-11-26 20:00:00,143.99,144.01,143.43,143.44,5454.085
2025-11-26 20:05:00,143.44,143.44,142.79,142.97,5443.002
2025-11-26 20:10:00,142.97,143.65,142.97,143.55,4162.13
2025-11-26 20:15:00,143.55,143.62,143.1,143.11,3046.508
2025-11-26 20:20:00,143.11,143.3,142.98,143.3,2725.02
2025-11-26 20:25:00,143.3,143.45,143.23,143.36,2064.687
2025-11-26 20:30:00,143.36,143.5,142.95,143.07,2853.285
2025-11-26 20:35:00,143.07,143.09,142.84,142.87,3243.949
2025-11-26 20:40:00,142.87,143.06,142.63,142.75,6588.723
2025-11-26 20:45:00,142.75,142.83,142.51,142.67,3605.094
2025-11-26 20:50:00,142.67,143.12,142.63,142.95,5215.014
2025-11-26 20:55:00,142.95,143.15,142.9,142.9,3827.638
2025-11-26 21:00:00,142.9,143.38,142.84,143.34,6101.573
2025-11-26 21:05:00,143.34,143.35,142.95,143.11,2696.591
2025-11-26 21:10:00,143.11,143.17,143.05,143.1,1345.45
2025-11-26 21:15:00,143.1,143.29,142.88,142.9,2690.915
2025-11-26 21:20:00,142.9,143.5,142.9,143.49,1253.009
2025-11-26 21:25:00,143.49,143.9,143.49,143.84,4832.868
2025-11-26 21:30:00,143.84,144.14,143.77,143.81,4865.654
2025-11-26 21:35:00,143.81,144.19,143.81,143.91,3575.156
2025-11-26 21:40:00,143.91,144.0,143.78,143.89,968.914
2025-11-26 21:45:00,143.89,144.2,143.89,144.09,2140.044
2025-11-26 21:50:00,144.09,144.22,144.0,144.02,1875.592
2025-11-26 21:55:00,144.02,144.03,143.5,143.52,2894.547
2025-11-26 22:00:00,143.52,143.57,143.37,143.52,4103.651
2025-11-26 22:05:00,143.52,143.61,143.32,143.52,3697.273
2025-11-26 22:10:00,143.52,144.08,143.52,143.69,7007.856
2025-11-26 22:15:00,143.69,143.82,143.5,143.81,3592.349
2025-11-26 22:20:00,143.81,143.89,143.09,143.17,2681.237
2025-11-26 22:25:00,143.17,143.45,143.02,143.35,3066.775
2025-11-26 22:30:00,143.35,143.54,143.23,143.28,1565.834
2025-11-26 22:35:00,143.28,143.4,143.26,143.38,2548.036
2025-11-26 22:40:00,143.38,143.38,143.02,143.04,1613.605
2025-11-26 22:45:00,143.04,143.24,142.84,143.05,6310.595
2025-11-26 22:50:00,143.05,143.14,142.8,142.82,7281.63
2025-11-26 22:55:00,142.82,143.21,142.8,143.06,1739.835
2025-11-26 23:00:00,143.06,143.28,142.85,143.22,1896.85
2025-11-26 23:05:00,143.22,143.4,143.19,143.28,6315.434
2025-11-26 23:10:00,143.28,143.44,143.24,143.29,1872.224
2025-11-26 23:15:00,143.29,143.3,143.01,143.05,1723.679
2025-11-26 23:20:00,143.05,143.28,143.05,143.21,1896.847
2025-11-26 23:25:00,143.21,143.21,142.63,142.66,1991.292
2025-11-26 23:30:00,142.66,142.74,142.51,142.64,3095.833
2025-11-26 23:35:00,142.64,142.75,142.53,142.68,2185.022
2025-11-26 23:40:00,142.68,142.92,142.65,142.78,791.134
2025-11-26 23:45:00,142.78,143.04,142.73,142.95,1395.568
2025-11-26 23:50:00,142.95,143.04,142.79,143.01,1739.21
2025-11-26 23:55:00,143.01,143.13,142.95,143.01,2063.525
2025-11-27 00:00:00,143.01,143.25,142.66,142.69,3719.998
2025-11-27 00:05:00,142.69,142.71,142.4,142.41,2379.66
2025-11-27 00:10:00,142.41,142.58,142.23,142.28,4894.452
2025-11-27 00:15:00,142.28,142.87,142.26,142.86,3248.631
2025-11-27 00:20:00,142.86,142.87,142.7,142.8,1570.055
2025-11-27 00:25:00,142.8,142.84,142.57,142.63,1692.184
2025-11-27 00:30:00,142.63,142.92,142.59,142.91,1434.095
2025-11-27 00:35:00,142.91,143.0,142.78,142.84,768.937
2025-11-27 00:40:00,142.84,143.18,142.84,143.08,1923.997
2025-11-27 00:45:00,143.08,143.75,143.07,143.43,5274.365
2025-11-27 00:50:00,143.43,143.45,142.9,143.0,1415.262
2025-11-27 00:55:00,143.0,143.22,142.75,142.83,2687.905
2025-11-27 01:00:00,142.83,143.49,142.73,143.44,4199.465
2025-11-27 01:05:00,143.44,143.69,143.21,143.5,3130.8
2025-11-27 01:10:00,143.5,143.5,142.7,142.87,4127.162
2025-11-27 01:15:00,142.87,142.97,142.45,142.51,1529.358
2025-11-27 01:20:00,142.51,142.51,142.13,142.31,2860.388
2025-11-27 01:25:00,142.31,142.54,142.24,142.35,1058.443
2025-11-27 01:30:00,142.35,142.35,142.08,142.31,905.757
2025-11-27 01:35:00,142.31,142.5,142.21,142.43,2312.236
2025-11-27 01:40:00,142.43,142.66,142.43,142.65,1335.974
2025-11-27 01:45:00,142.65,142.72,142.41,142.54,1516.808
2025-11-27 01:50:00,142.54,142.8,142.53,142.79,1014.12
2025-11-27 01:55:00,142.79,143.5,142.79,143.31,5991.854
2025-11-27 02:00:00,143.31,143.34,142.8,142.99,4133.161
2025-11-27 02:05:00,142.99,143.36,142.92,143.3,1997.778
2025-11-27 02:10:00,143.3,143.41,143.1,143.17,1513.144
2025-11-27 02:15:00,143.17,143.42,143.06,143.27,1824.484
2025-11-27 02:20:00,143.27,143.66,143.24,143.33,3441.032
2025-11-27 02:25:00,143.33,143.75,143.28,143.72,3313.131
2025-11-27 02:30:00,143.72,143.79,143.47,143.5,3175.871
2025-11-27 02:35:00,143.5,143.86,143.41,143.83,2077.175
2025-11-27 02:40:00,143.83,144.15,143.78,143.96,4604.414
2025-11-27 02:45:00,143.96,144.0,143.39,143.53,5175.551
2025-11-27 02:50:00,143.53,143.6,143.12,143.17,3303.379
2025-11-27 02:55:00,143.17,143.28,143.0,143.01,3383.63
2025-11-27 03:00:00,143.01,143.17,142.84,143.11,1727.795
2025-11-27 03:05:00,143.11,143.65,142.98,143.5,6104.941
2025-11-27 03:10:00,143.5,143.55,143.23,143.38,3783.613
2025-11-27 03:15:00,143.38,143.72,143.28,143.61,1487.58
2025-11-27 03:20:00,143.61,143.71,143.4,143.57,3701.217
2025-11-27 03:25:00,143.57,143.61,143.1,143.11,3585.385
2025-11-27 03:30:00,143.11,143.11,142.63,142.78,4200.784
2025-11-27 03:35:00,142.78,142.98,142.74,142.79,2027.498
2025-11-27 03:40:00,142.79,142.95,142.61,142.73,3293.532
2025-11-27 03:45:00,142.73,142.84,142.36,142.54,4064.507
2025-11-27 03:50:00,142.54,142.65,142.48,142.62,1746.146
2025-11-27 03:55:00,142.62,142.78,142.53,142.54,1555.553
2025-11-27 04:00:00,142.54,142.72,142.34,142.45,2180.824
2025-11-27 04:05:00,142.45,142.69,142.4,142.69,4151.66
2025-11-27 04:10:00,142.69,143.03,142.68,142.88,2541.153
2025-11-27 04:15:00,142.88,143.04,142.63,142.65,1696.588
2025-11-27 04:20:00,142.65,142.88,142.59,142.71,1238.125
2025-11-27 04:25:00,142.71,142.88,142.49,142.51,1519.226
2025-11-27 04:30:00,142.51,142.54,142.41,142.54,1440.138
2025-11-27 04:35:00,142.54,142.98,142.53,142.95,907.276
2025-11-27 04:40:00,142.95,142.95,142.76,142.79,794.453
2025-11-27 04:45:00,142.79,142.96,142.77,142.84,1879.24
2025-11-27 04:50:00,142.84,142.96,142.78,142.86,2028.632
2025-11-27 04:55:00,142.86,142.96,142.84,142.87,915.729
2025-11-27 05:00:00,142.87,143.06,142.73,142.96,932.842
2025-11-27 05:05:00,142.96,143.21,142.73,142.79,2187.63
2025-11-27 05:10:00,142.79,143.09,142.72,143.08,1945.088
2025-11-27 05:15:00,143.08,143.09,142.88,142.98,1412.447
2025-11-27 05:20:00,142.98,143.45,142.98,143.34,1748.966
2025-11-27 05:25:00,143.34,143.5,143.13,143.14,2079.843
2025-11-27 05:30:00,143.14,143.22,142.94,143.17,2584.252
2025-11-27 05:35:00,143.17,143.19,142.61,142.74,3798.692
2025-11-27 05:40:00,142.74,142.84,142.59,142.72,2985.638
2025-11-27 05:45:00,142.72,142.73,142.56,142.67,1822.753
2025-11-27 05:50:00,142.67,142.82,142.67,142.75,2003.576
2025-11-27 05:55:00,142.75,142.84,142.61,142.78,2310.015
2025-11-27 06:00:00,142.78,143.04,142.78,142.95,1407.012
2025-11-27 06:05:00,142.95,143.21,142.95,143.19,1868.246
2025-11-27 06:10:00,143.19,143.61,143.19,143.53,5888.137
2025-11-27 06:15:00,143.53,143.63,143.3,143.33,2986.947
2025-11-27 06:20:00,143.33,143.59,143.32,143.57,1879.525
2025-11-27 06:25:00,143.57,143.77,143.55,143.76,2595.926
2025-11-27 06:30:00,143.76,143.77,143.53,143.61,2231.719
2025-11-27 06:35:00,143.61,143.78,143.5,143.63,2245.328
2025-11-27 06:40:00,143.63,143.75,143.51,143.75,2132.839
2025-11-27 06:45:00,143.75,143.79,143.6,143.64,1742.969
2025-11-27 06:50:00,143.64,143.74,143.54,143.74,1911.065
2025-11-27 06:55:00,143.74,144.1,143.73,143.96,4339.049
2025-11-27 07:00:00,143.96,143.99,143.74,143.75,2382.323
2025-11-27 07:05:00,143.75,143.87,143.74,143.86,2603.067
2025-11-27 07:10:00,143.86,143.92,143.73,143.74,2150.588
2025-11-27 07:15:00,143.74,144.03,143.61,144.0,2376.377
2025-11-27 07:20:00,144.0,144.16,143.99,144.04,2340.89
2025-11-27 07:25:00,144.04,144.26,143.98,144.01,4356.26
2025-11-27 07:30:00,144.01,144.02,143.61,143.8,3295.654
2025-11-27 07:35:00,143.8,143.94,143.66,143.88,5898.688
2025-11-27 07:40:00,143.88,143.88,143.69,143.71,2182.96
2025-11-27 07:45:00,143.71,143.97,143.66,143.94,3057.668
2025-11-27 07:50:00,143.94,144.03,143.72,143.75,1603.315
2025-11-27 07:55:00,143.75,143.82,143.7,143.77,1939.143
2025-11-27 08:00:00,143.77,143.87,143.41,143.47,4987.278
2025-11-27 08:05:00,143.47,143.58,143.39,143.41,1699.549
2025-11-27 08:10:00,143.41,143.46,143.01,143.05,2579.079
2025-11-27 08:15:00,143.05,143.15,142.7,142.75,2137.618
2025-11-27 08:20:00,142.75,142.79,142.38,142.62,4710.142
2025-11-27 08:25:00,142.62,142.67,142.3,142.47,3262.408
2025-11-27 08:30:00,142.47,142.47,142.22,142.33,2980.831
2025-11-27 08:35:00,142.33,142.6,142.32,142.32,2444.083
2025-11-27 08:40:00,142.32,142.36,142.13,142.27,2265.228
2025-11-27 08:45:00,142.27,142.51,142.27,142.35,1740.039
2025-11-27 08:50:00,142.35,142.43,142.28,142.41,2315.409
2025-11-27 08:55:00,142.41,142.6,142.37,142.58,2421.279
2025-11-27 09:00:00,142.58,142.61,142.41,142.5,2520.91
2025-11-27 09:05:00,142.5,142.54,142.41,142.41,1715.927
2025-11-27 09:10:00,142.41,142.44,142.26,142.36,1687.424
2025-11-27 09:15:00,142.36,142.94,142.35,142.91,2156.345
2025-11-27 09:20:00,142.91,142.91,142.42,142.45,1685.136
2025-11-27 09:25:00,142.45,142.56,142.15,142.2,1432.396
2025-11-27 09:30:00,142.2,143.02,142.2,142.86,2170.171
2025-11-27 09:35:00,142.86,143.05,142.68,142.78,1838.942
2025-11-27 09:40:00,142.78,142.82,142.72,142.73,1011.681
2025-11-27 09:45:00,142.73,142.74,142.42,142.43,3410.223
2025-11-27 09:50:00,142.43,142.46,141.72,141.86,8551.306
2025-11-27 09:55:00,141.86,141.9,141.66,141.75,1375.422
2025-11-27 10:00:00,141.75,141.84,141.63,141.69,1961.031
2025-11-27 10:05:00,141.69,141.95,141.59,141.86,1540.113
2025-11-27 10:10:00,141.86,141.87,141.53,141.61,1497.882
2025-11-27 10:15:00,141.61,141.98,141.59,141.94,1423.708
2025-11-27 10:20:00,141.94,142.24,141.87,142.16,3648.85
2025-11-27 10:25:00,142.16,142.16,141.95,141.96,1479.012
2025-11-27 10:30:00,141.96,142.0,141.61,141.72,4093.337
2025-11-27 10:35:00,141.72,141.79,141.55,141.77,1876.424
2025-11-27 10:40:00,141.77,142.14,141.76,142.06,2488.376
2025-11-27 10:45:00,142.06,142.1,141.84,141.93,1000.405
2025-11-27 10:50:00,141.93,142.2,141.87,142.2,1115.215
2025-11-27 10:55:00,142.2,142.35,142.18,142.33,1458.809
2025-11-27 11:00:00,142.33,142.35,142.16,142.24,1304.558
2025-11-27 11:05:00,142.24,142.27,141.96,141.99,1304.313
2025-11-27 11:10:00,141.99,142.17,141.96,142.12,1418.992
2025-11-27 11:15:00,142.12,142.2,142.01,142.02,925.055
2025-11-27 11:20:00,142.02,142.02,141.79,141.87,1542.974
2025-11-27 11:25:00,141.87,141.95,141.82,141.89,580.979
2025-11-27 11:30:00,141.89,142.03,141.7,141.9,2351.602
2025-11-27 11:35:00,141.9,142.04,141.79,142.03,1419.926
2025-11-27 11:40:00,142.03,142.21,141.96,142.15,6470.084
2025-11-27 11:45:00,142.15,142.28,142.07,142.1,1570.453
2025-11-27 11:50:00,142.1,142.19,142.04,142.12,1175.234
2025-11-27 11:55:00,142.12,142.15,142.05,142.07,828.91
2025-11-27 12:00:00,142.07,142.13,141.81,141.98,1392.11
2025-11-27 12:05:00,141.98,142.09,141.81,141.92,1142.271
2025-11-27 12:10:00,141.92,142.19,141.91,142.05,1158.101
2025-11-27 12:15:00,142.05,142.12,141.7,141.8,2000.58
2025-11-27 12:20:00,141.8,141.84,141.44,141.72,3099.509
2025-11-27 12:25:00,141.72,141.83,141.58,141.61,3188.201
2025-11-27 12:30:00,141.61,141.85,141.55,141.7,1510.475
2025-11-27 12:35:00,141.7,141.7,141.27,141.39,2377.363
2025-11-27 12:40:00,141.39,141.39,141.25,141.27,2590.686
2025-11-27 12:45:00,141.27,141.38,141.17,141.38,2551.705
2025-11-27 12:50:00,141.38,141.38,141.13,141.13,3465.194
2025-11-27 12:55:00,141.13,141.18,141.01,141.12,2847.061
2025-11-27 13:00:00,141.12,141.4,141.09,141.29,2586.842
2025-11-27 13:05:00,141.29,141.54,141.1,141.37,2129.455
2025-11-27 13:10:00,141.37,141.37,141.0,141.22,2272.023
2025-11-27 13:15:00,141.22,141.38,140.9,141.14,6441.301
2025-11-27 13:20:00,141.14,141.31,140.93,141.11,4120.496
2025-11-27 13:25:00,141.11,141.4,141.09,141.27,3361.394
2025-11-27 13:30:00,141.27,141.38,140.79,140.79,2649.023
2025-11-27 13:35:00,140.79,141.37,140.71,141.14,3552.785
2025-11-27 13:40:00,141.14,141.24,140.95,140.96,2208.519
2025-11-27 13:45:00,140.96,141.19,140.87,141.08,1691.161
2025-11-27 13:50:00,141.08,141.44,141.06,141.33,2463.543
2025-11-27 13:55:00,141.33,141.42,141.19,141.24,1954.26
2025-11-27 14:00:00,141.24,141.37,141.1,141.24,2209.702
2025-11-27 14:05:00,141.24,141.36,141.06,141.16,1996.409
2025-11-27 14:10:00,141.16,141.19,140.97,141.1,2258.786
2025-11-27 14:15:00,141.1,141.14,140.91,140.92,1901.345
2025-11-27 14:20:00,140.92,141.16,140.86,141.08,2684.416
2025-11-27 14:25:00,141.08,141.71,141.06,141.64,3248.032
2025-11-27 14:30:00,141.64,141.79,141.44,141.47,2568.362
2025-11-27 14:35:00,141.47,141.47,141.06,141.2,3214.437
2025-11-27 14:40:00,141.2,141.52,141.0,141.27,4411.484
2025-11-27 14:45:00,141.27,141.35,141.07,141.35,3081.038
2025-11-27 14:50:00,141.35,141.5,141.2,141.33,1911.477
2025-11-27 14:55:00,141.33,141.4,141.24,141.26,1876.078
2025-11-27 15:00:00,141.26,141.71,141.11,141.71,1934.645
2025-11-27 15:05:00,141.71,141.71,141.08,141.19,5010.506
2025-11-27 15:10:00,141.19,141.31,141.13,141.18,1597.607
2025-11-27 15:15:00,141.18,141.64,141.18,141.49,1507.606
2025-11-27 15:20:00,141.49,141.68,141.44,141.5,2016.876
2025-11-27 15:25:00,141.5,141.68,141.44,141.51,2029.256
2025-11-27 15:30:00,141.51,141.59,141.4,141.55,2562.179
2025-11-27 15:35:00,141.55,142.15,141.55,141.95,4865.738
2025-11-27 15:40:00,141.95,142.03,141.77,141.95,2390.155
2025-11-27 15:45:00,141.95,142.27,141.84,142.2,3387.334
2025-11-27 15:50:00,142.2,142.5,142.18,142.4,8906.127
2025-11-27 15:55:00,142.4,142.4,141.99,142.15,2145.05
2025-11-27 16:00:00,142.15,142.18,141.9,141.91,3224.868
2025-11-27 16:05:00,141.91,141.91,141.62,141.62,2567.386
2025-11-27 16:10:00,141.62,142.43,141.6,142.24,3800.35
2025-11-27 16:15:00,142.24,142.44,141.95,142.08,3226.621
2025-11-27 16:20:00,142.08,142.19,141.82,141.85,3335.26
2025-11-27 16:25:00,141.85,141.85,141.61,141.73,1828.97
2025-11-27 16:30:00,141.73,142.05,141.65,141.91,3110.612
2025-11-27 16:35:00,141.91,142.27,141.91,142.17,2007.826
2025-11-27 16:40:00,142.17,142.23,141.87,141.87,3159.781
2025-11-27 16:45:00,141.87,141.9,141.61,141.64,1878.755
2025-11-27 16:50:00,141.64,141.88,141.61,141.81,2425.349
2025-11-27 16:55:00,141.81,142.28,141.71,142.2,18470.892
2025-11-27 17:00:00,142.2,142.25,141.98,141.98,5903.158
2025-11-27 17:05:00,141.98,142.13,141.89,142.1,8789.239
2025-11-27 17:10:00,142.1,142.21,141.94,141.96,8372.504
2025-11-27 17:15:00,141.96,142.15,141.85,141.86,4046.15
2025-11-27 17:20:00,141.86,142.27,141.86,142.15,8252.925
2025-11-27 17:25:00,142.15,142.27,141.9,141.94,3280.468
2025-11-27 17:30:00,141.94,142.08,141.7,142.06,2737.276
2025-11-27 17:35:00,142.06,142.11,141.63,141.65,2038.279
2025-11-27 17:40:00,141.65,141.65,141.46,141.51,4537.951
2025-11-27 17:45:00,141.51,141.73,141.44,141.52,4209.509
2025-11-27 17:50:00,141.52,141.69,141.43,141.69,2665.29
2025-11-27 17:55:00,141.69,141.73,141.6,141.64,1152.51
2025-11-27 18:00:00,141.64,141.69,141.52,141.6,1440.973
2025-11-27 18:05:00,141.6,142.02,141.57,141.94,3804.475
2025-11-27 18:10:00,141.94,141.98,141.8,141.91,1320.605
2025-11-27 18:15:00,141.91,142.32,141.83,142.12,7855.936
2025-11-27 18:20:00,142.12,142.24,141.85,142.05,1565.13
2025-11-27 18:25:00,142.05,142.24,142.04,142.14,2400.259
2025-11-27 18:30:00,142.14,142.27,142.05,142.27,1321.563
2025-11-27 18:35:00,142.27,142.85,142.27,142.76,6323.337
2025-11-27 18:40:00,142.76,142.94,142.65,142.8,4193.52
2025-11-27 18:45:00,142.8,143.12,142.74,142.98,3612.605
2025-11-27 18:50:00,142.98,143.06,142.86,142.96,1971.782
2025-11-27 18:55:00,142.96,143.07,142.9,142.94,1815.084
2025-11-27 19:00:00,142.94,142.94,142.7,142.73,2281.584
2025-11-27 19:05:00,142.73,142.77,142.45,142.59,2425.98
2025-11-27 19:10:00,142.59,142.62,142.45,142.51,688.774
2025-11-27 19:15:00,142.51,142.55,142.24,142.34,1544.29
2025-11-27 19:20:00,142.34,142.52,142.29,142.45,777.099
2025-11-27 19:25:00,142.45,142.54,142.38,142.49,833.39
2025-11-27 19:30:00,142.49,142.6,142.33,142.43,2460.754
2025-11-27 19:35:00,142.43,142.59,142.33,142.57,1899.168
2025-11-27 19:40:00,142.57,142.85,142.54,142.85,3282.133
2025-11-27 19:45:00,142.85,142.93,142.56,142.69,2739.599
2025-11-27 19:50:00,142.69,142.78,142.55,142.72,1228.984
2025-11-27 19:55:00,142.72,142.78,142.63,142.72,1959.357
2025-11-27 20:00:00,142.72,142.86,142.61,142.63,2121.701
2025-11-27 20:05:00,142.63,142.86,142.62,142.84,2994.807
2025-11-27 20:10:00,142.84,142.9,142.75,142.86,2168.183
2025-11-27 20:15:00,142.86,142.86,142.54,142.82,1968.754
2025-11-27 20:20:00,142.82,142.83,142.59,142.78,2010.183
2025-11-27 20:25:00,142.78,142.78,142.63,142.73,2178.484
2025-11-27 20:30:00,142.73,142.88,142.6,142.87,1859.022
2025-11-27 20:35:00,142.87,142.89,142.41,142.52,1676.655
2025-11-27 20:40:00,142.52,142.7,142.52,142.63,1823.856
2025-11-27 20:45:00,142.63,142.79,142.51,142.6,1382.744
2025-11-27 20:50:00,142.6,142.8,142.59,142.77,1133.588
2025-11-27 20:55:00,142.77,142.77,142.46,142.47,2203.942
2025-11-27 21:00:00,142.47,142.47,142.03,142.12,3026.289
2025-11-27 21:05:00,142.12,142.17,141.78,142.09,2434.342
2025-11-27 21:10:00,142.09,142.1,141.97,142.06,2835.604
2025-11-27 21:15:00,142.06,142.45,141.97,142.44,2555.738
2025-11-27 21:20:00,142.44,142.54,142.37,142.41,5001.214
2025-11-27 21:25:00,142.41,142.48,142.37,142.38,966.062
2025-11-27 21:30:00,142.38,142.41,142.08,142.2,1570.667
2025-11-27 21:35:00,142.2,142.42,142.2,142.41,1027.082
2025-11-27 21:40:00,142.41,142.45,142.13,142.14,1005.018
2025-11-27 21:45:00,142.14,142.33,141.99,141.99,1930.402
2025-11-27 21:50:00,141.99,142.0,141.8,141.97,1498.234
2025-11-27 21:55:00,141.97,142.05,141.89,141.92,1407.233
2025-11-27 22:00:00,141.92,142.04,141.85,141.95,3599.336
2025-11-27 22:05:00,141.95,142.0,141.47,141.6,4877.258
2025-11-27 22:10:00,141.6,141.83,141.6,141.82,1061.868
2025-11-27 22:15:00,141.82,141.94,141.75,141.89,1243.098
2025-11-27 22:20:00,141.89,141.93,141.66,141.77,704.924
2025-11-27 22:25:00,141.77,141.96,141.76,141.92,1592.592
2025-11-27 22:30:00,141.92,142.03,141.62,141.66,2501.827
2025-11-27 22:35:00,141.66,141.66,141.44,141.48,2470.862
2025-11-27 22:40:00,141.48,141.48,140.93,141.0,5587.337
2025-11-27 22:45:00,141.0,141.09,140.52,140.9,4584.743
2025-11-27 22:50:00,140.9,140.9,140.53,140.6,2363.969
2025-11-27 22:55:00,140.6,140.91,140.59,140.82,1335.969
2025-11-27 23:00:00,140.82,141.2,140.69,141.13,2274.297
2025-11-27 23:05:00,141.13,141.24,140.8,141.0,1672.32
2025-11-27 23:10:00,141.0,141.22,140.88,141.22,1290.829
2025-11-27 23:15:00,141.22,141.44,141.21,141.24,1208.374
2025-11-27 23:20:00,141.24,141.32,140.97,141.02,1586.044
2025-11-27 23:25:00,141.02,141.08,140.84,140.92,1826.76
2025-11-27 23:30:00,140.92,140.92,140.46,140.56,2415.424
2025-11-27 23:35:00,140.56,140.78,140.55,140.78,798.278
2025-11-27 23:40:00,140.78,141.04,140.77,141.02,1279.12
2025-11-27 23:45:00,141.02,141.02,140.78,140.79,1565.377
2025-11-27 23:50:00,140.79,140.98,140.73,140.8,895.563
2025-11-27 23:55:00,140.8,140.93,140.72,140.84,1134.444
2025-11-28 00:00:00,140.84,140.89,140.73,140.81,1645.728
2025-11-28 00:05:00,140.81,141.03,140.71,140.76,673.351
2025-11-28 00:10:00,140.76,140.77,140.51,140.58,1674.964
2025-11-28 00:15:00,140.58,140.74,140.5,140.66,2358.864
2025-11-28 00:20:00,140.66,141.06,140.66,140.96,1018.454
2025-11-28 00:25:00,140.96,141.1,140.89,141.03,1094.781
2025-11-28 00:30:00,141.03,141.29,141.02,141.26,1628.46
2025-11-28 00:35:00,141.26,141.44,140.82,140.87,2061.877
2025-11-28 00:40:00,140.87,140.87,140.58,140.77,1253.372
2025-11-28 00:45:00,140.77,140.88,140.67,140.69,1016.497
2025-11-28 00:50:00,140.69,140.86,140.68,140.75,923.874
2025-11-28 00:55:00,140.75,141.02,140.74,140.99,1985.002
2025-11-28 01:00:00,140.99,141.03,140.74,140.75,3185.188
2025-11-28 01:05:00,140.75,140.99,140.64,140.67,1264.053
2025-11-28 01:10:00,140.67,140.7,139.83,140.03,10160.034
2025-11-28 01:15:00,140.03,140.08,139.49,139.61,3970.46
2025-11-28 01:20:00,139.61,139.77,139.3,139.57,3740.788
2025-11-28 01:25:00,139.57,139.64,139.43,139.6,3019.229
2025-11-28 01:30:00,139.6,139.68,139.24,139.67,2251.589
2025-11-28 01:35:00,139.67,139.86,139.67,139.82,2823.675
2025-11-28 01:40:00,139.82,139.87,139.55,139.73,2378.872
2025-11-28 01:45:00,139.73,139.83,139.45,139.48,2328.562
2025-11-28 01:50:00,139.48,139.5,138.86,138.88,6562.38
2025-11-28 01:55:00,138.88,139.1,138.84,139.05,2463.927
2025-11-28 02:00:00,139.05,139.38,139.05,139.13,2498.29
2025-11-28 02:05:00,139.13,139.4,138.91,139.19,3079.566
2025-11-28 02:10:00,139.19,139.32,138.96,139.28,2191.836
2025-11-28 02:15:00,139.28,139.44,138.63,138.73,3595.315
2025-11-28 02:20:00,138.73,139.09,138.73,139.07,1833.278
2025-11-28 02:25:00,139.07,139.09,138.68,138.68,1398.534
2025-11-28 02:30:00,138.68,138.88,138.6,138.85,2966.53
2025-11-28 02:35:00,138.85,139.04,138.84,139.02,2053.532
2025-11-28 02:40:00,139.02,139.07,138.82,138.99,1633.346
2025-11-28 02:45:00,138.99,139.25,138.98,139.23,2145.185
2025-11-28 02:50:00,139.23,139.34,139.1,139.31,2294.848
2025-11-28 02:55:00,139.31,139.61,139.31,139.48,2887.105
2025-11-28 03:00:00,139.48,139.62,139.32,139.56,8889.785
2025-11-28 03:05:00,139.56,139.74,139.44,139.46,1565.664
2025-11-28 03:10:00,139.46,139.72,139.37,139.37,2202.213
2025-11-28 03:15:00,139.37,139.49,139.17,139.41,2065.423
2025-11-28 03:20:00,139.41,139.61,139.41,139.42,2499.15
2025-11-28 03:25:00,139.42,139.57,139.34,139.52,1187.65
2025-11-28 03:30:00,139.52,139.71,139.39,139.62,5547.862
2025-11-28 03:35:00,139.62,139.73,139.4,139.43,9503.367
2025-11-28 03:40:00,139.43,139.47,139.3,139.4,2880.913
2025-11-28 03:45:00,139.4,139.53,139.35,139.52,1460.421
2025-11-28 03:50:00,139.52,139.72,139.5,139.66,959.354
2025-11-28 03:55:00,139.66,139.77,139.64,139.69,2206.472
2025-11-28 04:00:00,139.69,139.71,139.57,139.69,1482.042
2025-11-28 04:05:00,139.69,139.81,139.64,139.77,2221.009
2025-11-28 04:10:00,139.77,140.07,139.71,140.03,3098.717
2025-11-28 04:15:00,140.03,140.24,139.94,140.04,2609.491
2025-11-28 04:20:00,140.04,140.07,139.87,139.87,1352.348
2025-11-28 04:25:00,139.87,139.94,139.8,139.82,967.128
2025-11-28 04:30:00,139.82,140.19,139.73,140.11,1349.224
2025-11-28 04:35:00,140.11,140.26,139.88,139.96,1702.565
2025-11-28 04:40:00,139.96,140.0,139.84,139.9,1219.84
2025-11-28 04:45:00,139.9,140.01,139.81,139.92,1410.641
2025-11-28 04:50:00,139.92,140.1,139.9,140.05,1032.309
2025-11-28 04:55:00,140.05,140.13,140.04,140.07,1592.224
2025-11-28 05:00:00,140.07,140.08,139.86,139.92,1270.93
2025-11-28 05:05:00,139.92,140.44,139.92,140.33,1580.344
2025-11-28 05:10:00,140.33,140.38,140.11,140.22,1150.344
2025-11-28 05:15:00,140.22,140.28,140.1,140.11,1225.523
2025-11-28 05:20:00,140.11,140.5,140.01,140.34,7780.611
2025-11-28 05:25:00,140.34,140.43,140.27,140.36,1606.509
2025-11-28 05:30:00,140.36,140.48,140.24,140.33,3894.381
2025-11-28 05:35:00,140.33,140.48,140.27,140.38,1230.712
2025-11-28 05:40:00,140.38,140.5,140.32,140.5,1816.665
2025-11-28 05:45:00,140.5,140.57,140.38,140.44,2029.783
2025-11-28 05:50:00,140.44,140.54,140.41,140.42,1788.347
2025-11-28 05:55:00,140.42,140.45,140.32,140.38,1006.642
2025-11-28 06:00:00,140.38,140.38,139.97,140.01,2000.095
2025-11-28 06:05:00,140.01,140.13,139.91,140.12,1855.314
2025-11-28 06:10:00,140.12,140.2,140.0,140.02,1379.856
2025-11-28 06:15:00,140.02,140.02,139.77,139.78,1819.963
2025-11-28 06:20:00,139.78,139.84,139.61,139.64,2334.37
2025-11-28 06:25:00,139.64,139.7,139.53,139.58,2043.662
2025-11-28 06:30:00,139.58,139.61,139.45,139.51,2886.704
2025-11-28 06:35:00,139.51,139.54,139.22,139.41,3375.788
2025-11-28 06:40:00,139.41,139.71,139.41,139.61,1653.617
2025-11-28 06:45:00,139.61,139.64,139.46,139.55,1242.813
2025-11-28 06:50:00,139.55,139.72,139.55,139.62,954.028
2025-11-28 06:55:00,139.62,139.7,139.47,139.47,2363.394
2025-11-28 07:00:00,139.47,139.64,139.4,139.62,1461.709
2025-11-28 07:05:00,139.62,139.72,139.57,139.71,684.262
2025-11-28 07:10:00,139.71,139.81,139.68,139.74,1002.955
2025-11-28 07:15:00,139.74,139.8,139.62,139.67,1112.832
2025-11-28 07:20:00,139.67,139.95,139.67,139.89,1903.719
2025-11-28 07:25:00,139.89,140.04,139.87,139.99,2397.58
2025-11-28 07:30:00,139.99,139.99,139.61,139.62,2379.946
2025-11-28 07:35:00,139.62,139.67,139.37,139.38,3769.06
2025-11-28 07:40:00,139.38,139.44,139.15,139.28,2628.589
2025-11-28 07:45:00,139.28,139.35,139.13,139.18,2106.999
2025-11-28 07:50:00,139.18,139.31,139.13,139.22,1150.798
2025-11-28 07:55:00,139.22,139.28,138.97,138.97,3141.56
2025-11-28 08:00:00,138.97,139.11,138.95,139.06,2856.365
2025-11-28 08:05:00,139.06,139.3,139.06,139.25,1882.482
2025-11-28 08:10:00,139.25,139.76,139.23,139.6,3578.71
2025-11-28 08:15:00,139.6,139.72,139.42,139.52,1926.849
2025-11-28 08:20:00,139.52,139.98,139.52,139.92,1543.798
2025-11-28 08:25:00,139.92,139.96,139.8,139.84,1597.925
2025-11-28 08:30:00,139.84,139.86,139.62,139.82,2038.365
2025-11-28 08:35:00,139.82,140.32,139.82,140.14,3204.785
2025-11-28 08:40:00,140.14,140.22,140.02,140.1,1894.37
2025-11-28 08:45:00,140.1,140.29,140.05,140.18,2811.974
2025-11-28 08:50:00,140.18,141.6,140.18,141.25,15399.052
2025-11-28 08:55:00,141.25,141.48,140.89,141.48,3840.184
2025-11-28 09:00:00,141.48,141.8,141.03,141.56,12754.003
2025-11-28 09:05:00,141.56,142.4,141.54,142.34,8907.854
2025-11-28 09:10:00,142.34,142.66,142.15,142.41,7901.994
2025-11-28 09:15:00,142.41,142.41,141.76,141.97,4548.156
2025-11-28 09:20:00,141.97,142.16,141.81,141.86,2796.844
2025-11-28 09:25:00,141.86,142.01,141.81,141.99,1697.512
2025-11-28 09:30:00,141.99,142.19,141.62,142.0,6935.667
2025-11-28 09:35:00,142.0,142.16,141.66,141.67,7057.456
2025-11-28 09:40:00,141.67,141.7,141.45,141.6,3690.519
2025-11-28 09:45:00,141.6,141.78,141.59,141.73,2014.977
2025-11-28 09:50:00,141.73,141.81,141.64,141.71,1254.901
2025-11-28 09:55:00,141.71,141.76,141.6,141.71,1690.168
2025-11-28 10:00:00,141.71,141.87,141.58,141.73,1255.625
2025-11-28 10:05:00,141.73,141.8,141.6,141.72,1080.647
2025-11-28 10:10:00,141.72,141.87,141.69,141.74,1005.232
2025-11-28 10:15:00,141.74,142.12,141.64,142.08,8061.76
2025-11-28 10:20:00,142.08,142.26,141.99,142.01,2141.653
2025-11-28 10:25:00,142.01,142.07,141.85,141.95,2037.169
2025-11-28 10:30:00,141.95,142.05,141.86,141.91,1579.38
2025-11-28 10:35:00,141.91,141.96,141.76,141.95,2440.088
2025-11-28 10:40:00,141.95,142.0,141.89,141.9,806.969
2025-11-28 10:45:00,141.9,141.97,141.75,141.82,1367.432
2025-11-28 10:50:00,141.82,142.36,141.75,142.32,3373.762
2025-11-28 10:55:00,142.32,142.39,141.98,142.08,1673.952
2025-11-28 11:00:00,142.08,142.09,141.52,141.52,2040.531
2025-11-28 11:05:00,141.52,141.53,141.26,141.38,2137.881
2025-11-28 11:10:00,141.38,141.39,140.78,140.78,3859.827
2025-11-28 11:15:00,140.78,140.78,139.99,140.26,8019.292
2025-11-28 11:20:00,140.26,140.66,140.26,140.55,1865.6
2025-11-28 11:25:00,140.55,140.66,140.42,140.51,1665.394
2025-11-28 11:30:00,140.51,140.67,140.41,140.51,1390.928
2025-11-28 11:35:00,140.51,140.7,140.42,140.51,860.079
2025-11-28 11:40:00,140.51,140.66,140.42,140.53,1400.208
2025-11-28 11:45:00,140.53,140.89,140.52,140.79,1025.325
2025-11-28 11:50:00,140.79,140.97,140.7,140.9,1809.026
2025-11-28 11:55:00,140.9,141.06,140.89,141.01,1903.012
2025-11-28 12:00:00,141.01,141.56,140.97,141.45,3271.548
2025-11-28 12:05:00,141.45,141.47,141.03,141.25,6065.895
2025-11-28 12:10:00,141.25,141.25,141.05,141.09,1760.524
2025-11-28 12:15:00,141.09,141.18,140.86,141.18,3024.766
2025-11-28 12:20:00,141.18,141.3,141.14,141.15,1310.923
2025-11-28 12:25:00,141.15,141.23,141.05,141.11,1327.097
2025-11-28 12:30:00,141.11,141.23,140.95,141.17,1533.488
2025-11-28 12:35:00,141.17,141.25,140.95,141.01,1459.113
2025-11-28 12:40:00,141.01,141.09,140.85,140.87,1087.816
2025-11-28 12:45:00,140.87,141.08,140.81,140.93,1302.887
2025-11-28 12:50:00,140.93,141.06,140.86,140.9,645.492
2025-11-28 12:55:00,140.9,140.99,140.78,140.8,719.283
2025-11-28 13:00:00,140.8,140.88,140.75,140.84,1274.304
2025-11-28 13:05:00,140.84,140.99,140.44,140.53,2172.144
2025-11-28 13:10:00,140.53,140.69,140.49,140.67,1122.429
2025-11-28 13:15:00,140.67,140.77,140.57,140.72,889.355
2025-11-28 13:20:00,140.72,141.05,140.66,140.97,1712.559
2025-11-28 13:25:00,140.97,141.18,140.96,141.12,1520.05
2025-11-28 13:30:00,141.12,141.38,141.08,141.35,2177.795
2025-11-28 13:35:00,141.35,142.3,141.34,142.17,8825.97
2025-11-28 13:40:00,142.17,142.35,141.9,142.0,3961.654
2025-11-28 13:45:00,142.0,143.37,141.99,142.86,11139.289
2025-11-28 13:50:00,142.86,142.86,142.17,142.35,5188.549
2025-11-28 13:55:00,142.35,142.51,142.1,142.51,3794.712
2025-11-28 14:00:00,142.51,142.75,142.24,142.5,5160.881
2025-11-28 14:05:00,142.5,142.63,142.11,142.29,2740.495
2025-11-28 14:10:00,142.29,142.43,142.02,142.42,3133.781
2025-11-28 14:15:00,142.42,142.75,142.29,142.58,6945.61
2025-11-28 14:20:00,142.58,142.97,142.41,142.87,7505.858
2025-11-28 14:25:00,142.87,143.53,142.87,143.36,8977.612
2025-11-28 14:30:00,143.36,143.5,142.7,142.9,7397.465
2025-11-28 14:35:00,142.9,142.91,142.49,142.63,3972.605
2025-11-28 14:40:00,142.63,142.7,142.04,142.25,6628.081
2025-11-28 14:45:00,142.25,142.74,141.74,142.64,10011.284
2025-11-28 14:50:00,142.64,142.81,142.4,142.47,3721.689
2025-11-28 14:55:00,142.47,142.58,142.29,142.58,2150.901
2025-11-28 15:00:00,142.58,142.84,142.12,142.27,5167.51
2025-11-28 15:05:00,142.27,142.5,142.07,142.13,4901.064
2025-11-28 15:10:00,142.13,142.48,142.07,142.3,4163.445
2025-11-28 15:15:00,142.3,142.76,142.11,142.62,6126.477
2025-11-28 15:20:00,142.62,143.14,142.62,143.08,10369.567
2025-11-28 15:25:00,143.08,143.12,142.52,142.72,6578.37
2025-11-28 15:30:00,142.72,143.58,142.51,143.56,12024.33
2025-11-28 15:35:00,143.56,143.56,142.42,142.48,10181.157
2025-11-28 15:40:00,142.48,142.53,141.95,142.01,7978.808
2025-11-28 15:45:00,142.01,142.04,141.71,141.9,7442.914
2025-11-28 15:50:00,141.9,141.9,141.31,141.58,6362.205
2025-11-28 15:55:00,141.58,141.74,141.33,141.59,7049.37
2025-11-28 16:00:00,141.59,141.65,141.1,141.23,5285.0
2025-11-28 16:05:00,141.23,141.23,140.68,140.77,7085.307
2025-11-28 16:10:00,140.77,141.0,140.66,140.91,3332.062
2025-11-28 16:15:00,140.91,141.19,140.89,141.08,3411.616
2025-11-28 16:20:00,141.08,141.1,139.77,139.92,12619.088
2025-11-28 16:25:00,139.92,140.03,139.42,139.47,6111.019
2025-11-28 16:30:00,139.47,139.59,138.96,139.36,9015.936
2025-11-28 16:35:00,139.36,139.71,139.24,139.47,5264.229
2025-11-28 16:40:00,139.47,139.5,139.09,139.37,5793.283
2025-11-28 16:45:00,139.37,139.65,139.22,139.49,4347.295
2025-11-28 16:50:00,139.49,139.49,139.15,139.39,4760.618
2025-11-28 16:55:00,139.39,139.39,138.76,138.79,5361.584
2025-11-28 17:00:00,138.79,138.83,138.3,138.3,9923.938
2025-11-28 17:05:00,138.3,138.48,138.13,138.37,5285.862
2025-11-28 17:10:00,138.37,138.61,137.56,137.6,10652.401
2025-11-28 17:15:00,137.6,137.66,136.89,137.21,11584.369
2025-11-28 17:20:00,137.21,137.42,137.05,137.22,4717.244
2025-11-28 17:25:00,137.22,137.44,137.01,137.19,4418.238
2025-11-28 17:30:00,137.19,137.53,137.09,137.49,6414.638
2025-11-28 17:35:00,137.49,137.6,137.1,137.17,5545.857
2025-11-28 17:40:00,137.17,137.33,137.01,137.15,5410.657
2025-11-28 17:45:00,137.15,137.62,137.15,137.49,7387.65
2025-11-28 17:50:00,137.49,137.75,137.45,137.53,7956.748
2025-11-28 17:55:00,137.53,137.9,136.78,137.18,7915.845
2025-11-28 18:00:00,137.18,137.27,136.31,136.47,15211.737
2025-11-28 18:05:00,136.47,136.56,136.02,136.53,11150.315
2025-11-28 18:10:00,136.53,137.53,136.48,137.38,5537.926
2025-11-28 18:15:00,137.38,137.46,136.99,137.03,5007.917
2025-11-28 18:20:00,137.03,137.05,136.61,136.67,5142.766
2025-11-28 18:25:00,136.67,137.08,136.62,137.0,4643.476
2025-11-28 18:30:00,137.0,137.21,136.71,136.76,4219.467
2025-11-28 18:35:00,136.76,137.18,136.53,137.09,2755.017
2025-11-28 18:40:00,137.09,137.31,136.86,137.23,4631.564
2025-11-28 18:45:00,137.23,137.51,137.17,137.48,7762.517
2025-11-28 18:50:00,137.48,137.52,136.89,136.89,3203.984
2025-11-28 18:55:00,136.89,137.21,136.81,137.18,2473.55
2025-11-28 19:00:00,137.18,137.49,137.04,137.41,4142.55
2025-11-28 19:05:00,137.41,137.69,137.39,137.4,9447.127
2025-11-28 19:10:00,137.4,137.52,137.27,137.46,3607.299
2025-11-28 19:15:00,137.46,137.55,137.3,137.46,2717.022
2025-11-28 19:20:00,137.46,137.84,137.38,137.75,5479.121
2025-11-28 19:25:00,137.75,137.89,137.65,137.82,2611.208
2025-11-28 19:30:00,137.82,137.88,137.59,137.63,2131.02
2025-11-28 19:35:00,137.63,137.96,137.57,137.91,2802.606
2025-11-28 19:40:00,137.91,137.98,137.75,137.78,2059.884
2025-11-28 19:45:00,137.78,137.86,137.65,137.66,1360.614
2025-11-28 19:50:00,137.66,137.67,137.45,137.57,1714.205
2025-11-28 19:55:00,137.57,137.65,137.49,137.54,1795.757
2025-11-28 20:00:00,137.54,137.54,136.99,137.01,4116.285
2025-11-28 20:05:00,137.01,137.22,136.94,137.02,2416.362
2025-11-28 20:10:00,137.02,137.11,136.96,137.08,1649.042
2025-11-28 20:15:00,137.08,137.5,136.97,137.46,2603.946
2025-11-28 20:20:00,137.46,137.74,137.38,137.64,2040.538
2025-11-28 20:25:00,137.64,137.7,137.51,137.64,1251.179
2025-11-28 20:30:00,137.64,137.87,137.61,137.71,1438.259
2025-11-28 20:35:00,137.71,137.77,137.6,137.7,1259.27
2025-11-28 20:40:00,137.7,137.7,137.47,137.56,1293.06
2025-11-28 20:45:00,137.56,137.73,137.39,137.73,2257.378
2025-11-28 20:50:00,137.73,137.87,137.67,137.69,1840.591
2025-11-28 20:55:00,137.69,137.99,137.68,137.92,1955.093
2025-11-28 21:00:00,137.92,138.05,137.88,138.01,1785.932
2025-11-28 21:05:00,138.01,138.04,137.71,137.72,954.496
2025-11-28 21:10:00,137.72,137.77,137.59,137.7,763.615
2025-11-28 21:15:00,137.7,137.71,137.35,137.52,4751.548
2025-11-28 21:20:00,137.52,137.62,137.42,137.56,726.136
2025-11-28 21:25:00,137.56,137.71,137.55,137.63,969.552
2025-11-28 21:30:00,137.63,137.75,137.56,137.58,1017.889
2025-11-28 21:35:00,137.58,137.84,137.58,137.74,458.106
2025-11-28 21:40:00,137.74,137.99,137.73,137.89,866.276
2025-11-28 21:45:00,137.89,137.89,137.62,137.65,658.395
2025-11-28 21:50:00,137.65,137.67,137.31,137.48,1787.655
2025-11-28 21:55:00,137.48,137.65,137.39,137.41,1226.673
2025-11-28 22:00:00,137.41,137.44,137.04,137.13,3988.661
2025-11-28 22:05:00,137.13,137.5,137.13,137.33,4101.795
2025-11-28 22:10:00,137.33,137.5,137.25,137.25,1179.414
2025-11-28 22:15:00,137.25,137.31,136.85,137.01,6035.204
2025-11-28 22:20:00,137.01,137.1,136.63,136.73,6818.103
2025-11-28 22:25:00,136.73,137.22,136.72,137.16,4291.245
2025-11-28 22:30:00,137.16,137.3,137.11,137.3,1651.953
2025-11-28 22:35:00,137.3,137.59,137.3,137.47,1557.636
2025-11-28 22:40:00,137.47,137.59,137.43,137.58,1088.038
2025-11-28 22:45:00,137.58,137.65,137.53,137.58,951.54
2025-11-28 22:50:00,137.58,137.88,137.58,137.77,2598.278
2025-11-28 22:55:00,137.77,137.89,137.68,137.82,1594.485
2025-11-28 23:00:00,137.82,138.3,137.81,138.12,2297.647
2025-11-28 23:05:00,138.12,138.17,137.81,137.87,1702.075
2025-11-28 23:10:00,137.87,138.09,137.87,137.9,695.33
2025-11-28 23:15:00,137.9,138.02,137.81,137.81,1342.18
2025-11-28 23:20:00,137.81,137.88,137.72,137.74,1185.569
2025-11-28 23:25:00,137.74,137.85,137.71,137.71,694.063
2025-11-28 23:30:00,137.71,137.72,137.47,137.58,3288.994
2025-11-28 23:35:00,137.58,137.71,137.49,137.57,1148.878
2025-11-28 23:40:00,137.57,137.69,137.57,137.58,833.756
2025-11-28 23:45:00,137.58,137.58,137.35,137.46,920.271
2025-11-28 23:50:00,137.46,137.56,137.43,137.45,817.598
2025-11-28 23:55:00,137.45,137.45,137.3,137.35,1889.145
2025-11-29 00:00:00,137.35,137.54,137.33,137.51,2400.401
2025-11-29 00:05:00,137.51,137.55,137.34,137.35,749.048
2025-11-29 00:10:00,137.35,137.48,137.28,137.43,766.582
2025-11-29 00:15:00,137.43,137.53,137.16,137.28,945.073
2025-11-29 00:20:00,137.28,137.75,137.28,137.7,1156.744
2025-11-29 00:25:00,137.7,137.7,137.42,137.64,736.552
2025-11-29 00:30:00,137.64,137.71,137.46,137.63,951.232
2025-11-29 00:35:00,137.63,137.88,137.56,137.76,908.722
2025-11-29 00:40:00,137.76,137.89,137.65,137.82,1582.594
2025-11-29 00:45:00,137.82,137.87,137.7,137.85,741.264
2025-11-29 00:50:00,137.85,137.85,137.38,137.51,6219.574
2025-11-29 00:55:00,137.51,137.71,137.48,137.66,963.634
2025-11-29 01:00:00,137.66,137.66,137.52,137.59,1460.913
2025-11-29 01:05:00,137.59,137.76,137.45,137.76,1074.367
2025-11-29 01:10:00,137.76,137.83,137.67,137.76,2234.351
2025-11-29 01:15:00,137.76,137.83,137.38,137.38,1095.021
2025-11-29 01:20:00,137.38,137.69,137.31,137.68,1474.657
2025-11-29 01:25:00,137.68,137.68,137.43,137.55,495.751
2025-11-29 01:30:00,137.55,137.58,137.38,137.58,1326.989
2025-11-29 01:35:00,137.58,137.64,137.4,137.4,507.737
2025-11-29 01:40:00,137.4,137.49,137.26,137.41,1275.778
2025-11-29 01:45:00,137.41,137.54,137.41,137.49,459.37
2025-11-29 01:50:00,137.49,137.49,137.28,137.39,1274.026
2025-11-29 01:55:00,137.39,137.53,137.39,137.41,1387.897
2025-11-29 02:00:00,137.41,137.52,137.35,137.35,1627.548
2025-11-29 02:05:00,137.35,137.52,137.29,137.49,2407.981
2025-11-29 02:10:00,137.49,137.6,137.48,137.6,1488.608
2025-11-29 02:15:00,137.6,137.71,137.51,137.6,2375.825
2025-11-29 02:20:00,137.6,137.62,137.39,137.49,1735.447
2025-11-29 02:25:00,137.49,137.52,137.35,137.36,1518.906
2025-11-29 02:30:00,137.36,137.45,137.07,137.11,3009.487
2025-11-29 02:35:00,137.11,137.15,136.9,137.06,2996.22
2025-11-29 02:40:00,137.06,137.09,136.98,137.0,1522.391
2025-11-29 02:45:00,137.0,137.17,136.92,137.13,1493.614
2025-11-29 02:50:00,137.13,137.22,137.09,137.12,1604.876
2025-11-29 02:55:00,137.12,137.26,137.12,137.22,562.652
2025-11-29 03:00:00,137.22,137.4,137.06,137.4,6023.025
2025-11-29 03:05:00,137.4,137.4,137.29,137.31,764.992
2025-11-29 03:10:00,137.31,137.31,137.17,137.22,494.231
2025-11-29 03:15:00,137.22,137.31,137.16,137.31,911.634
2025-11-29 03:20:00,137.31,137.4,137.09,137.11,1272.18
2025-11-29 03:25:00,137.11,137.13,137.04,137.05,775.766
2025-11-29 03:30:00,137.05,137.11,136.76,136.9,2239.811
2025-11-29 03:35:00,136.9,137.05,136.79,136.99,954.202
2025-11-29 03:40:00,136.99,137.13,136.93,136.95,824.913
2025-11-29 03:45:00,136.95,136.98,136.85,136.9,1165.402
2025-11-29 03:50:00,136.9,136.93,136.87,136.89,496.723
2025-11-29 03:55:00,136.89,136.93,136.82,136.85,727.573
2025-11-29 04:00:00,136.85,137.04,136.85,136.99,1022.447
2025-11-29 04:05:00,136.99,137.03,136.89,136.92,733.567
2025-11-29 04:10:00,136.92,136.98,136.87,136.94,360.913
2025-11-29 04:15:00,136.94,137.05,136.85,136.88,644.602
2025-11-29 04:20:00,136.88,137.05,136.88,137.04,579.821
2025-11-29 04:25:00,137.04,137.27,137.04,137.24,1155.689
2025-11-29 04:30:00,137.24,137.27,137.12,137.12,1359.961
2025-11-29 04:35:00,137.12,137.28,137.1,137.14,828.47
2025-11-29 04:40:00,137.14,137.2,137.07,137.16,1036.109
2025-11-29 04:45:00,137.16,137.33,137.16,137.32,862.82
2025-11-29 04:50:00,137.32,137.48,137.32,137.43,2044.077
2025-11-29 04:55:00,137.43,137.72,137.41,137.65,2481.131
2025-11-29 05:00:00,137.65,137.66,137.42,137.46,7751.521
2025-11-29 05:05:00,137.46,137.53,137.39,137.4,2064.707
2025-11-29 05:10:00,137.4,137.48,137.37,137.37,1308.388
2025-11-29 05:15:00,137.37,137.51,137.33,137.49,689.022
2025-11-29 05:20:00,137.49,137.63,137.46,137.49,2027.445
2025-11-29 05:25:00,137.49,137.55,137.45,137.49,607.305
2025-11-29 05:30:00,137.49,137.55,137.35,137.43,670.945
2025-11-29 05:35:00,137.43,137.61,137.41,137.44,968.788
2025-11-29 05:40:00,137.44,137.45,137.37,137.43,400.649
2025-11-29 05:45:00,137.43,137.53,137.4,137.44,296.437
2025-11-29 05:50:00,137.44,137.44,137.15,137.18,729.451
2025-11-29 05:55:00,137.18,137.25,137.14,137.22,865.504
2025-11-29 06:00:00,137.22,137.38,137.18,137.27,2529.116
2025-11-29 06:05:00,137.27,137.51,137.26,137.48,1887.271
2025-11-29 06:10:00,137.48,137.6,137.45,137.55,1504.464
2025-11-29 06:15:00,137.55,137.56,137.34,137.41,1915.707
2025-11-29 06:20:00,137.41,137.41,136.82,136.89,9342.664
2025-11-29 06:25:00,136.89,137.07,136.69,136.71,6776.766
2025-11-29 06:30:00,136.71,136.79,136.29,136.5,12491.639
2025-11-29 06:35:00,136.5,136.97,136.44,136.87,5012.143
2025-11-29 06:40:00,136.87,137.02,136.86,136.98,2455.481
2025-11-29 06:45:00,136.98,137.07,136.9,136.97,2592.737
2025-11-29 06:50:00,136.97,136.97,136.8,136.95,935.127
2025-11-29 06:55:00,136.95,137.2,136.94,137.11,1283.322
2025-11-29 07:00:00,137.11,137.2,137.09,137.09,614.429
2025-11-29 07:05:00,137.09,137.17,137.01,137.02,948.178
2025-11-29 07:10:00,137.02,137.3,137.02,137.19,954.905
2025-11-29 07:15:00,137.19,137.5,137.19,137.48,1506.061
2025-11-29 07:20:00,137.48,137.55,137.4,137.45,1604.3
2025-11-29 07:25:00,137.45,137.54,137.38,137.47,1087.856
2025-11-29 07:30:00,137.47,137.56,137.28,137.28,1154.9
2025-11-29 07:35:00,137.28,137.41,137.16,137.18,2211.529
2025-11-29 07:40:00,137.18,137.26,137.13,137.14,1542.184
2025-11-29 07:45:00,137.14,137.18,136.95,136.95,1876.961
2025-11-29 07:50:00,136.95,137.3,136.95,137.3,1215.775
2025-11-29 07:55:00,137.3,137.51,137.26,137.28,1627.211
2025-11-29 08:00:00,137.28,137.3,137.09,137.12,1559.286
2025-11-29 08:05:00,137.12,137.41,137.12,137.24,2213.426
2025-11-29 08:10:00,137.24,137.46,137.23,137.4,1751.058
2025-11-29 08:15:00,137.4,137.49,137.21,137.21,1126.13
2025-11-29 08:20:00,137.21,137.36,137.17,137.32,1008.744
2025-11-29 08:25:00,137.32,137.32,137.08,137.08,3918.143
2025-11-29 08:30:00,137.08,137.2,136.94,137.19,2051.316
2025-11-29 08:35:00,137.19,137.28,137.03,137.05,2840.027
2025-11-29 08:40:00,137.05,137.05,136.7,136.81,4277.31
2025-11-29 08:45:00,136.81,136.91,136.78,136.79,1689.497
2025-11-29 08:50:00,136.79,136.95,136.76,136.85,1780.824
2025-11-29 08:55:00,136.85,136.98,136.79,136.98,1784.566
2025-11-29 09:00:00,136.98,137.09,136.89,137.01,1344.564
2025-11-29 09:05:00,137.01,137.12,136.83,136.92,2202.036
2025-11-29 09:10:00,136.92,137.11,136.92,136.97,1078.224
2025-11-29 09:15:00,136.97,137.05,136.92,136.98,1323.345
2025-11-29 09:20:00,136.98,136.98,136.69,136.71,2686.709
2025-11-29 09:25:00,136.71,136.86,136.69,136.71,803.737
2025-11-29 09:30:00,136.71,136.89,136.66,136.79,1280.945
2025-11-29 09:35:00,136.79,136.9,136.72,136.75,2061.831
2025-11-29 09:40:00,136.75,136.84,136.69,136.77,1419.688
2025-11-29 09:45:00,136.77,136.77,136.67,136.72,1677.064
2025-11-29 09:50:00,136.72,136.76,136.62,136.63,1575.691
2025-11-29 09:55:00,136.63,136.72,136.61,136.67,1345.638
2025-11-29 10:00:00,136.67,136.71,136.6,136.6,1439.902
2025-11-29 10:05:00,136.6,136.69,136.44,136.56,2304.497
2025-11-29 10:10:00,136.56,136.92,136.55,136.75,3306.554
2025-11-29 10:15:00,136.75,136.91,136.6,136.6,3038.766
2025-11-29 10:20:00,136.6,136.89,136.42,136.89,3812.145
2025-11-29 10:25:00,136.89,137.01,136.88,136.91,2494.124
2025-11-29 10:30:00,136.91,137.0,136.86,136.86,1153.624
2025-11-29 10:35:00,136.86,137.0,136.86,136.86,1105.419
2025-11-29 10:40:00,136.86,136.97,136.82,136.9,640.151
2025-11-29 10:45:00,136.9,136.98,136.71,136.75,611.359
2025-11-29 10:50:00,136.75,136.97,136.75,136.95,574.442
2025-11-29 10:55:00,136.95,136.99,136.79,136.82,1359.707
2025-11-29 11:00:00,136.82,136.91,136.79,136.82,658.079
2025-11-29 11:05:00,136.82,136.82,136.66,136.69,1071.977
2025-11-29 11:10:00,136.69,136.99,136.69,136.95,886.029
2025-11-29 11:15:00,136.95,136.98,136.76,136.84,2264.882
2025-11-29 11:20:00,136.84,136.91,136.82,136.84,1285.704
2025-11-29 11:25:00,136.84,136.98,136.84,136.98,602.96
2025-11-29 11:30:00,136.98,137.11,136.93,137.1,1109.722
2025-11-29 11:35:00,137.1,137.17,137.01,137.17,781.435
2025-11-29 11:40:00,137.17,137.33,137.16,137.3,1863.82
2025-11-29 11:45:00,137.3,137.38,137.22,137.33,1730.683
2025-11-29 11:50:00,137.33,137.36,137.27,137.33,1418.0
2025-11-29 11:55:00,137.33,137.37,137.26,137.33,1116.663
2025-11-29 12:00:00,137.33,137.37,137.23,137.37,1799.728
2025-11-29 12:05:00,137.37,137.47,137.33,137.43,1224.432
2025-11-29 12:10:00,137.43,137.44,137.11,137.12,1502.223
2025-11-29 12:15:00,137.12,137.17,136.96,136.98,2092.397
2025-11-29 12:20:00,136.98,137.11,136.95,136.96,1288.438
2025-11-29 12:25:00,136.96,137.0,136.9,136.9,546.403
2025-11-29 12:30:00,136.9,137.11,136.87,137.11,686.257
2025-11-29 12:35:00,137.11,137.11,136.95,137.06,895.427
2025-11-29 12:40:00,137.06,137.12,136.99,137.07,352.45
2025-11-29 12:45:00,137.07,137.13,136.97,136.97,935.647
2025-11-29 12:50:00,136.97,137.08,136.95,136.98,276.746
2025-11-29 12:55:00,136.98,137.06,136.94,136.95,882.114
2025-11-29 13:00:00,136.95,137.02,136.87,137.02,2241.533
2025-11-29 13:05:00,137.02,137.07,136.84,136.85,872.954
2025-11-29 13:10:00,136.85,136.94,136.7,136.73,674.31
2025-11-29 13:15:00,136.73,136.86,136.68,136.86,1404.129
2025-11-29 13:20:00,136.86,136.96,136.74,136.76,1340.575
2025-11-29 13:25:00,136.76,136.93,136.75,136.93,856.242
2025-11-29 13:30:00,136.93,136.98,136.87,136.93,855.507
2025-11-29 13:35:00,136.93,136.93,136.68,136.76,899.231
2025-11-29 13:40:00,136.76,136.87,136.72,136.76,845.566
2025-11-29 13:45:00,136.76,136.83,136.73,136.82,612.29
2025-11-29 13:50:00,136.82,136.96,136.8,136.89,2384.955
2025-11-29 13:55:00,136.89,136.96,136.83,136.9,1022.739
2025-11-29 14:00:00,136.9,136.9,136.69,136.73,998.064
2025-11-29 14:05:00,136.73,136.76,136.68,136.69,620.597
2025-11-29 14:10:00,136.69,136.78,136.54,136.78,1563.809
2025-11-29 14:15:00,136.78,136.86,136.68,136.68,1795.308
2025-11-29 14:20:00,136.68,136.78,136.66,136.74,1185.006
2025-11-29 14:25:00,136.74,136.84,136.74,136.76,552.72
2025-11-29 14:30:00,136.76,136.87,136.62,136.63,1919.424
2025-11-29 14:35:00,136.63,136.71,136.59,136.62,1122.715
2025-11-29 14:40:00,136.62,136.64,136.49,136.6,1213.902
2025-11-29 14:45:00,136.6,136.83,136.53,136.82,780.561
2025-11-29 14:50:00,136.82,136.83,136.6,136.6,852.58
2025-11-29 14:55:00,136.6,136.6,136.5,136.54,1628.294
2025-11-29 15:00:00,136.54,136.69,136.54,136.68,1349.098
2025-11-29 15:05:00,136.68,136.82,136.67,136.75,1254.884
2025-11-29 15:10:00,136.75,136.88,136.75,136.87,1363.281
2025-11-29 15:15:00,136.87,137.57,136.87,137.36,9385.891
2025-11-29 15:20:00,137.36,137.66,137.28,137.34,8737.934
2025-11-29 15:25:00,137.34,137.34,137.12,137.22,1897.999
2025-11-29 15:30:00,137.22,137.42,137.16,137.3,1956.389
2025-11-29 15:35:00,137.3,137.3,136.97,137.21,1326.021
2025-11-29 15:40:00,137.21,137.24,137.04,137.18,1141.268
2025-11-29 15:45:00,137.18,137.41,137.17,137.36,1590.532
2025-11-29 15:50:00,137.36,137.58,137.31,137.47,2722.332
2025-11-29 15:55:00,137.47,137.6,137.46,137.56,838.536
2025-11-29 16:00:00,137.56,137.62,137.39,137.45,2198.838
2025-11-29 16:05:00,137.45,137.5,137.25,137.33,1374.277
2025-11-29 16:10:00,137.33,137.51,137.3,137.37,1432.238
2025-11-29 16:15:00,137.37,137.63,137.31,137.63,1321.243
2025-11-29 16:20:00,137.63,137.81,137.53,137.53,2190.95
2025-11-29 16:25:00,137.53,137.55,137.04,137.18,3126.362
2025-11-29 16:30:00,137.18,137.3,137.11,137.29,2922.698
2025-11-29 16:35:00,137.29,137.48,137.14,137.43,1241.022
2025-11-29 16:40:00,137.43,137.49,137.37,137.4,1048.486
2025-11-29 16:45:00,137.4,137.56,137.29,137.51,1169.468
2025-11-29 16:50:00,137.51,137.81,137.5,137.71,1469.036
2025-11-29 16:55:00,137.71,137.71,137.56,137.65,546.27
2025-11-29 17:00:00,137.65,138.04,137.65,137.89,3584.139
2025-11-29 17:05:00,137.89,137.89,137.43,137.45,2771.418
2025-11-29 17:10:00,137.45,137.5,137.11,137.22,4300.318
2025-11-29 17:15:00,137.22,137.37,137.16,137.28,1678.743
2025-11-29 17:20:00,137.28,137.32,136.97,136.99,8405.562
2025-11-29 17:25:00,136.99,137.04,136.98,137.01,835.04
2025-11-29 17:30:00,137.01,137.03,136.47,136.61,4908.443
2025-11-29 17:35:00,136.61,136.94,136.6,136.87,1364.968
2025-11-29 17:40:00,136.87,136.94,136.8,136.82,1140.932
2025-11-29 17:45:00,136.82,136.91,136.51,136.52,1774.542
2025-11-29 17:50:00,136.52,136.52,136.21,136.22,6706.658
2025-11-29 17:55:00,136.22,136.27,136.13,136.19,6707.187
2025-11-29 18:00:00,136.19,136.35,135.88,136.0,11194.942
2025-11-29 18:05:00,136.0,136.18,135.76,135.96,4169.777
2025-11-29 18:10:00,135.96,136.06,135.54,135.99,6773.997
2025-11-29 18:15:00,135.99,136.16,135.57,135.76,5538.121
2025-11-29 18:20:00,135.76,135.94,135.64,135.64,2139.785
2025-11-29 18:25:00,135.64,135.66,135.21,135.35,7347.107
2025-11-29 18:30:00,135.35,135.35,134.81,135.15,9914.636
2025-11-29 18:35:00,135.15,135.56,135.07,135.46,4454.866
2025-11-29 18:40:00,135.46,135.93,135.42,135.86,3858.531
2025-11-29 18:45:00,135.86,136.0,135.53,135.57,1929.758
2025-11-29 18:50:00,135.57,135.84,135.57,135.62,1168.803
2025-11-29 18:55:00,135.62,135.83,135.6,135.68,1799.872
2025-11-29 19:00:00,135.68,135.74,135.42,135.55,1399.012
2025-11-29 19:05:00,135.55,136.01,135.5,135.98,2597.704
2025-11-29 19:10:00,135.98,136.2,135.91,136.0,2376.278
2025-11-29 19:15:00,136.0,136.07,135.86,135.86,1430.401
2025-11-29 19:20:00,135.86,136.13,135.82,136.07,3922.853
2025-11-29 19:25:00,136.07,136.25,135.99,136.18,2497.174
2025-11-29 19:30:00,136.18,136.24,135.88,135.88,2207.939
2025-11-29 19:35:00,135.88,135.89,135.69,135.7,1335.85
2025-11-29 19:40:00,135.7,135.83,135.65,135.79,1513.342
2025-11-29 19:45:00,135.79,135.88,135.68,135.68,1045.834
2025-11-29 19:50:00,135.68,135.8,135.58,135.78,893.889
2025-11-29 19:55:00,135.78,135.82,135.66,135.68,1716.895
2025-11-29 20:00:00,135.68,135.76,135.51,135.51,1888.568
2025-11-29 20:05:00,135.51,135.61,135.41,135.57,1643.481
2025-11-29 20:10:00,135.57,135.66,135.4,135.43,650.408
2025-11-29 20:15:00,135.43,135.64,135.33,135.61,1783.753
2025-11-29 20:20:00,135.61,135.68,135.51,135.55,562.047
2025-11-29 20:25:00,135.55,135.81,135.55,135.73,1024.086
2025-11-29 20:30:00,135.73,135.87,135.59,135.77,789.93
2025-11-29 20:35:00,135.77,135.89,135.68,135.73,765.225
2025-11-29 20:40:00,135.73,135.96,135.67,135.94,1196.619
2025-11-29 20:45:00,135.94,136.09,135.83,136.08,1256.775
2025-11-29 20:50:00,136.08,136.28,136.04,136.2,4336.106
2025-11-29 20:55:00,136.2,136.33,136.15,136.22,2711.646
2025-11-29 21:00:00,136.22,136.31,135.92,135.93,1715.795
2025-11-29 21:05:00,135.93,135.99,135.8,135.81,739.119
2025-11-29 21:10:00,135.81,135.91,135.76,135.85,797.81
2025-11-29 21:15:00,135.85,135.94,135.82,135.86,1122.731
2025-11-29 21:20:00,135.86,136.17,135.86,136.1,1082.183
2025-11-29 21:25:00,136.1,136.18,136.09,136.13,789.496
2025-11-29 21:30:00,136.13,136.22,136.03,136.21,693.759
2025-11-29 21:35:00,136.21,136.25,136.09,136.18,544.139
2025-11-29 21:40:00,136.18,136.26,136.1,136.13,728.217
2025-11-29 21:45:00,136.13,136.41,136.1,136.28,1285.908
2025-11-29 21:50:00,136.28,136.46,136.26,136.44,889.331
2025-11-29 21:55:00,136.44,136.53,136.44,136.48,918.483
2025-11-29 22:00:00,136.48,136.48,136.24,136.28,926.247
2025-11-29 22:05:00,136.28,136.28,136.16,136.28,1116.312
2025-11-29 22:10:00,136.28,136.32,135.62,135.66,2956.522
2025-11-29 22:15:00,135.66,135.92,135.62,135.83,2805.701
2025-11-29 22:20:00,135.83,135.83,135.62,135.73,6219.071
2025-11-29 22:25:00,135.73,135.81,135.54,135.54,5500.267
2025-11-29 22:30:00,135.54,135.67,135.42,135.62,8256.472
2025-11-29 22:35:00,135.62,135.8,135.62,135.75,3704.898
2025-11-29 22:40:00,135.75,135.92,135.71,135.92,1804.453
2025-11-29 22:45:00,135.92,136.06,135.73,135.73,1568.389
2025-11-29 22:50:00,135.73,135.85,135.69,135.84,1179.161
2025-11-29 22:55:00,135.84,135.94,135.74,135.83,1149.146
2025-11-29 23:00:00,135.83,135.92,135.69,135.85,1632.02
2025-11-29 23:05:00,135.85,135.93,135.52,135.62,1827.217
2025-11-29 23:10:00,135.62,135.72,135.51,135.58,1666.959
2025-11-29 23:15:00,135.58,135.71,135.54,135.71,2207.506
2025-11-29 23:20:00,135.71,136.06,135.67,136.03,2353.032
2025-11-29 23:25:00,136.03,136.15,135.96,135.97,1568.895
2025-11-29 23:30:00,135.97,136.11,135.95,135.95,819.19
2025-11-29 23:35:00,135.95,136.2,135.95,136.07,992.563
2025-11-29 23:40:00,136.07,136.12,136.0,136.03,473.215
2025-11-29 23:45:00,136.03,136.11,135.88,135.88,784.941
2025-11-29 23:50:00,135.88,136.18,135.88,136.08,1197.575
2025-11-29 23:55:00,136.08,136.08,135.9,135.91,704.619
2025-11-30 00:00:00,135.91,136.03,135.85,135.98,1515.127
2025-11-30 00:05:00,135.98,136.15,135.91,136.15,1018.88
2025-11-30 00:10:00,136.15,136.36,136.14,136.32,1745.429
2025-11-30 00:15:00,136.32,136.44,136.17,136.26,1970.803
2025-11-30 00:20:00,136.26,136.27,136.17,136.24,2522.684
2025-11-30 00:25:00,136.24,136.28,136.03,136.05,3083.934
2025-11-30 00:30:00,136.05,136.06,135.93,135.94,2656.038
2025-11-30 00:35:00,135.94,135.98,135.73,135.96,4334.551
2025-11-30 00:40:00,135.96,136.18,135.95,136.12,2824.136
2025-11-30 00:45:00,136.12,136.12,135.86,135.99,2710.638
2025-11-30 00:50:00,135.99,136.03,135.88,135.94,1831.086
2025-11-30 00:55:00,135.94,136.03,135.94,135.95,1810.248
2025-11-30 01:00:00,135.95,136.13,135.87,136.11,2022.518
2025-11-30 01:05:00,136.11,136.48,136.09,136.35,10940.63
2025-11-30 01:10:00,136.35,136.42,136.27,136.28,2514.145
2025-11-30 01:15:00,136.28,136.46,136.09,136.1,2199.781
2025-11-30 01:20:00,136.1,136.29,136.09,136.11,2141.782
2025-11-30 01:25:00,136.11,136.14,136.0,136.13,2136.156
2025-11-30 01:30:00,136.13,136.42,136.13,136.37,1881.005
2025-11-30 01:35:00,136.37,136.6,136.36,136.53,3111.496
2025-11-30 01:40:00,136.53,136.54,136.34,136.41,2701.187
2025-11-30 01:45:00,136.41,136.47,136.27,136.36,1925.086
2025-11-30 01:50:00,136.36,136.43,136.29,136.37,1889.791
2025-11-30 01:55:00,136.37,136.37,136.25,136.29,1164.59
2025-11-30 02:00:00,136.29,136.6,136.27,136.56,2038.687
2025-11-30 02:05:00,136.56,136.72,136.49,136.64,6083.314
2025-11-30 02:10:00,136.64,136.73,136.58,136.65,1761.778
2025-11-30 02:15:00,136.65,136.81,136.64,136.67,3196.594
2025-11-30 02:20:00,136.67,136.76,136.56,136.67,2934.115
2025-11-30 02:25:00,136.67,136.67,136.51,136.59,2059.011
2025-11-30 02:30:00,136.59,136.6,136.51,136.51,1645.134
2025-11-30 02:35:00,136.51,136.52,136.13,136.15,4597.464
2025-11-30 02:40:00,136.15,136.16,135.85,135.93,3389.956
2025-11-30 02:45:00,135.93,136.11,135.87,136.01,1513.201
2025-11-30 02:50:00,136.01,136.07,135.89,135.93,1864.939
2025-11-30 02:55:00,135.93,135.97,135.87,135.93,1140.431
2025-11-30 03:00:00,135.93,136.1,135.88,135.96,1276.225
2025-11-30 03:05:00,135.96,136.01,135.6,135.62,3751.03
2025-11-30 03:10:00,135.62,135.8,135.54,135.64,7707.516
2025-11-30 03:15:00,135.64,135.73,135.27,135.34,6460.781
2025-11-30 03:20:00,135.34,135.74,135.27,135.74,5414.804
2025-11-30 03:25:00,135.74,135.8,135.7,135.72,1065.944
2025-11-30 03:30:00,135.72,135.99,135.67,135.86,1768.332
2025-11-30 03:35:00,135.86,135.93,135.77,135.9,984.297
2025-11-30 03:40:00,135.9,136.48,135.89,136.47,2908.023
2025-11-30 03:45:00,136.47,136.5,136.31,136.35,2347.08
2025-11-30 03:50:00,136.35,136.41,136.24,136.35,749.815
2025-11-30 03:55:00,136.35,136.46,136.33,136.41,1088.688
2025-11-30 04:00:00,136.41,136.55,136.26,136.54,3488.077
2025-11-30 04:05:00,136.54,136.94,136.46,136.81,3077.255
2025-11-30 04:10:00,136.81,136.89,136.64,136.65,1346.44
2025-11-30 04:15:00,136.65,136.65,136.41,136.59,5684.909
2025-11-30 04:20:00,136.59,136.65,136.51,136.58,1412.398
2025-11-30 04:25:00,136.58,136.59,136.44,136.49,943.207
2025-11-30 04:30:00,136.49,136.49,136.32,136.36,760.151
2025-11-30 04:35:00,136.36,136.44,136.25,136.43,574.735
2025-11-30 04:40:00,136.43,136.43,136.25,136.32,616.149
2025-11-30 04:45:00,136.32,136.36,136.23,136.3,571.941
2025-11-30 04:50:00,136.3,136.5,136.3,136.39,651.018
2025-11-30 04:55:00,136.39,136.41,136.33,136.38,396.881
2025-11-30 05:00:00,136.38,136.38,136.14,136.15,787.839
2025-11-30 05:05:00,136.15,136.16,136.0,136.01,1701.068
2025-11-30 05:10:00,136.01,136.11,135.96,136.03,745.856
2025-11-30 05:15:00,136.03,136.09,135.62,135.73,3064.727
2025-11-30 05:20:00,135.73,135.8,135.67,135.73,542.335
2025-11-30 05:25:00,135.73,135.81,135.69,135.69,757.917
2025-11-30 05:30:00,135.69,135.81,135.58,135.59,1035.398
2025-11-30 05:35:00,135.59,135.75,135.58,135.71,837.113
2025-11-30 05:40:00,135.71,135.93,135.71,135.89,606.287
2025-11-30 05:45:00,135.89,135.95,135.81,135.81,1483.515
2025-11-30 05:50:00,135.81,135.97,135.81,135.94,859.093
2025-11-30 05:55:00,135.94,135.98,135.76,135.78,711.114
2025-11-30 06:00:00,135.78,135.89,135.76,135.89,392.306
2025-11-30 06:05:00,135.89,136.02,135.52,135.54,1590.896
2025-11-30 06:10:00,135.54,135.75,135.53,135.73,8608.133
2025-11-30 06:15:00,135.73,135.91,135.61,135.91,608.242
2025-11-30 06:20:00,135.91,136.08,135.87,136.05,1456.445
2025-11-30 06:25:00,136.05,136.15,136.02,136.13,1024.754
2025-11-30 06:30:00,136.13,136.48,136.12,136.39,3279.42
2025-11-30 06:35:00,136.39,136.43,136.34,136.36,1072.488
2025-11-30 06:40:00,136.36,136.38,136.29,136.34,1017.191
2025-11-30 06:45:00,136.34,136.37,136.22,136.27,1148.633
2025-11-30 06:50:00,136.27,136.39,136.25,136.39,695.659
2025-11-30 06:55:00,136.39,136.43,136.3,136.33,1114.118
2025-11-30 07:00:00,136.33,136.36,136.24,136.36,924.895
2025-11-30 07:05:00,136.36,136.45,136.21,136.22,1061.295
2025-11-30 07:10:00,136.22,136.45,136.2,136.41,958.811
2025-11-30 07:15:00,136.41,136.45,136.34,136.45,1097.966
2025-11-30 07:20:00,136.45,136.45,136.32,136.41,1294.386
2025-11-30 07:25:00,136.41,136.5,136.38,136.41,1687.961
2025-11-30 07:30:00,136.41,136.54,136.38,136.43,5112.939
2025-11-30 07:35:00,136.43,136.5,136.35,136.41,805.317
2025-11-30 07:40:00,136.41,136.41,136.27,136.31,950.252
2025-11-30 07:45:00,136.31,136.56,136.3,136.55,2167.725
2025-11-30 07:50:00,136.55,136.7,136.47,136.5,2221.478
2025-11-30 07:55:00,136.5,136.54,136.45,136.52,1755.859
2025-11-30 08:00:00,136.52,136.56,136.37,136.4,1884.933
2025-11-30 08:05:00,136.4,136.6,136.37,136.6,706.955
2025-11-30 08:10:00,136.6,136.67,136.47,136.6,1162.022
2025-11-30 08:15:00,136.6,136.6,136.47,136.58,1687.147
2025-11-30 08:20:00,136.58,137.07,136.57,136.93,3808.314
2025-11-30 08:25:00,136.93,136.94,136.6,136.6,3750.743
2025-11-30 08:30:00,136.6,136.7,136.31,136.57,2583.071
2025-11-30 08:35:00,136.57,136.59,136.13,136.3,2162.395
2025-11-30 08:40:00,136.3,136.69,136.29,136.69,2258.158
2025-11-30 08:45:00,136.69,136.77,136.53,136.58,2652.826
2025-11-30 08:50:00,136.58,136.93,136.58,136.79,2673.651
2025-11-30 08:55:00,136.79,136.84,136.74,136.81,8431.974
2025-11-30 09:00:00,136.81,136.86,136.7,136.83,2087.774
2025-11-30 09:05:00,136.83,136.92,136.7,136.91,1275.179
2025-11-30 09:10:00,136.91,137.09,136.84,136.87,3248.318
2025-11-30 09:15:00,136.87,137.03,136.5,136.73,2909.499
2025-11-30 09:20:00,136.73,136.88,136.71,136.73,1317.072
2025-11-30 09:25:00,136.73,136.73,136.53,136.67,1235.001
2025-11-30 09:30:00,136.67,136.67,136.47,136.62,1285.411
2025-11-30 09:35:00,136.62,136.64,136.5,136.62,1075.75
2025-11-30 09:40:00,136.62,136.8,136.59,136.78,1139.777
2025-11-30 09:45:00,136.78,136.84,136.61,136.71,1202.562
2025-11-30 09:50:00,136.71,136.77,136.66,136.68,1638.759
2025-11-30 09:55:00,136.68,136.92,136.68,136.82,885.669
2025-11-30 10:00:00,136.82,136.92,136.67,136.68,1688.73
2025-11-30 10:05:00,136.68,136.69,136.6,136.66,1448.063
2025-11-30 10:10:00,136.66,136.71,136.61,136.71,881.641
2025-11-30 10:15:00,136.71,136.83,136.63,136.83,1025.813
2025-11-30 10:20:00,136.83,136.84,136.7,136.73,1319.659
2025-11-30 10:25:00,136.73,136.93,136.73,136.93,1670.761
2025-11-30 10:30:00,136.93,136.93,136.7,136.71,1296.676
2025-11-30 10:35:00,136.71,136.79,136.7,136.71,787.105
2025-11-30 10:40:00,136.71,136.74,136.53,136.62,1702.904
2025-11-30 10:45:00,136.62,136.76,136.58,136.75,716.046
2025-11-30 10:50:00,136.75,136.75,136.59,136.62,1839.825
2025-11-30 10:55:00,136.62,136.73,136.62,136.67,557.644
2025-11-30 11:00:00,136.67,136.8,136.61,136.73,734.932
2025-11-30 11:05:00,136.73,136.89,136.66,136.66,1412.248
2025-11-30 11:10:00,136.66,136.78,136.63,136.65,898.891
2025-11-30 11:15:00,136.65,136.74,136.53,136.54,850.291
2025-11-30 11:20:00,136.54,136.64,136.51,136.52,768.582
2025-11-30 11:25:00,136.52,136.55,136.36,136.49,1297.405
2025-11-30 11:30:00,136.49,136.51,136.22,136.38,1397.622
2025-11-30 11:35:00,136.38,136.49,136.33,136.46,960.491
2025-11-30 11:40:00,136.46,136.57,136.45,136.49,618.932
2025-11-30 11:45:00,136.49,136.58,136.4,136.41,545.94
2025-11-30 11:50:00,136.41,136.49,136.27,136.45,888.322
2025-11-30 11:55:00,136.45,136.51,136.41,136.41,882.545
2025-11-30 12:00:00,136.41,136.46,136.21,136.26,1586.363
2025-11-30 12:05:00,136.26,136.56,136.25,136.51,976.805
2025-11-30 12:10:00,136.51,136.78,136.51,136.76,2106.342
2025-11-30 12:15:00,136.76,136.94,136.76,136.91,1687.788
2025-11-30 12:20:00,136.91,136.95,136.8,136.92,1355.945
2025-11-30 12:25:00,136.92,137.0,136.92,136.99,1953.999
2025-11-30 12:30:00,136.99,137.04,136.91,136.92,2478.606
2025-11-30 12:35:00,136.92,137.02,136.9,136.91,2310.805
2025-11-30 12:40:00,136.91,137.54,136.9,137.51,6502.597
2025-11-30 12:45:00,137.51,137.7,137.37,137.48,6055.638
2025-11-30 12:50:00,137.48,137.56,137.37,137.55,2113.338
2025-11-30 12:55:00,137.55,137.59,137.44,137.57,3945.273
2025-11-30 13:00:00,137.57,137.8,137.53,137.72,3340.392
2025-11-30 13:05:00,137.72,137.78,137.33,137.47,3848.354
2025-11-30 13:10:00,137.47,137.68,137.46,137.61,2287.5
2025-11-30 13:15:00,137.61,138.33,137.61,138.28,6067.277
2025-11-30 13:20:00,138.28,139.06,138.26,138.94,14305.141
2025-11-30 13:25:00,138.94,139.18,138.77,139.12,6621.231
2025-11-30 13:30:00,139.12,140.15,138.91,139.97,20029.923
2025-11-30 13:35:00,139.97,140.03,139.55,139.59,8144.017
2025-11-30 13:40:00,139.59,139.63,138.89,138.93,8899.265
2025-11-30 13:45:00,138.93,139.23,138.87,138.99,6284.032
2025-11-30 13:50:00,138.99,139.2,138.93,139.19,4272.684
2025-11-30 13:55:00,139.19,139.35,139.09,139.24,2358.785
2025-11-30 14:00:00,139.24,139.42,139.14,139.28,4416.595
2025-11-30 14:05:00,139.28,139.35,139.07,139.18,1902.477
2025-11-30 14:10:00,139.18,139.33,139.1,139.33,2279.565
2025-11-30 14:15:00,139.33,139.46,138.81,138.82,5885.944
2025-11-30 14:20:00,138.82,138.94,138.58,138.85,8235.471
2025-11-30 14:25:00,138.85,138.93,138.71,138.79,7922.681
2025-11-30 14:30:00,138.79,138.86,138.56,138.65,5340.982
2025-11-30 14:35:00,138.65,138.68,138.2,138.26,9352.558
2025-11-30 14:40:00,138.26,138.36,138.16,138.31,7488.758
2025-11-30 14:45:00,138.31,138.46,138.18,138.42,4526.139
2025-11-30 14:50:00,138.42,138.48,138.24,138.4,4523.493
2025-11-30 14:55:00,138.4,138.55,138.33,138.5,1105.35
2025-11-30 15:00:00,138.5,138.52,137.98,137.98,2049.518
2025-11-30 15:05:00,137.98,137.99,137.5,137.75,4978.413
2025-11-30 15:10:00,137.75,137.88,137.67,137.75,2325.196
2025-11-30 15:15:00,137.75,137.96,137.71,137.96,2120.898
2025-11-30 15:20:00,137.96,138.32,137.95,138.32,2116.552
2025-11-30 15:25:00,138.32,138.4,138.24,138.28,1006.941
2025-11-30 15:30:00,138.28,138.28,137.94,137.97,1579.483
2025-11-30 15:35:00,137.97,138.09,137.88,138.09,1836.813
2025-11-30 15:40:00,138.09,138.17,137.99,138.09,1545.39
2025-11-30 15:45:00,138.09,138.3,138.0,138.2,3794.118
2025-11-30 15:50:00,138.2,138.33,138.11,138.3,2650.786
2025-11-30 15:55:00,138.3,138.4,138.25,138.34,837.523
2025-11-30 16:00:00,138.34,138.55,138.31,138.43,1649.179
2025-11-30 16:05:00,138.43,138.54,138.31,138.45,1550.59
2025-11-30 16:10:00,138.45,138.84,138.44,138.84,4853.229
2025-11-30 16:15:00,138.84,139.03,138.68,138.9,2947.039
2025-11-30 16:20:00,138.9,139.35,138.89,139.2,3979.239
2025-11-30 16:25:00,139.2,139.47,139.19,139.38,4134.011
2025-11-30 16:30:00,139.38,139.51,139.17,139.19,3519.958
2025-11-30 16:35:00,139.19,139.52,139.17,139.52,2522.246
2025-11-30 16:40:00,139.52,139.75,139.44,139.62,2702.874
2025-11-30 16:45:00,139.62,139.8,139.54,139.8,1915.717
2025-11-30 16:50:00,139.8,139.82,139.46,139.46,4228.198
2025-11-30 16:55:00,139.46,139.61,139.4,139.52,2803.92
2025-11-30 17:00:00,139.52,139.52,138.94,138.95,5617.236
2025-11-30 17:05:00,138.95,139.17,138.95,139.0,4699.35
2025-11-30 17:10:00,139.0,139.01,138.58,138.72,9074.495
2025-11-30 17:15:00,138.72,138.98,138.69,138.89,2284.805
2025-11-30 17:20:00,138.89,138.89,138.69,138.77,1564.124
2025-11-30 17:25:00,138.77,138.83,138.57,138.83,2598.905
2025-11-30 17:30:00,138.83,138.96,138.63,138.63,1149.073
2025-11-30 17:35:00,138.63,138.86,138.35,138.8,2369.433
2025-11-30 17:40:00,138.8,138.95,138.68,138.7,1021.197
2025-11-30 17:45:00,138.7,138.82,138.52,138.66,1736.263
2025-11-30 17:50:00,138.66,138.69,138.41,138.43,1115.368
2025-11-30 17:55:00,138.43,138.47,138.38,138.45,914.521
2025-11-30 18:00:00,138.45,138.61,138.37,138.37,2341.995
2025-11-30 18:05:00,138.37,138.41,138.01,138.03,4111.562
2025-11-30 18:10:00,138.03,138.09,137.94,138.02,2122.415
2025-11-30 18:15:00,138.02,138.12,137.84,138.0,1913.582
2025-11-30 18:20:00,138.0,138.27,137.95,138.24,2593.234
2025-11-30 18:25:00,138.24,138.3,138.16,138.17,1410.103
2025-11-30 18:30:00,138.17,138.35,138.08,138.22,1690.401
2025-11-30 18:35:00,138.22,138.26,138.15,138.25,1632.523
2025-11-30 18:40:00,138.25,138.25,137.98,138.08,3408.188
2025-11-30 18:45:00,138.08,138.37,138.08,138.36,1961.845
2025-11-30 18:50:00,138.36,138.62,138.34,138.53,3311.784
2025-11-30 18:55:00,138.53,138.65,138.53,138.62,1232.323
2025-11-30 19:00:00,138.62,138.68,138.47,138.49,3569.946
2025-11-30 19:05:00,138.49,138.58,138.45,138.48,1744.295
2025-11-30 19:10:00,138.48,138.5,138.38,138.39,1970.54
2025-11-30 19:15:00,138.39,138.44,138.27,138.28,1560.801
2025-11-30 19:20:00,138.28,138.34,138.09,138.11,2002.168
2025-11-30 19:25:00,138.11,138.15,137.88,137.89,2829.422
2025-11-30 19:30:00,137.89,137.89,137.46,137.49,6058.247
2025-11-30 19:35:00,137.49,137.82,137.49,137.73,3701.356
2025-11-30 19:40:00,137.73,137.76,137.58,137.62,1797.127
2025-11-30 19:45:00,137.62,137.8,137.54,137.57,3210.434
2025-11-30 19:50:00,137.57,137.6,137.4,137.57,3334.981
2025-11-30 19:55:00,137.57,137.71,137.57,137.64,2243.741
2025-11-30 20:00:00,137.64,137.75,137.55,137.75,3256.545
2025-11-30 20:05:00,137.75,137.94,137.75,137.85,2086.956
2025-11-30 20:10:00,137.85,137.91,137.81,137.82,2386.119
2025-11-30 20:15:00,137.82,137.82,137.64,137.69,2930.104
2025-11-30 20:20:00,137.69,137.7,137.36,137.45,2880.702
2025-11-30 20:25:00,137.45,137.51,137.19,137.22,3146.261
2025-11-30 20:30:00,137.22,137.23,136.96,136.96,3511.419
2025-11-30 20:35:00,136.96,137.05,136.94,136.96,3833.609
2025-11-30 20:40:00,136.96,137.11,136.88,137.09,2119.906
2025-11-30 20:45:00,137.09,137.4,137.08,137.26,2450.539
2025-11-30 20:50:00,137.26,137.26,137.1,137.16,1861.91
2025-11-30 20:55:00,137.16,137.34,137.16,137.3,1137.66
2025-11-30 21:00:00,137.3,137.3,137.11,137.24,1578.054
2025-11-30 21:05:00,137.24,137.4,137.15,137.15,1052.694
2025-11-30 21:10:00,137.15,137.16,136.8,137.1,3557.913
2025-11-30 21:15:00,137.1,137.19,136.83,136.83,2693.976
2025-11-30 21:20:00,136.83,136.85,136.62,136.76,3314.487
2025-11-30 21:25:00,136.76,136.96,136.74,136.94,2110.344
2025-11-30 21:30:00,136.94,137.17,136.91,137.14,1518.185
2025-11-30 21:35:00,137.14,137.25,137.04,137.06,1319.064
2025-11-30 21:40:00,137.06,137.06,136.93,137.0,1786.77
2025-11-30 21:45:00,137.0,137.23,136.91,136.92,1640.674
2025-11-30 21:50:00,136.92,137.11,136.8,137.11,2248.37
2025-11-30 21:55:00,137.11,137.18,137.04,137.04,913.103
2025-11-30 22:00:00,137.04,137.35,137.0,137.3,3414.273
2025-11-30 22:05:00,137.3,137.52,137.26,137.51,1687.43
2025-11-30 22:10:00,137.51,137.78,137.5,137.68,1624.063
2025-11-30 22:15:00,137.68,137.79,137.53,137.59,2163.928
2025-11-30 22:20:00,137.59,137.76,137.58,137.7,2047.475
2025-11-30 22:25:00,137.7,137.71,137.6,137.64,1329.332
2025-11-30 22:30:00,137.64,137.64,137.34,137.39,1823.019
2025-11-30 22:35:00,137.39,137.46,137.11,137.28,1624.18
2025-11-30 22:40:00,137.28,137.67,137.27,137.45,1928.97
2025-11-30 22:45:00,137.45,137.49,137.2,137.37,879.264
2025-11-30 22:50:00,137.37,137.57,137.37,137.57,709.047
2025-11-30 22:55:00,137.57,137.88,137.51,137.73,664.173
2025-11-30 23:00:00,137.73,137.79,137.22,137.25,1951.165
2025-11-30 23:05:00,137.25,137.31,136.76,136.8,3051.789
2025-11-30 23:10:00,136.8,137.03,136.79,136.98,3444.318
2025-11-30 23:15:00,136.98,137.07,136.64,136.64,2335.139
2025-11-30 23:20:00,136.64,136.71,136.49,136.6,2925.674
2025-11-30 23:25:00,136.6,136.6,135.67,135.77,11505.557
2025-11-30 23:30:00,135.77,135.79,135.07,135.23,14501.942
2025-11-30 23:35:00,135.23,135.43,135.01,135.22,6671.451
2025-11-30 23:40:00,135.22,135.27,135.04,135.19,6259.1
2025-11-30 23:45:00,135.19,135.36,135.02,135.03,4908.331
2025-11-30 23:50:00,135.03,135.11,133.75,133.8,17233.736
2025-11-30 23:55:00,133.8,133.87,133.3,133.52,15759.16
2025-12-01 00:00:00,133.52,133.73,132.65,133.25,11120.636
2025-12-01 00:05:00,133.25,133.29,130.83,131.5,59556.95
2025-12-01 00:10:00,131.5,132.0,130.7,130.94,33682.644
2025-12-01 00:15:00,130.94,131.39,130.42,130.49,22232.64
2025-12-01 00:20:00,130.49,130.79,129.44,130.22,21464.781
2025-12-01 00:25:00,130.22,130.72,129.84,129.95,11502.966
2025-12-01 00:30:00,129.95,130.29,128.89,129.42,24140.162
2025-12-01 00:35:00,129.42,129.67,128.65,129.08,14689.12
2025-12-01 00:40:00,129.08,129.72,128.68,128.68,17635.224
2025-12-01 00:45:00,128.68,128.9,128.21,128.67,16212.436
2025-12-01 00:50:00,128.67,128.72,127.73,127.84,19662.918
2025-12-01 00:55:00,127.84,128.35,127.53,127.56,11104.715
2025-12-01 01:00:00,127.56,128.69,127.49,128.44,11794.273
2025-12-01 01:05:00,128.44,129.32,128.39,128.67,11896.793
2025-12-01 01:10:00,128.67,128.86,128.23,128.41,8194.791
2025-12-01 01:15:00,128.41,128.98,128.35,128.58,8325.356
2025-12-01 01:20:00,128.58,128.89,128.25,128.26,5406.758
2025-12-01 01:25:00,128.26,128.51,128.05,128.13,5298.675
2025-12-01 01:30:00,128.13,128.49,128.0,128.13,7896.894
2025-12-01 01:35:00,128.13,128.75,128.1,128.19,3968.477
2025-12-01 01:40:00,128.19,128.5,128.03,128.28,3611.397
2025-12-01 01:45:00,128.28,128.35,128.08,128.08,3635.378
2025-12-01 01:50:00,128.08,128.18,127.84,127.87,4473.351
2025-12-01 01:55:00,127.87,128.18,127.77,127.95,3756.24
2025-12-01 02:00:00,127.95,128.42,127.79,128.33,6732.377
2025-12-01 02:05:00,128.33,128.59,128.02,128.17,6664.022
2025-12-01 02:10:00,128.17,128.65,128.02,128.29,3991.062
2025-12-01 02:15:00,128.29,128.48,128.18,128.18,4533.486
2025-12-01 02:20:00,128.18,128.21,127.95,127.95,3731.509
2025-12-01 02:25:00,127.95,128.16,127.91,127.91,2911.515
2025-12-01 02:30:00,127.91,128.27,127.88,128.2,4730.128
2025-12-01 02:35:00,128.2,128.33,127.57,127.98,16482.521
2025-12-01 02:40:00,127.98,128.44,127.97,128.2,8248.819
2025-12-01 02:45:00,128.2,128.2,127.49,127.52,9991.645
2025-12-01 02:50:00,127.52,127.76,127.51,127.72,4643.724
2025-12-01 02:55:00,127.72,127.85,127.59,127.59,2860.997
2025-12-01 03:00:00,127.59,127.59,127.04,127.3,7550.553
2025-12-01 03:05:00,127.3,127.46,126.72,126.76,7118.9
2025-12-01 03:10:00,126.76,127.01,126.7,126.96,5158.887
2025-12-01 03:15:00,126.96,127.2,126.63,126.83,7999.3
2025-12-01 03:20:00,126.83,127.2,126.82,127.08,3381.466
2025-12-01 03:25:00,127.08,127.21,126.93,127.03,3285.404
2025-12-01 03:30:00,127.03,127.07,126.82,126.89,3596.554
2025-12-01 03:35:00,126.89,127.07,126.55,126.77,4634.776
2025-12-01 03:40:00,126.77,127.26,126.77,127.26,3946.039
2025-12-01 03:45:00,127.26,127.31,126.9,126.95,1988.916
2025-12-01 03:50:00,126.95,127.12,126.84,126.95,2458.314
2025-12-01 03:55:00,126.95,127.19,126.92,127.0,1261.649
2025-12-01 04:00:00,127.0,127.05,126.76,126.85,13056.409
2025-12-01 04:05:00,126.85,127.02,126.68,126.77,2417.257
2025-12-01 04:10:00,126.77,127.0,126.58,126.64,3974.487
2025-12-01 04:15:00,126.64,127.04,126.46,126.88,5032.312
2025-12-01 04:20:00,126.88,126.99,126.7,126.93,2437.623
2025-12-01 04:25:00,126.93,126.93,126.65,126.8,3461.077
2025-12-01 04:30:00,126.8,126.92,126.63,126.87,2510.127
2025-12-01 04:35:00,126.87,126.9,126.3,126.74,4395.677
2025-12-01 04:40:00,126.74,126.82,126.52,126.6,4895.41
2025-12-01 04:45:00,126.6,126.64,126.33,126.41,2025.359
2025-12-01 04:50:00,126.41,126.59,126.18,126.26,2621.072
2025-12-01 04:55:00,126.26,126.53,126.26,126.38,1585.971
2025-12-01 05:00:00,126.38,126.53,126.19,126.34,3539.797
2025-12-01 05:05:00,126.34,126.41,125.95,126.41,9098.321
2025-12-01 05:10:00,126.41,126.58,126.07,126.09,4008.268
2025-12-01 05:15:00,126.09,126.12,125.86,125.92,3455.991
2025-12-01 05:20:00,125.92,126.28,125.83,126.27,3491.786
2025-12-01 05:25:00,126.27,126.51,126.22,126.48,3216.726
2025-12-01 05:30:00,126.48,126.48,126.14,126.33,2355.956
2025-12-01 05:35:00,126.33,126.33,125.85,125.94,3099.91
2025-12-01 05:40:00,125.94,126.09,125.87,126.01,1346.559
2025-12-01 05:45:00,126.01,126.37,126.0,126.3,3052.054
2025-12-01 05:50:00,126.3,126.38,126.18,126.2,3131.69
2025-12-01 05:55:00,126.2,126.25,126.07,126.11,1464.841
2025-12-01 06:00:00,126.11,126.52,126.05,126.37,4085.532
2025-12-01 06:05:00,126.37,126.37,126.11,126.22,2694.227
2025-12-01 06:10:00,126.22,126.54,126.21,126.52,2550.243
2025-12-01 06:15:00,126.52,126.66,126.32,126.32,4146.804
2025-12-01 06:20:00,126.32,126.45,126.19,126.36,2040.547
2025-12-01 06:25:00,126.36,126.42,126.21,126.39,1882.054
2025-12-01 06:30:00,126.39,126.5,126.22,126.4,1668.466
2025-12-01 06:35:00,126.4,126.81,126.3,126.71,2312.9
2025-12-01 06:40:00,126.71,126.79,126.58,126.73,1611.031
2025-12-01 06:45:00,126.73,126.86,126.65,126.7,2363.522
2025-12-01 06:50:00,126.7,126.7,126.51,126.56,1723.938
2025-12-01 06:55:00,126.56,126.82,126.55,126.73,2082.66
2025-12-01 07:00:00,126.73,126.79,126.56,126.66,2253.59
2025-12-01 07:05:00,126.66,126.67,126.4,126.6,3191.783
2025-12-01 07:10:00,126.6,126.71,126.45,126.57,2854.59
2025-12-01 07:15:00,126.57,126.61,126.45,126.49,2651.858
2025-12-01 07:20:00,126.49,126.6,126.33,126.56,2182.439
2025-12-01 07:25:00,126.56,126.81,126.54,126.75,2319.853
2025-12-01 07:30:00,126.75,126.92,126.65,126.91,2436.089
2025-12-01 07:35:00,126.91,127.16,126.78,126.96,3879.046
2025-12-01 07:40:00,126.96,127.16,126.87,127.12,3882.212
2025-12-01 07:45:00,127.12,127.27,127.06,127.27,5666.824
2025-12-01 07:50:00,127.27,127.4,127.11,127.24,4192.95
2025-12-01 07:55:00,127.24,127.47,127.24,127.43,2738.197
2025-12-01 08:00:00,127.43,127.43,127.02,127.03,4885.854
2025-12-01 08:05:00,127.03,127.59,127.01,127.45,6220.355
2025-12-01 08:10:00,127.45,127.45,127.05,127.22,4918.231
2025-12-01 08:15:00,127.22,127.47,127.19,127.42,2926.173
2025-12-01 08:20:00,127.42,127.47,127.21,127.22,2545.094
2025-12-01 08:25:00,127.22,127.45,127.19,127.44,1547.529
2025-12-01 08:30:00,127.44,127.47,127.28,127.46,2896.58
2025-12-01 08:35:00,127.46,127.74,127.46,127.61,3707.249
2025-12-01 08:40:00,127.61,127.79,127.58,127.72,2789.539
2025-12-01 08:45:00,127.72,127.83,127.61,127.77,2517.092
2025-12-01 08:50:00,127.77,127.78,127.6,127.6,2123.234
2025-12-01 08:55:00,127.6,127.78,127.57,127.74,2792.102
2025-12-01 09:00:00,127.74,128.03,127.47,127.47,6579.209
2025-12-01 09:05:00,127.47,127.71,127.24,127.29,4941.984
2025-12-01 09:10:00,127.29,127.29,127.04,127.2,6320.787
2025-12-01 09:15:00,127.2,127.33,127.12,127.16,2561.755
2025-12-01 09:20:00,127.16,127.29,127.0,127.17,2759.634
2025-12-01 09:25:00,127.17,127.28,127.01,127.23,2137.112
2025-12-01 09:30:00,127.23,127.48,127.17,127.45,2414.853
2025-12-01 09:35:00,127.45,127.47,127.21,127.24,1724.647
2025-12-01 09:40:00,127.24,127.41,127.2,127.38,2405.994
2025-12-01 09:45:00,127.38,127.42,127.02,127.04,2603.375
2025-12-01 09:50:00,127.04,127.13,126.9,126.94,4286.312
2025-12-01 09:55:00,126.94,127.04,126.91,127.02,2339.076
2025-12-01 10:00:00,127.02,127.3,127.02,127.26,1818.432
2025-12-01 10:05:00,127.26,127.56,127.21,127.47,1417.581
2025-12-01 10:10:00,127.47,127.48,127.24,127.25,1606.269
2025-12-01 10:15:00,127.25,127.35,127.21,127.32,981.831
2025-12-01 10:20:00,127.32,127.36,127.2,127.36,1796.033
2025-12-01 10:25:00,127.36,127.41,127.3,127.39,1112.677
2025-12-01 10:30:00,127.39,127.51,127.22,127.3,1678.446
2025-12-01 10:35:00,127.3,127.42,127.26,127.31,993.89
2025-12-01 10:40:00,127.31,127.41,127.24,127.27,1323.478
2025-12-01 10:45:00,127.27,127.32,127.09,127.1,1425.487
2025-12-01 10:50:00,127.1,127.14,126.97,127.13,1375.316
2025-12-01 10:55:00,127.13,127.25,127.06,127.25,1122.662
2025-12-01 11:00:00,127.25,127.38,127.08,127.08,1399.995
2025-12-01 11:05:00,127.08,127.08,126.94,126.99,1825.591
2025-12-01 11:10:00,126.99,127.07,126.91,126.96,2426.535
2025-12-01 11:15:00,126.96,127.2,126.96,127.13,2306.435
2025-12-01 11:20:00,127.13,127.18,127.01,127.16,1857.137
2025-12-01 11:25:00,127.16,127.35,127.11,127.19,1722.52
2025-12-01 11:30:00,127.19,127.19,127.06,127.14,3049.125
2025-12-01 11:35:00,127.14,127.26,127.06,127.26,1443.65
2025-12-01 11:40:00,127.26,127.27,127.08,127.11,1712.655
2025-12-01 11:45:00,127.11,127.22,127.06,127.16,668.172
2025-12-01 11:50:00,127.16,127.21,127.02,127.14,923.184
2025-12-01 11:55:00,127.14,127.23,127.08,127.13,981.4
2025-12-01 12:00:00,127.13,127.19,126.82,126.96,4131.757
2025-12-01 12:05:00,126.96,127.05,126.73,126.84,5578.757
2025-12-01 12:10:00,126.84,126.94,126.57,126.68,6880.312
2025-12-01 12:15:00,126.68,126.84,126.51,126.59,4017.193
2025-12-01 12:20:00,126.59,126.81,126.52,126.7,2091.482
2025-12-01 12:25:00,126.7,126.75,126.39,126.51,1477.864
2025-12-01 12:30:00,126.51,126.57,126.13,126.14,5559.736
2025-12-01 12:35:00,126.14,126.55,126.14,126.2,5401.475
2025-12-01 12:40:00,126.2,126.2,125.68,126.09,10694.738
2025-12-01 12:45:00,126.09,126.23,125.46,125.67,8652.799
2025-12-01 12:50:00,125.67,126.96,125.61,126.68,10199.496
2025-12-01 12:55:00,126.68,126.86,126.46,126.59,7235.355
2025-12-01 13:00:00,126.59,127.64,126.5,127.32,9647.833
2025-12-01 13:05:00,127.32,127.56,126.97,127.49,5362.387
2025-12-01 13:10:00,127.49,127.72,127.32,127.65,4597.583
2025-12-01 13:15:00,127.65,127.71,127.25,127.26,3660.919
2025-12-01 13:20:00,127.26,127.34,127.06,127.11,2907.811
2025-12-01 13:25:00,127.11,127.22,127.01,127.13,2418.485
2025-12-01 13:30:00,127.13,127.15,126.26,126.27,7047.537
2025-12-01 13:35:00,126.27,126.65,126.14,126.32,2553.54
2025-12-01 13:40:00,126.32,126.53,126.25,126.35,1631.527
2025-12-01 13:45:00,126.35,126.52,126.27,126.34,1817.284
2025-12-01 13:50:00,126.34,126.7,126.19,126.56,2986.734
2025-12-01 13:55:00,126.56,126.59,126.32,126.48,2196.358
2025-12-01 14:00:00,126.48,127.04,126.44,126.99,2674.628
2025-12-01 14:05:00,126.99,127.0,126.22,126.69,3838.742
2025-12-01 14:10:00,126.69,126.79,126.27,126.32,9603.272
2025-12-01 14:15:00,126.32,126.34,126.0,126.11,3538.27
2025-12-01 14:20:00,126.11,126.41,126.06,126.19,2188.75
2025-12-01 14:25:00,126.19,126.57,126.13,126.51,2269.142
2025-12-01 14:30:00,126.51,126.53,125.58,126.38,8654.521
2025-12-01 14:35:00,126.38,127.09,126.38,126.59,6502.532
2025-12-01 14:40:00,126.59,126.67,126.11,126.13,4332.827
2025-12-01 14:45:00,126.13,126.37,125.77,125.86,9272.548
2025-12-01 14:50:00,125.86,126.35,125.73,126.15,3823.266
2025-12-01 14:55:00,126.15,126.67,126.12,126.12,3814.686
2025-12-01 15:00:00,126.12,126.31,125.61,125.72,4960.35
2025-12-01 15:05:00,125.72,125.96,125.65,125.91,2809.115
2025-12-01 15:10:00,125.91,126.12,125.32,125.4,5949.723
2025-12-01 15:15:00,125.4,125.82,125.14,125.31,11318.317
2025-12-01 15:20:00,125.31,125.4,124.83,124.87,9473.459
2025-12-01 15:25:00,124.87,124.9,124.49,124.64,13405.402
2025-12-01 15:30:00,124.64,124.69,123.22,123.32,16662.042
2025-12-01 15:35:00,123.32,124.08,123.25,123.74,24891.66
2025-12-01 15:40:00,123.74,123.85,123.21,123.33,8921.361
2025-12-01 15:45:00,123.33,124.34,123.12,124.34,16706.377
2025-12-01 15:50:00,124.34,125.8,124.33,125.3,21689.01
2025-12-01 15:55:00,125.3,125.34,124.9,125.1,8064.233
2025-12-01 16:00:00,125.1,125.32,124.74,124.77,7104.985
2025-12-01 16:05:00,124.77,124.9,124.17,124.26,7808.432
2025-12-01 16:10:00,124.26,124.53,124.2,124.27,4506.267
2025-12-01 16:15:00,124.27,124.35,123.7,124.15,15542.725
2025-12-01 16:20:00,124.15,124.43,123.92,124.1,5089.082
2025-12-01 16:25:00,124.1,124.41,123.96,124.01,6987.299
2025-12-01 16:30:00,124.01,124.3,123.84,124.03,4353.312
2025-12-01 16:35:00,124.03,124.76,123.53,124.65,10370.926
2025-12-01 16:40:00,124.65,124.78,124.03,124.05,4653.425
2025-12-01 16:45:00,124.05,124.3,123.88,123.93,4456.414
2025-12-01 16:50:00,123.93,124.01,123.46,123.51,3752.668
2025-12-01 16:55:00,123.51,123.65,123.4,123.53,3391.093
2025-12-01 17:00:00,123.53,124.19,123.52,124.18,4381.523
2025-12-01 17:05:00,124.18,124.43,124.01,124.01,3792.548
2025-12-01 17:10:00,124.01,124.23,123.9,123.95,2063.891
2025-12-01 17:15:00,123.95,124.24,123.64,124.22,4953.116
2025-12-01 17:20:00,124.22,124.38,124.06,124.36,2421.175
2025-12-01 17:25:00,124.36,124.77,124.36,124.57,4898.311
2025-12-01 17:30:00,124.57,124.59,124.02,124.04,3193.32
2025-12-01 17:35:00,124.04,124.44,124.0,124.3,5015.034
2025-12-01 17:40:00,124.3,124.74,124.23,124.73,4756.769
2025-12-01 17:45:00,124.73,124.98,124.59,124.77,5558.949
2025-12-01 17:50:00,124.77,124.82,124.55,124.79,6203.103
2025-12-01 17:55:00,124.79,124.8,124.41,124.44,5558.883
2025-12-01 18:00:00,124.44,124.65,124.44,124.51,3087.223
2025-12-01 18:05:00,124.51,124.56,124.06,124.25,3252.538
2025-12-01 18:10:00,124.25,125.21,124.25,125.1,6294.217
2025-12-01 18:15:00,125.1,125.25,124.87,125.23,4944.577
2025-12-01 18:20:00,125.23,125.31,124.78,125.03,5326.408
2025-12-01 18:25:00,125.03,125.09,124.77,124.89,3069.706
2025-12-01 18:30:00,124.89,124.93,124.34,124.5,3335.128
2025-12-01 18:35:00,124.5,124.53,124.24,124.33,3485.514
2025-12-01 18:40:00,124.33,124.39,123.94,124.02,3964.617
2025-12-01 18:45:00,124.02,124.17,123.84,123.96,3147.324
2025-12-01 18:50:00,123.96,124.16,123.77,124.02,3321.113
2025-12-01 18:55:00,124.02,124.68,124.02,124.53,5177.691
2025-12-01 19:00:00,124.53,124.61,124.22,124.42,1982.302
2025-12-01 19:05:00,124.42,124.42,123.78,124.07,6489.511
2025-12-01 19:10:00,124.07,124.29,124.07,124.22,3957.739
2025-12-01 19:15:00,124.22,124.26,123.78,123.85,6382.168
2025-12-01 19:20:00,123.85,123.94,123.6,123.84,5128.728
2025-12-01 19:25:00,123.84,123.85,123.48,123.56,3096.395
2025-12-01 19:30:00,123.56,123.64,123.3,123.51,2472.573
2025-12-01 19:35:00,123.51,124.03,123.41,123.82,2422.329
2025-12-01 19:40:00,123.82,123.96,123.65,123.66,1753.662
2025-12-01 19:45:00,123.66,123.93,123.57,123.89,5244.904
2025-12-01 19:50:00,123.89,124.01,123.7,123.96,1960.635
2025-12-01 19:55:00,123.96,124.03,123.79,123.88,940.868
2025-12-01 20:00:00,123.88,124.55,123.84,124.49,5393.267
2025-12-01 20:05:00,124.49,125.18,124.49,124.99,7607.7
2025-12-01 20:10:00,124.99,125.37,124.76,124.79,3357.054
2025-12-01 20:15:00,124.79,124.79,124.46,124.79,4016.465
2025-12-01 20:20:00,124.79,124.79,124.5,124.61,3073.629
2025-12-01 20:25:00,124.61,124.61,124.22,124.33,2998.31
2025-12-01 20:30:00,124.33,124.54,124.16,124.27,3381.225
2025-12-01 20:35:00,124.27,124.73,124.23,124.55,2528.907
2025-12-01 20:40:00,124.55,124.7,124.34,124.7,1945.962
2025-12-01 20:45:00,124.7,124.77,124.52,124.58,1993.977
2025-12-01 20:50:00,124.58,124.65,124.28,124.36,1816.99
2025-12-01 20:55:00,124.36,124.77,124.31,124.46,4683.272
2025-12-01 21:00:00,124.46,124.62,124.23,124.3,5848.901
2025-12-01 21:05:00,124.3,125.05,124.27,125.04,5066.109
2025-12-01 21:10:00,125.04,125.04,124.4,124.41,2718.034
2025-12-01 21:15:00,124.41,124.86,124.35,124.67,1932.9
2025-12-01 21:20:00,124.67,125.51,124.66,125.25,7445.181
2025-12-01 21:25:00,125.25,125.76,125.25,125.35,4747.08
2025-12-01 21:30:00,125.35,125.89,125.28,125.84,4064.624
2025-12-01 21:35:00,125.84,126.05,125.67,126.03,6395.13
2025-12-01 21:40:00,126.03,126.21,125.94,126.16,5878.896
2025-12-01 21:45:00,126.16,126.2,125.52,125.77,2943.678
2025-12-01 21:50:00,125.77,125.89,125.65,125.68,2137.394
2025-12-01 21:55:00,125.68,126.61,125.68,126.11,4164.733
2025-12-01 22:00:00,126.11,126.73,126.06,126.7,5294.346
2025-12-01 22:05:00,126.7,126.82,126.42,126.57,2934.249
2025-12-01 22:10:00,126.57,126.58,125.84,126.03,6770.508
2025-12-01 22:15:00,126.03,126.38,126.03,126.25,2300.133
2025-12-01 22:20:00,126.25,126.56,126.25,126.56,2208.926
2025-12-01 22:25:00,126.56,126.76,126.42,126.57,2374.189
2025-12-01 22:30:00,126.57,126.71,126.28,126.29,2272.399
2025-12-01 22:35:00,126.29,126.82,126.29,126.82,2815.102
2025-12-01 22:40:00,126.82,126.91,126.67,126.79,2615.783
2025-12-01 22:45:00,126.79,127.06,126.78,127.03,1481.041
2025-12-01 22:50:00,127.03,127.4,127.03,127.36,2945.603
2025-12-01 22:55:00,127.36,127.36,126.85,126.86,2812.764
2025-12-01 23:00:00,126.86,127.33,126.84,127.31,1572.719
2025-12-01 23:05:00,127.31,127.35,126.81,126.86,2368.625
2025-12-01 23:10:00,126.86,126.96,126.56,126.58,3162.687
2025-12-01 23:15:00,126.58,127.05,126.58,127.05,1957.879
2025-12-01 23:20:00,127.05,127.18,126.89,126.98,2993.367
2025-12-01 23:25:00,126.98,127.19,126.97,127.17,2165.161
2025-12-01 23:30:00,127.17,127.4,127.02,127.11,3331.221
2025-12-01 23:35:00,127.11,127.2,127.02,127.16,1829.203
2025-12-01 23:40:00,127.16,127.17,126.9,126.98,1136.679
2025-12-01 23:45:00,126.98,127.01,126.62,126.74,3235.132
2025-12-01 23:50:00,126.74,126.85,126.64,126.66,2941.041
2025-12-01 23:55:00,126.66,126.77,126.62,126.66,1687.471
2025-12-02 00:00:00,126.66,126.79,126.53,126.55,2717.711
2025-12-02 00:05:00,126.55,127.05,126.46,126.85,3822.252
2025-12-02 00:10:00,126.85,127.0,126.76,126.79,1848.027
2025-12-02 00:15:00,126.79,127.13,126.75,126.87,2763.505
2025-12-02 00:20:00,126.87,126.9,126.59,126.89,2627.439
2025-12-02 00:25:00,126.89,127.1,126.84,127.05,2307.654
2025-12-02 00:30:00,127.05,127.45,126.93,127.39,3891.204
2025-12-02 00:35:00,127.39,127.56,127.17,127.49,4349.182
2025-12-02 00:40:00,127.49,127.49,126.75,126.81,4253.646
2025-12-02 00:45:00,126.81,127.16,126.75,127.16,2470.47
2025-12-02 00:50:00,127.16,127.48,127.13,127.18,2570.836
2025-12-02 00:55:00,127.18,127.42,127.16,127.35,2777.313
2025-12-02 01:00:00,127.35,127.59,127.14,127.58,3158.214
2025-12-02 01:05:00,127.58,128.51,127.5,128.03,12117.606
2025-12-02 01:10:00,128.03,128.2,127.48,127.53,3701.549
2025-12-02 01:15:00,127.53,127.58,127.03,127.23,3157.426
2025-12-02 01:20:00,127.23,127.49,127.09,127.41,2000.255
2025-12-02 01:25:00,127.41,127.52,127.18,127.3,1863.554
2025-12-02 01:30:00,127.3,127.41,127.06,127.08,2681.933
2025-12-02 01:35:00,127.08,127.21,126.8,127.19,1931.792
2025-12-02 01:40:00,127.19,127.29,126.96,127.05,1357.805
2025-12-02 01:45:00,127.05,127.14,126.97,127.03,1337.834
2025-12-02 01:50:00,127.03,127.1,126.83,127.04,1025.64
2025-12-02 01:55:00,127.04,127.06,126.9,126.98,1065.847
2025-12-02 02:00:00,126.98,127.1,126.83,127.01,3071.175
2025-12-02 02:05:00,127.01,127.18,126.62,127.03,2750.788
2025-12-02 02:10:00,127.03,127.45,127.01,127.42,2639.125
2025-12-02 02:15:00,127.42,127.95,127.42,127.86,3151.719
2025-12-02 02:20:00,127.86,127.98,127.76,127.98,1515.968
2025-12-02 02:25:00,127.98,128.13,127.88,127.92,1968.689
2025-12-02 02:30:00,127.92,127.96,127.7,127.76,1320.996
2025-12-02 02:35:00,127.76,127.83,127.33,127.58,2380.829
2025-12-02 02:40:00,127.58,127.83,127.5,127.53,1997.423
2025-12-02 02:45:00,127.53,127.66,127.43,127.51,2221.398
2025-12-02 02:50:00,127.51,127.61,127.19,127.29,1642.046
2025-12-02 02:55:00,127.29,127.31,126.94,126.96,6433.396
2025-12-02 03:00:00,126.96,126.98,126.81,126.89,7214.547
2025-12-02 03:05:00,126.89,126.89,126.67,126.83,2633.139
2025-12-02 03:10:00,126.83,127.08,126.83,127.0,1274.575
2025-12-02 03:15:00,127.0,127.03,126.71,126.76,1141.765
2025-12-02 03:20:00,126.76,126.8,126.15,126.2,3093.75
2025-12-02 03:25:00,126.2,126.31,126.09,126.23,2723.128
2025-12-02 03:30:00,126.23,126.27,126.01,126.24,2086.312
2025-12-02 03:35:00,126.24,126.68,126.24,126.68,2896.66
2025-12-02 03:40:00,126.68,127.5,126.68,127.5,6211.505
2025-12-02 03:45:00,127.5,127.5,127.21,127.32,1815.132
2025-12-02 03:50:00,127.32,127.37,127.09,127.2,1862.66
2025-12-02 03:55:00,127.2,127.67,127.18,127.23,5745.872
2025-12-02 04:00:00,127.23,127.82,127.21,127.51,4804.972
2025-12-02 04:05:00,127.51,127.55,127.41,127.45,1536.2
2025-12-02 04:10:00,127.45,127.56,127.35,127.46,2002.319
2025-12-02 04:15:00,127.46,127.62,127.21,127.5,2899.123
2025-12-02 04:20:00,127.5,127.52,127.26,127.34,2974.331
2025-12-02 04:25:00,127.34,127.47,127.28,127.36,1513.693
2025-12-02 04:30:00,127.36,127.37,127.18,127.21,2002.881
2025-12-02 04:35:00,127.21,127.29,127.08,127.23,2938.363
2025-12-02 04:40:00,127.23,127.39,127.17,127.34,2613.575
2025-12-02 04:45:00,127.34,127.4,127.12,127.16,2727.494
2025-12-02 04:50:00,127.16,127.28,127.1,127.18,1665.788
2025-12-02 04:55:00,127.18,127.18,126.86,126.88,2094.302
2025-12-02 05:00:00,126.88,126.94,126.74,126.75,1612.706
2025-12-02 05:05:00,126.75,126.76,126.48,126.67,2922.651
2025-12-02 05:10:00,126.67,127.06,126.66,126.78,2969.729
2025-12-02 05:15:00,126.78,127.06,126.65,127.06,3317.762
2025-12-02 05:20:00,127.06,127.09,126.84,126.92,2802.37
2025-12-02 05:25:00,126.92,126.96,126.78,126.8,1037.073
2025-12-02 05:30:00,126.8,126.87,126.64,126.86,3726.151
2025-12-02 05:35:00,126.86,126.87,126.57,126.57,1920.329
2025-12-02 05:40:00,126.57,126.76,126.57,126.62,3142.821
2025-12-02 05:45:00,126.62,126.86,126.62,126.7,1400.759
2025-12-02 05:50:00,126.7,126.93,126.66,126.84,2198.477
2025-12-02 05:55:00,126.84,126.9,126.66,126.69,2334.052
2025-12-02 06:00:00,126.69,126.77,126.56,126.57,2062.547
2025-12-02 06:05:00,126.57,126.73,126.43,126.51,3639.48
2025-12-02 06:10:00,126.51,126.8,126.5,126.79,924.882
2025-12-02 06:15:00,126.79,127.15,126.67,127.05,1634.398
2025-12-02 06:20:00,127.05,127.1,126.73,126.96,1337.609
2025-12-02 06:25:00,126.96,127.19,126.92,127.19,1729.183
2025-12-02 06:30:00,127.19,127.44,127.19,127.42,1914.788
2025-12-02 06:35:00,127.42,127.54,127.27,127.5,2368.477
2025-12-02 06:40:00,127.5,127.57,127.45,127.45,2744.51
2025-12-02 06:45:00,127.45,127.47,127.35,127.39,1449.299
2025-12-02 06:50:00,127.39,127.72,127.31,127.72,863.914
2025-12-02 06:55:00,127.72,127.86,127.68,127.68,1788.649
2025-12-02 07:00:00,127.68,127.72,127.49,127.55,1197.793
2025-12-02 07:05:00,127.55,127.61,127.45,127.47,1703.152
2025-12-02 07:10:00,127.47,127.59,127.46,127.47,631.336
2025-12-02 07:15:00,127.47,127.59,127.43,127.59,1617.923
2025-12-02 07:20:00,127.59,127.62,127.46,127.47,1366.115
2025-12-02 07:25:00,127.47,127.59,127.45,127.52,779.627
2025-12-02 07:30:00,127.52,127.58,127.09,127.16,2357.838
2025-12-02 07:35:00,127.16,127.26,127.04,127.06,728.223
2025-12-02 07:40:00,127.06,127.19,127.0,127.11,695.215
2025-12-02 07:45:00,127.11,127.21,127.07,127.13,1538.88
2025-12-02 07:50:00,127.13,127.18,127.06,127.18,1433.15
2025-12-02 07:55:00,127.18,127.31,127.17,127.26,1206.96
2025-12-02 08:00:00,127.26,127.31,126.9,126.97,1564.486
2025-12-02 08:05:00,126.97,127.03,126.65,126.65,1590.956
2025-12-02 08:10:00,126.65,126.66,126.43,126.53,1592.242
2025-12-02 08:15:00,126.53,126.7,126.37,126.5,4024.497
2025-12-02 08:20:00,126.5,126.63,126.3,126.31,2557.064
2025-12-02 08:25:00,126.31,126.39,126.17,126.3,1550.87
2025-12-02 08:30:00,126.3,126.42,126.01,126.34,1872.109
2025-12-02 08:35:00,126.34,126.51,126.33,126.37,1235.344
2025-12-02 08:40:00,126.37,126.49,126.15,126.18,3013.112
2025-12-02 08:45:00,126.18,126.59,126.17,126.4,1740.027
2025-12-02 08:50:00,126.4,126.4,126.15,126.29,1713.05
2025-12-02 08:55:00,126.29,126.29,126.01,126.15,1470.375
2025-12-02 09:00:00,126.15,126.41,126.14,126.31,935.942
2025-12-02 09:05:00,126.31,127.09,126.25,126.84,3505.765
2025-12-02 09:10:00,126.84,127.08,126.83,126.85,2082.574
2025-12-02 09:15:00,126.85,126.88,126.48,126.48,1197.81
2025-12-02 09:20:00,126.48,126.83,126.45,126.83,1733.211
2025-12-02 09:25:00,126.83,127.17,126.81,127.08,4678.571
2025-12-02 09:30:00,127.08,127.08,126.76,126.78,1923.612
2025-12-02 09:35:00,126.78,126.79,126.47,126.5,2927.365
2025-12-02 09:40:00,126.5,126.7,126.49,126.57,2125.626
2025-12-02 09:45:00,126.57,126.87,126.51,126.84,2585.861
2025-12-02 09:50:00,126.84,126.95,126.76,126.81,2386.253
2025-12-02 09:55:00,126.81,126.85,126.62,126.78,1737.346
2025-12-02 10:00:00,126.78,126.99,126.71,126.82,2263.212
2025-12-02 10:05:00,126.82,127.07,126.82,127.01,2385.893
2025-12-02 10:10:00,127.01,127.13,126.94,127.0,3892.026
2025-12-02 10:15:00,127.0,127.07,126.8,126.97,1536.589
2025-12-02 10:20:00,126.97,127.03,126.86,126.95,1303.179
2025-12-02 10:25:00,126.95,127.14,126.93,126.94,953.916
2025-12-02 10:30:00,126.94,127.12,126.92,127.0,2109.504
2025-12-02 10:35:00,127.0,127.26,126.99,127.26,2150.963
2025-12-02 10:40:00,127.26,127.47,127.25,127.46,2130.718
2025-12-02 10:45:00,127.46,127.83,127.44,127.62,3794.599
2025-12-02 10:50:00,127.62,128.82,127.59,128.25,11977.336
2025-12-02 10:55:00,128.25,128.45,128.2,128.29,2622.83
2025-12-02 11:00:00,128.29,128.5,128.16,128.25,4804.299
2025-12-02 11:05:00,128.25,128.41,128.07,128.19,1347.04
2025-12-02 11:10:00,128.19,128.31,127.89,128.08,2496.636
2025-12-02 11:15:00,128.08,128.11,127.89,128.05,3532.715
2025-12-02 11:20:00,128.05,128.24,127.81,127.89,2887.1
2025-12-02 11:25:00,127.89,128.2,127.81,128.19,1406.864
2025-12-02 11:30:00,128.19,128.25,128.04,128.18,1623.678
2025-12-02 11:35:00,128.18,128.21,127.99,128.1,2097.734
2025-12-02 11:40:00,128.1,128.31,128.02,128.15,8083.425
2025-12-02 11:45:00,128.15,128.45,128.15,128.33,1321.057
2025-12-02 11:50:00,128.33,128.42,128.2,128.32,4233.857
2025-12-02 11:55:00,128.32,128.45,128.23,128.28,3577.047
2025-12-02 12:00:00,128.28,128.5,128.19,128.44,2232.355
2025-12-02 12:05:00,128.44,128.83,128.35,128.64,6737.256
2025-12-02 12:10:00,128.64,128.65,128.46,128.51,1912.141
2025-12-02 12:15:00,128.51,128.66,128.44,128.59,2311.067
2025-12-02 12:20:00,128.59,128.63,128.49,128.49,3020.67
2025-12-02 12:25:00,128.49,128.68,128.42,128.66,3350.231
2025-12-02 12:30:00,128.66,129.0,128.47,128.49,6917.011
2025-12-02 12:35:00,128.49,128.8,128.43,128.8,3153.302
2025-12-02 12:40:00,128.8,128.99,128.73,128.81,13642.446
2025-12-02 12:45:00,128.81,128.84,128.54,128.64,1687.238
2025-12-02 12:50:00,128.64,128.84,128.61,128.72,2305.277
2025-12-02 12:55:00,128.72,128.97,128.72,128.86,3129.095
2025-12-02 13:00:00,128.86,128.96,128.46,128.46,6194.968
2025-12-02 13:05:00,128.46,128.88,128.46,128.83,8899.323
2025-12-02 13:10:00,128.83,129.52,128.8,129.34,15849.049
2025-12-02 13:15:00,129.34,130.3,129.33,130.22,12135.016
2025-12-02 13:20:00,130.22,130.85,130.19,130.74,15007.815
2025-12-02 13:25:00,130.74,131.02,130.55,130.55,5759.482
2025-12-02 13:30:00,130.55,130.91,130.43,130.65,9572.073
2025-12-02 13:35:00,130.65,130.75,130.39,130.51,4139.816
2025-12-02 13:40:00,130.51,130.65,130.42,130.46,4535.99
2025-12-02 13:45:00,130.46,130.77,130.43,130.52,3914.015
2025-12-02 13:50:00,130.52,130.9,130.47,130.81,11594.98
2025-12-02 13:55:00,130.81,130.81,130.53,130.61,9720.799
2025-12-02 14:00:00,130.61,130.75,130.41,130.61,4453.391
2025-12-02 14:05:00,130.61,131.36,130.52,131.12,10807.771
2025-12-02 14:10:00,131.12,131.15,130.81,130.97,5151.074
2025-12-02 14:15:00,130.97,131.41,130.9,131.32,11910.308
2025-12-02 14:20:00,131.32,131.36,131.02,131.29,12639.336
2025-12-02 14:25:00,131.29,132.04,131.23,131.67,10515.937
2025-12-02 14:30:00,131.67,132.05,131.31,131.78,7377.196
2025-12-02 14:35:00,131.78,132.32,131.78,131.82,8238.845
2025-12-02 14:40:00,131.82,132.36,131.32,132.24,11031.906
2025-12-02 14:45:00,132.24,133.45,132.2,133.29,20143.821
2025-12-02 14:50:00,133.29,133.37,132.36,132.65,9880.733
2025-12-02 14:55:00,132.65,133.0,132.59,132.99,8089.803
2025-12-02 15:00:00,132.99,134.25,132.95,133.91,17869.1
2025-12-02 15:05:00,133.91,134.66,133.63,134.36,13867.783
2025-12-02 15:10:00,134.36,135.81,134.04,135.8,26004.501
2025-12-02 15:15:00,135.8,136.83,135.7,136.17,30447.664
2025-12-02 15:20:00,136.17,136.74,135.76,136.67,15868.238
2025-12-02 15:25:00,136.67,136.67,135.35,135.36,16511.996
2025-12-02 15:30:00,135.36,136.04,135.29,135.66,10984.687
2025-12-02 15:35:00,135.66,136.0,135.5,135.99,7856.436
2025-12-02 15:40:00,135.99,139.59,135.97,138.49,32848.248
2025-12-02 15:45:00,138.49,139.41,138.27,138.4,21105.501
2025-12-02 15:50:00,138.4,138.85,137.83,138.04,16790.873
2025-12-02 15:55:00,138.04,138.14,137.79,137.83,10816.506
2025-12-02 16:00:00,137.83,138.49,137.82,138.21,13302.777
2025-12-02 16:05:00,138.21,138.66,137.65,138.57,14551.875
2025-12-02 16:10:00,138.57,139.0,138.42,138.52,9682.83
2025-12-02 16:15:00,138.52,138.62,137.99,138.16,13255.755
2025-12-02 16:20:00,138.16,138.52,137.42,137.44,13130.497
2025-12-02 16:25:00,137.44,138.5,137.38,138.48,14373.577
2025-12-02 16:30:00,138.48,139.21,138.43,138.87,27039.513
2025-12-02 16:35:00,138.87,139.49,138.81,139.39,14110.416
2025-12-02 16:40:00,139.39,139.49,138.48,138.58,10199.623
2025-12-02 16:45:00,138.58,139.06,138.5,139.04,13198.099
2025-12-02 16:50:00,139.04,139.41,138.8,139.37,15168.819
2025-12-02 16:55:00,139.37,139.72,139.33,139.37,10753.947
2025-12-02 17:00:00,139.37,140.09,139.37,139.78,19944.899
2025-12-02 17:05:00,139.78,139.92,139.3,139.38,9445.704
2025-12-02 17:10:00,139.38,139.71,139.26,139.66,7479.335
2025-12-02 17:15:00,139.66,140.27,139.63,139.98,10232.25
2025-12-02 17:20:00,139.98,140.39,139.98,140.13,7563.282
2025-12-02 17:25:00,140.13,140.69,139.98,140.45,7060.087
2025-12-02 17:30:00,140.45,140.88,140.2,140.37,14400.666
2025-12-02 17:35:00,140.37,140.52,139.85,139.85,6498.872
2025-12-02 17:40:00,139.85,139.89,139.5,139.54,7859.843
2025-12-02 17:45:00,139.54,139.78,139.43,139.48,5523.636
2025-12-02 17:50:00,139.48,139.86,139.29,139.81,12980.52
2025-12-02 17:55:00,139.81,139.81,139.29,139.47,5093.058
2025-12-02 18:00:00,139.47,139.9,139.41,139.63,7292.202
2025-12-02 18:05:00,139.63,139.72,139.38,139.67,3993.018
2025-12-02 18:10:00,139.67,139.77,139.44,139.77,6677.89
2025-12-02 18:15:00,139.77,139.94,139.71,139.92,4590.855
2025-12-02 18:20:00,139.92,140.22,139.84,139.95,9687.294
2025-12-02 18:25:00,139.95,139.95,139.61,139.74,5191.671
2025-12-02 18:30:00,139.74,140.13,139.66,140.06,6504.492
2025-12-02 18:35:00,140.06,140.3,139.75,139.75,2866.744
2025-12-02 18:40:00,139.75,139.87,139.62,139.77,3681.679
2025-12-02 18:45:00,139.77,140.18,139.76,140.16,5020.913
2025-12-02 18:50:00,140.16,140.19,139.74,139.97,4200.578
2025-12-02 18:55:00,139.97,140.02,139.6,139.85,2010.373
2025-12-02 19:00:00,139.85,139.97,139.76,139.88,2288.154
2025-12-02 19:05:00,139.88,140.0,139.8,139.89,2410.036
2025-12-02 19:10:00,139.89,140.09,139.89,140.06,2868.676
2025-12-02 19:15:00,140.06,140.29,139.97,139.97,3456.008
2025-12-02 19:20:00,139.97,140.06,139.84,139.95,3514.735
2025-12-02 19:25:00,139.95,140.06,139.95,139.96,2012.414
2025-12-02 19:30:00,139.96,140.18,139.96,140.17,2902.987
2025-12-02 19:35:00,140.17,140.61,140.16,140.59,5049.498
2025-12-02 19:40:00,140.59,140.63,139.97,140.12,3376.58
2025-12-02 19:45:00,140.12,140.36,140.05,140.3,3820.17
2025-12-02 19:50:00,140.3,140.36,140.03,140.15,2557.798
2025-12-02 19:55:00,140.15,140.29,140.11,140.25,4741.531
2025-12-02 20:00:00,140.25,140.36,139.95,140.2,3579.728
2025-12-02 20:05:00,140.2,140.37,139.96,140.09,5015.285
2025-12-02 20:10:00,140.09,140.29,139.85,139.88,8323.172
2025-12-02 20:15:00,139.88,139.88,138.94,139.01,15822.769
2025-12-02 20:20:00,139.01,139.25,138.9,138.93,8420.188
2025-12-02 20:25:00,138.93,139.25,138.56,138.68,11055.0
2025-12-02 20:30:00,138.68,139.06,138.66,138.74,11414.326
2025-12-02 20:35:00,138.74,138.8,138.23,138.34,11030.644
2025-12-02 20:40:00,138.34,139.06,138.34,139.06,5224.765
2025-12-02 20:45:00,139.06,139.29,138.77,138.9,5785.975
2025-12-02 20:50:00,138.9,138.97,138.62,138.67,11994.437
2025-12-02 20:55:00,138.67,138.86,138.36,138.72,16146.397
2025-12-02 21:00:00,138.72,138.75,138.36,138.63,6018.272
2025-12-02 21:05:00,138.63,139.0,138.57,138.88,3201.282
2025-12-02 21:10:00,138.88,139.01,138.76,138.94,2278.483
2025-12-02 21:15:00,138.94,139.0,138.58,138.66,2460.059
2025-12-02 21:20:00,138.66,138.74,138.54,138.68,2051.626
2025-12-02 21:25:00,138.68,138.96,138.55,138.69,1568.136
2025-12-02 21:30:00,138.69,138.82,138.58,138.58,1413.757
2025-12-02 21:35:00,138.58,138.99,138.58,138.72,2666.892
2025-12-02 21:40:00,138.72,138.96,138.7,138.89,1365.581
2025-12-02 21:45:00,138.89,138.9,138.6,138.64,1484.448
2025-12-02 21:50:00,138.64,139.09,138.64,139.09,1745.886
2025-12-02 21:55:00,139.09,139.28,139.01,139.14,10054.411
2025-12-02 22:00:00,139.14,139.52,139.03,139.45,5776.14
2025-12-02 22:05:00,139.45,139.49,138.86,139.01,10775.724
2025-12-02 22:10:00,139.01,139.69,138.99,139.44,9339.917
2025-12-02 22:15:00,139.44,139.64,139.34,139.39,2550.37
2025-12-02 22:20:00,139.39,139.54,139.31,139.41,1925.108
2025-12-02 22:25:00,139.41,139.53,139.26,139.27,2105.623
2025-12-02 22:30:00,139.27,139.29,139.06,139.22,2434.049
2025-12-02 22:35:00,139.22,139.47,139.17,139.44,1716.601
2025-12-02 22:40:00,139.44,139.97,139.44,139.6,3071.052
2025-12-02 22:45:00,139.6,139.76,139.46,139.75,1426.116
2025-12-02 22:50:00,139.75,139.9,139.6,139.79,2411.399
2025-12-02 22:55:00,139.79,139.98,139.79,139.9,1923.321
2025-12-02 23:00:00,139.9,139.93,139.45,139.47,2542.218
2025-12-02 23:05:00,139.47,139.59,139.28,139.43,2584.518
2025-12-02 23:10:00,139.43,139.43,139.18,139.18,1427.61
2025-12-02 23:15:00,139.18,139.3,139.08,139.21,2196.104
2025-12-02 23:20:00,139.21,139.21,138.8,138.92,2436.717
2025-12-02 23:25:00,138.92,138.93,138.76,138.9,2331.166
2025-12-02 23:30:00,138.9,139.32,138.9,139.05,3355.996
2025-12-02 23:35:00,139.05,139.15,138.78,138.87,2039.702
2025-12-02 23:40:00,138.87,138.9,138.77,138.86,3522.352
2025-12-02 23:45:00,138.86,138.94,138.76,138.8,2554.773
2025-12-02 23:50:00,138.8,138.81,138.41,138.49,3738.975
2025-12-02 23:55:00,138.49,138.72,138.46,138.67,2602.886
2025-12-03 00:00:00,138.67,138.95,138.43,138.43,3989.114
2025-12-03 00:05:00,138.43,138.69,138.21,138.65,5678.301
2025-12-03 00:10:00,138.65,138.84,138.07,138.09,5673.882
2025-12-03 00:15:00,138.09,138.24,137.92,137.98,7085.841
2025-12-03 00:20:00,137.98,138.07,137.85,137.91,2761.661
2025-12-03 00:25:00,137.91,138.1,137.75,138.06,3144.191
2025-12-03 00:30:00,138.06,138.18,137.89,138.08,4661.324
2025-12-03 00:35:00,138.08,138.29,137.97,138.14,3259.062
2025-12-03 00:40:00,138.14,138.69,138.09,138.69,5753.996
2025-12-03 00:45:00,138.69,138.73,138.34,138.55,12871.847
2025-12-03 00:50:00,138.55,138.72,138.3,138.37,2411.45
2025-12-03 00:55:00,138.37,138.37,138.08,138.14,2437.459
2025-12-03 01:00:00,138.14,138.26,137.88,137.9,2470.505
2025-12-03 01:05:00,137.9,138.34,137.89,138.13,2790.16
2025-12-03 01:10:00,138.13,138.55,138.13,138.26,1936.33
2025-12-03 01:15:00,138.26,138.3,138.06,138.24,7237.156
2025-12-03 01:20:00,138.24,138.4,138.04,138.33,4355.76
2025-12-03 01:25:00,138.33,138.53,138.3,138.46,3210.926
2025-12-03 01:30:00,138.46,138.72,138.43,138.65,7137.935
2025-12-03 01:35:00,138.65,138.79,138.56,138.57,1909.8
2025-12-03 01:40:00,138.57,138.7,138.42,138.48,4059.722
2025-12-03 01:45:00,138.48,138.73,138.36,138.72,1807.291
2025-12-03 01:50:00,138.72,139.22,138.7,138.95,4127.169
2025-12-03 01:55:00,138.95,139.04,138.76,138.87,2274.21
2025-12-03 02:00:00,138.87,139.75,138.79,139.53,3295.698
2025-12-03 02:05:00,139.53,139.53,138.9,139.17,2824.858
2025-12-03 02:10:00,139.17,139.82,139.16,139.81,7413.265
2025-12-03 02:15:00,139.81,139.88,139.47,139.64,3728.679
2025-12-03 02:20:00,139.64,139.97,139.41,139.97,2816.68
2025-12-03 02:25:00,139.97,140.3,139.93,140.21,6705.674
2025-12-03 02:30:00,140.21,140.21,139.77,140.03,4241.673
2025-12-03 02:35:00,140.03,140.12,139.87,140.04,2871.367
2025-12-03 02:40:00,140.04,140.08,139.92,139.95,1926.705
2025-12-03 02:45:00,139.95,139.97,139.57,139.86,3922.164
2025-12-03 02:50:00,139.86,139.91,139.73,139.91,1323.158
2025-12-03 02:55:00,139.91,140.05,139.88,140.02,1927.375
2025-12-03 03:00:00,140.02,140.62,139.88,140.08,8600.486
2025-12-03 03:05:00,140.08,140.11,139.78,140.04,2315.51
2025-12-03 03:10:00,140.04,140.15,139.89,140.15,1044.338
2025-12-03 03:15:00,140.15,140.48,140.08,140.45,3814.523
2025-12-03 03:20:00,140.45,140.61,140.27,140.27,3314.841
2025-12-03 03:25:00,140.27,140.49,140.24,140.42,1959.151
2025-12-03 03:30:00,140.42,140.45,140.14,140.18,2010.89
2025-12-03 03:35:00,140.18,140.37,140.15,140.26,2031.073
2025-12-03 03:40:00,140.26,140.29,140.13,140.23,1571.802
2025-12-03 03:45:00,140.23,140.51,140.12,140.47,2966.115
2025-12-03 03:50:00,140.47,140.48,140.31,140.32,2114.166
2025-12-03 03:55:00,140.32,140.39,140.26,140.35,2313.35
2025-12-03 04:00:00,140.35,140.46,140.18,140.4,1833.208
2025-12-03 04:05:00,140.4,140.53,140.3,140.41,2526.949
2025-12-03 04:10:00,140.41,140.51,140.24,140.38,3937.434
2025-12-03 04:15:00,140.38,140.7,140.27,140.62,1906.886
2025-12-03 04:20:00,140.62,141.47,140.51,141.47,10126.8
2025-12-03 04:25:00,141.47,141.69,140.91,140.98,14046.024
2025-12-03 04:30:00,140.98,141.26,140.88,141.26,4413.781
2025-12-03 04:35:00,141.26,141.69,141.17,141.48,4370.225
2025-12-03 04:40:00,141.48,141.93,141.43,141.86,5211.536
2025-12-03 04:45:00,141.86,142.47,141.72,142.28,11698.67
2025-12-03 04:50:00,142.28,142.5,142.1,142.31,6957.383
2025-12-03 04:55:00,142.31,142.42,142.02,142.27,4094.305
2025-12-03 05:00:00,142.27,142.77,142.2,142.71,7096.025
2025-12-03 05:05:00,142.71,143.25,142.53,143.21,13002.531
2025-12-03 05:10:00,143.21,143.21,142.61,142.65,7458.515
2025-12-03 05:15:00,142.65,142.68,142.32,142.33,6914.338
2025-12-03 05:20:00,142.33,142.45,142.23,142.27,2372.299
2025-12-03 05:25:00,142.27,142.52,142.24,142.45,2526.717
2025-12-03 05:30:00,142.45,142.79,142.17,142.68,4964.363
2025-12-03 05:35:00,142.68,143.05,142.53,142.99,3986.052
2025-12-03 05:40:00,142.99,143.15,142.61,142.67,8762.961
2025-12-03 05:45:00,142.67,142.92,142.58,142.88,1861.452
2025-12-03 05:50:00,142.88,143.11,142.79,142.95,2799.86
2025-12-03 05:55:00,142.95,143.16,142.94,143.05,3405.402
2025-12-03 06:00:00,143.05,143.33,142.78,143.19,6806.689
2025-12-03 06:05:00,143.19,143.48,143.09,143.27,4159.421
2025-12-03 06:10:00,143.27,143.31,143.02,143.19,5035.009
2025-12-03 06:15:00,143.19,143.52,143.17,143.46,4675.213
2025-12-03 06:20:00,143.46,143.95,143.33,143.93,4913.956
2025-12-03 06:25:00,143.93,143.94,143.44,143.87,4791.132
2025-12-03 06:30:00,143.87,144.21,143.7,143.85,12744.9
2025-12-03 06:35:00,143.85,143.86,143.43,143.54,2493.475
2025-12-03 06:40:00,143.54,143.54,142.63,142.78,6409.096
2025-12-03 06:45:00,142.78,142.86,142.35,142.45,5181.998
2025-12-03 06:50:00,142.45,142.7,142.45,142.53,2535.228
2025-12-03 06:55:00,142.53,142.61,142.39,142.43,2430.201
2025-12-03 07:00:00,142.43,142.44,142.11,142.15,3356.888
2025-12-03 07:05:00,142.15,142.28,141.95,142.28,4266.084
2025-12-03 07:10:00,142.28,142.42,142.17,142.23,1491.638
2025-12-03 07:15:00,142.23,142.29,142.06,142.11,3265.861
2025-12-03 07:20:00,142.11,142.56,142.11,142.56,2111.893
2025-12-03 07:25:00,142.56,142.56,142.27,142.28,1827.06
2025-12-03 07:30:00,142.28,142.31,142.12,142.24,987.381
2025-12-03 07:35:00,142.24,142.24,141.96,142.02,2423.954
2025-12-03 07:40:00,142.02,142.2,142.02,142.16,2033.481
2025-12-03 07:45:00,142.16,142.29,141.9,142.29,2254.321
2025-12-03 07:50:00,142.29,142.29,141.95,142.21,2874.025
2025-12-03 07:55:00,142.21,142.27,141.82,141.89,3251.04
2025-12-03 08:00:00,141.89,142.04,141.74,141.93,1351.819
2025-12-03 08:05:00,141.93,142.07,141.7,141.71,2264.645
2025-12-03 08:10:00,141.71,142.0,141.71,141.93,4610.39
2025-12-03 08:15:00,141.93,141.99,141.72,141.73,2879.654
2025-12-03 08:20:00,141.73,141.9,141.72,141.84,1632.874
2025-12-03 08:25:00,141.84,142.04,141.63,141.72,1332.253
2025-12-03 08:30:00,141.72,141.85,141.49,141.56,1877.966
2025-12-03 08:35:00,141.56,142.28,141.55,142.03,2419.978
2025-12-03 08:40:00,142.03,142.33,141.96,142.32,1164.358
2025-12-03 08:45:00,142.32,142.67,142.32,142.46,3795.89
2025-12-03 08:50:00,142.46,142.52,142.1,142.12,1871.717
2025-12-03 08:55:00,142.12,142.17,142.02,142.14,2209.84
2025-12-03 09:00:00,142.14,142.35,142.04,142.34,1896.303
2025-12-03 09:05:00,142.34,142.34,142.04,142.15,3671.192
2025-12-03 09:10:00,142.15,142.44,142.12,142.43,3126.551
2025-12-03 09:15:00,142.43,142.45,141.99,142.09,2172.308
2025-12-03 09:20:00,142.09,142.16,141.62,141.64,6757.576
2025-12-03 09:25:00,141.64,141.84,141.64,141.83,2046.085
2025-12-03 09:30:00,141.83,141.84,141.57,141.79,2707.408
2025-12-03 09:35:00,141.79,141.93,141.69,141.87,1388.75
2025-12-03 09:40:00,141.87,142.2,141.86,142.09,2733.801
2025-12-03 09:45:00,142.09,142.12,141.93,142.01,1464.946
2025-12-03 09:50:00,142.01,142.31,141.99,142.29,2442.677
2025-12-03 09:55:00,142.29,142.35,142.07,142.08,1338.436
2025-12-03 10:00:00,142.08,142.12,141.9,141.99,1424.905
2025-12-03 10:05:00,141.99,142.0,141.8,141.84,1461.967
2025-12-03 10:10:00,141.84,141.92,141.8,141.86,692.188
2025-12-03 10:15:00,141.86,142.01,141.81,142.0,874.426
2025-12-03 10:20:00,142.0,142.24,141.99,142.07,1677.606
2025-12-03 10:25:00,142.07,142.28,141.96,142.02,2191.469
2025-12-03 10:30:00,142.02,142.03,141.5,141.72,2612.21
2025-12-03 10:35:00,141.72,141.73,141.44,141.56,2070.542
2025-12-03 10:40:00,141.56,141.56,141.26,141.34,2658.424
2025-12-03 10:45:00,141.34,141.66,141.33,141.66,1722.951
2025-12-03 10:50:00,141.66,141.66,141.5,141.56,1370.457
2025-12-03 10:55:00,141.56,141.57,141.19,141.31,2229.95
2025-12-03 11:00:00,141.31,141.47,141.19,141.33,2394.11
2025-12-03 11:05:00,141.33,141.49,141.26,141.4,1779.759
2025-12-03 11:10:00,141.4,141.4,140.92,140.92,4837.408
2025-12-03 11:15:00,140.92,141.32,140.79,141.28,5750.813
2025-12-03 11:20:00,141.28,141.57,141.22,141.55,1651.149
2025-12-03 11:25:00,141.55,141.57,141.43,141.55,2027.888
2025-12-03 11:30:00,141.55,141.65,141.3,141.51,2308.994
2025-12-03 11:35:00,141.51,141.51,141.3,141.47,1269.648
2025-12-03 11:40:00,141.47,141.47,141.32,141.38,1417.521
2025-12-03 11:45:00,141.38,141.52,141.33,141.51,1320.117
2025-12-03 11:50:00,141.51,141.67,141.47,141.6,1034.311
2025-12-03 11:55:00,141.6,141.74,141.59,141.72,1848.98
2025-12-03 12:00:00,141.72,141.99,141.62,141.94,2702.652
2025-12-03 12:05:00,141.94,141.95,141.46,141.71,2622.059
2025-12-03 12:10:00,141.71,141.77,141.55,141.65,1801.672
2025-12-03 12:15:00,141.65,141.66,141.43,141.54,1460.578
2025-12-03 12:20:00,141.54,141.79,141.38,141.74,2010.31
2025-12-03 12:25:00,141.74,141.77,141.32,141.35,1556.314
2025-12-03 12:30:00,141.35,141.38,141.09,141.25,2350.672
2025-12-03 12:35:00,141.25,141.59,141.24,141.47,1025.597
2025-12-03 12:40:00,141.47,141.51,141.3,141.46,1250.871
2025-12-03 12:45:00,141.46,141.87,141.38,141.87,1847.971
2025-12-03 12:50:00,141.87,141.95,141.81,141.86,1968.364
2025-12-03 12:55:00,141.86,142.08,141.81,141.91,1995.363
2025-12-03 13:00:00,141.91,142.13,141.81,142.09,2321.882
2025-12-03 13:05:00,142.09,142.13,141.89,141.96,3029.418
2025-12-03 13:10:00,141.96,142.0,141.78,141.95,1270.437
2025-12-03 13:15:00,141.95,142.45,141.88,142.23,6169.485
2025-12-03 13:20:00,142.23,142.25,141.93,142.06,2325.98
2025-12-03 13:25:00,142.06,142.07,141.71,141.72,1378.626
2025-12-03 13:30:00,141.72,141.87,141.51,141.86,1994.928
2025-12-03 13:35:00,141.86,141.9,141.66,141.71,2387.679
2025-12-03 13:40:00,141.71,141.83,141.63,141.82,2158.766
2025-12-03 13:45:00,141.82,141.98,141.76,141.95,1374.571
2025-12-03 13:50:00,141.95,142.0,141.69,141.87,1641.147
2025-12-03 13:55:00,141.87,141.92,141.71,141.86,1258.002
2025-12-03 14:00:00,141.86,141.92,138.81,138.88,33082.022
2025-12-03 14:05:00,138.88,140.15,138.8,139.83,18910.771
2025-12-03 14:10:00,139.83,140.53,139.65,140.01,6365.468
2025-12-03 14:15:00,140.01,140.51,140.01,140.19,5780.634
2025-12-03 14:20:00,140.19,140.28,139.85,140.24,3069.052
2025-12-03 14:25:00,140.24,141.0,140.24,140.84,4200.293
2025-12-03 14:30:00,140.84,140.91,140.07,140.09,5313.141
2025-12-03 14:35:00,140.09,141.46,140.02,141.11,6776.685
2025-12-03 14:40:00,141.11,143.54,141.1,143.09,33282.085
2025-12-03 14:45:00,143.09,143.13,141.67,141.89,16817.667
2025-12-03 14:50:00,141.89,142.1,141.1,141.57,6729.028
2025-12-03 14:55:00,141.57,141.79,140.93,140.93,4692.642
2025-12-03 15:00:00,140.93,141.96,140.93,141.91,5334.173
2025-12-03 15:05:00,141.91,142.08,141.34,141.4,3735.462
2025-12-03 15:10:00,141.4,141.67,140.51,140.71,4494.337
2025-12-03 15:15:00,140.71,140.94,140.63,140.66,3933.974
2025-12-03 15:20:00,140.66,141.0,140.16,140.97,5496.861
2025-12-03 15:25:00,140.97,141.16,140.71,140.77,3440.87
2025-12-03 15:30:00,140.77,141.46,140.58,141.15,4871.746
2025-12-03 15:35:00,141.15,141.39,140.91,140.99,3619.817
2025-12-03 15:40:00,140.99,141.22,140.94,141.0,1451.523
2025-12-03 15:45:00,141.0,141.44,140.97,141.43,1299.946
2025-12-03 15:50:00,141.43,141.43,140.96,140.96,1566.97
2025-12-03 15:55:00,140.96,141.1,140.69,140.99,1926.047
2025-12-03 16:00:00,140.99,141.23,140.63,140.8,2639.714
2025-12-03 16:05:00,140.8,140.9,140.21,140.3,4013.756
2025-12-03 16:10:00,140.3,140.43,139.88,140.22,6546.711
2025-12-03 16:15:00,140.22,140.5,140.12,140.42,9368.786
2025-12-03 16:20:00,140.42,140.67,139.91,140.16,5198.47
2025-12-03 16:25:00,140.16,140.39,140.08,140.37,2903.735
2025-12-03 16:30:00,140.37,141.18,140.3,141.1,4551.868
2025-12-03 16:35:00,141.1,141.85,141.1,141.41,4107.527
2025-12-03 16:40:00,141.41,141.44,141.06,141.33,2072.157
2025-12-03 16:45:00,141.33,141.44,141.11,141.15,3841.536
2025-12-03 16:50:00,141.15,141.4,141.0,141.0,6195.346
2025-12-03 16:55:00,141.0,141.04,140.61,140.7,2005.005
2025-12-03 17:00:00,140.7,141.01,140.67,140.89,3014.994
2025-12-03 17:05:00,140.89,140.98,140.73,140.9,2842.542
2025-12-03 17:10:00,140.9,141.22,140.74,141.18,3841.276
2025-12-03 17:15:00,141.18,141.29,140.46,140.59,3494.725
2025-12-03 17:20:00,140.59,141.04,140.55,140.81,4288.831
2025-12-03 17:25:00,140.81,140.97,140.75,140.89,1107.591
2025-12-03 17:30:00,140.89,141.3,140.89,141.19,3069.46
2025-12-03 17:35:00,141.19,141.69,140.98,141.51,4094.062
2025-12-03 17:40:00,141.51,141.78,141.4,141.61,6175.918
2025-12-03 17:45:00,141.61,141.97,141.44,141.96,4815.532
2025-12-03 17:50:00,141.96,142.05,141.63,141.99,3003.304
2025-12-03 17:55:00,141.99,142.08,141.83,141.83,1793.463
2025-12-03 18:00:00,141.83,142.09,141.77,142.03,2145.995
2025-12-03 18:05:00,142.03,142.05,141.74,141.96,2559.488
2025-12-03 18:10:00,141.96,142.37,141.83,142.03,3622.103
2025-12-03 18:15:00,142.03,142.03,141.3,141.34,5845.439
2025-12-03 18:20:00,141.34,141.37,141.1,141.26,3675.181
2025-12-03 18:25:00,141.26,141.46,141.2,141.37,1606.574
2025-12-03 18:30:00,141.37,141.77,141.3,141.68,2074.984
2025-12-03 18:35:00,141.68,141.82,141.4,141.59,1723.906
2025-12-03 18:40:00,141.59,142.04,141.48,141.86,8099.737
2025-12-03 18:45:00,141.86,141.95,141.5,141.51,2616.912
2025-12-03 18:50:00,141.51,141.51,140.9,140.93,4612.991
2025-12-03 18:55:00,140.93,141.17,140.68,141.17,3192.41
2025-12-03 19:00:00,141.17,141.41,141.11,141.3,2598.567
2025-12-03 19:05:00,141.3,141.59,141.21,141.57,2210.139
2025-12-03 19:10:00,141.57,141.57,141.18,141.33,3248.546
2025-12-03 19:15:00,141.33,141.56,141.19,141.48,4051.607
2025-12-03 19:20:00,141.48,141.51,141.15,141.2,3724.101
2025-12-03 19:25:00,141.2,141.42,141.18,141.32,1236.64
2025-12-03 19:30:00,141.32,141.43,141.08,141.3,1384.71
2025-12-03 19:35:00,141.3,141.36,141.02,141.11,1345.052
2025-12-03 19:40:00,141.11,141.35,141.09,141.34,1572.888
2025-12-03 19:45:00,141.34,141.48,141.32,141.42,4368.757
2025-12-03 19:50:00,141.42,141.52,141.34,141.43,4785.948
2025-12-03 19:55:00,141.43,141.43,141.18,141.27,1704.321
2025-12-03 20:00:00,141.27,141.39,140.88,140.9,2411.949
2025-12-03 20:05:00,140.9,141.25,140.73,141.11,1868.465
2025-12-03 20:10:00,141.11,141.31,141.0,141.08,1833.361
2025-12-03 20:15:00,141.08,141.3,141.0,141.18,1370.59
2025-12-03 20:20:00,141.18,141.28,140.91,141.16,1031.976
2025-12-03 20:25:00,141.16,141.34,141.13,141.25,1354.705
2025-12-03 20:30:00,141.25,141.38,141.13,141.29,858.315
2025-12-03 20:35:00,141.29,141.37,141.12,141.27,906.752
2025-12-03 20:40:00,141.27,141.45,141.11,141.29,2502.214
2025-12-03 20:45:00,141.29,141.68,141.25,141.56,1507.928
2025-12-03 20:50:00,141.56,142.25,141.48,141.56,6617.471
2025-12-03 20:55:00,141.56,141.79,141.17,141.68,7019.37
2025-12-03 21:00:00,141.68,142.21,141.63,142.13,3884.92
2025-12-03 21:05:00,142.13,142.47,142.07,142.23,5467.926
2025-12-03 21:10:00,142.23,142.46,142.14,142.26,2406.15
2025-12-03 21:15:00,142.26,142.54,142.19,142.27,3690.34
2025-12-03 21:20:00,142.27,142.54,142.27,142.42,3043.397
2025-12-03 21:25:00,142.42,142.56,142.42,142.5,2338.672
2025-12-03 21:30:00,142.5,142.7,142.4,142.67,4911.75
2025-12-03 21:35:00,142.67,142.79,142.51,142.79,1627.035
2025-12-03 21:40:00,142.79,143.14,142.68,143.12,6298.522
2025-12-03 21:45:00,143.12,143.13,142.78,142.86,3153.257
2025-12-03 21:50:00,142.86,143.25,142.84,143.22,3746.315
2025-12-03 21:55:00,143.22,146.09,143.13,145.47,19260.58
2025-12-03 22:00:00,145.47,145.92,143.72,144.01,18956.628
2025-12-03 22:05:00,144.01,144.81,143.79,144.37,10282.869
2025-12-03 22:10:00,144.37,144.95,144.13,144.67,6454.232
2025-12-03 22:15:00,144.67,144.7,144.28,144.34,6119.277
2025-12-03 22:20:00,144.34,144.53,144.05,144.13,5094.379
2025-12-03 22:25:00,144.13,144.14,143.54,143.63,5805.676
2025-12-03 22:30:00,143.63,143.88,143.14,143.47,14077.247
2025-12-03 22:35:00,143.47,144.49,143.28,144.43,10050.339
2025-12-03 22:40:00,144.43,144.46,143.75,143.99,5758.395
2025-12-03 22:45:00,143.99,145.14,143.91,144.45,7917.15
2025-12-03 22:50:00,144.45,144.82,144.12,144.2,6209.491
2025-12-03 22:55:00,144.2,144.52,144.07,144.52,6633.978
2025-12-03 23:00:00,144.52,145.24,144.49,144.95,9699.752
2025-12-03 23:05:00,144.95,145.61,144.94,145.27,7808.568
2025-12-03 23:10:00,145.27,145.33,144.98,145.26,4864.383
2025-12-03 23:15:00,145.26,145.49,145.02,145.06,4652.821
2025-12-03 23:20:00,145.06,145.14,144.85,144.97,2631.461
2025-12-03 23:25:00,144.97,145.19,144.88,144.96,2748.137
2025-12-03 23:30:00,144.96,144.96,144.72,144.76,4180.748
2025-12-03 23:35:00,144.76,145.07,144.51,145.02,4250.367
2025-12-03 23:40:00,145.02,145.5,144.94,145.23,3589.462
2025-12-03 23:45:00,145.23,145.3,144.97,145.1,5078.89
2025-12-03 23:50:00,145.1,145.15,144.95,145.05,2443.591
2025-12-03 23:55:00,145.05,145.05,144.48,144.66,3831.788
2025-12-04 00:00:00,144.66,144.89,144.6,144.69,3385.302
2025-12-04 00:05:00,144.69,144.96,144.66,144.91,4278.912
2025-12-04 00:10:00,144.91,144.95,143.91,143.97,5835.398
2025-12-04 00:15:00,143.97,144.58,143.96,144.43,3094.662
2025-12-04 00:20:00,144.43,144.44,144.04,144.35,2621.087
2025-12-04 00:25:00,144.35,144.41,143.92,144.19,1930.061
2025-12-04 00:30:00,144.19,144.19,143.66,143.66,2037.598
2025-12-04 00:35:00,143.66,144.03,143.66,143.87,1597.21
2025-12-04 00:40:00,143.87,144.54,143.86,144.5,2046.897
2025-12-04 00:45:00,144.5,144.72,144.28,144.72,2485.696
2025-12-04 00:50:00,144.72,145.37,144.72,145.14,5223.087
2025-12-04 00:55:00,145.14,145.36,144.91,145.01,2115.89
2025-12-04 01:00:00,145.01,145.18,144.76,145.18,2343.679
2025-12-04 01:05:00,145.18,145.29,144.96,145.09,2336.901
2025-12-04 01:10:00,145.09,146.91,145.06,146.76,14258.67
2025-12-04 01:15:00,146.76,146.86,145.64,145.87,12580.056
2025-12-04 01:20:00,145.87,146.23,145.28,145.6,4026.317
2025-12-04 01:25:00,145.6,145.66,145.23,145.27,3178.061
2025-12-04 01:30:00,145.27,145.47,145.15,145.43,1930.124
2025-12-04 01:35:00,145.43,145.7,145.35,145.64,2034.481
2025-12-04 01:40:00,145.64,145.66,145.28,145.41,2488.899
2025-12-04 01:45:00,145.41,145.42,144.37,144.41,5932.982
2025-12-04 01:50:00,144.41,144.51,144.18,144.18,3300.887
2025-12-04 01:55:00,144.18,144.42,144.14,144.17,5848.361
2025-12-04 02:00:00,144.17,144.5,143.99,144.38,5465.192
2025-12-04 02:05:00,144.38,144.57,144.3,144.52,1870.921
2025-12-04 02:10:00,144.52,145.05,144.48,145.04,2501.219
2025-12-04 02:15:00,145.04,145.52,144.93,145.51,2420.979
2025-12-04 02:20:00,145.51,145.74,145.25,145.43,3297.67
2025-12-04 02:25:00,145.43,145.68,145.34,145.43,2178.656
2025-12-04 02:30:00,145.43,145.56,145.05,145.48,2199.935
2025-12-04 02:35:00,145.48,146.11,145.4,145.98,2759.085
2025-12-04 02:40:00,145.98,145.98,145.52,145.7,2063.341
2025-12-04 02:45:00,145.7,145.91,145.45,145.64,2577.885
2025-12-04 02:50:00,145.64,145.74,145.52,145.64,1047.327
2025-12-04 02:55:00,145.64,145.81,145.56,145.61,1208.542
2025-12-04 03:00:00,145.61,145.61,145.28,145.56,1534.549
2025-12-04 03:05:00,145.56,145.63,145.27,145.51,2807.445
2025-12-04 03:10:00,145.51,145.51,145.12,145.2,1152.693
2025-12-04 03:15:00,145.2,145.25,144.94,144.95,3282.795
2025-12-04 03:20:00,144.95,145.03,144.83,145.0,2092.187
2025-12-04 03:25:00,145.0,145.0,144.75,144.76,1281.331
2025-12-04 03:30:00,144.76,144.85,144.43,144.47,2700.721
2025-12-04 03:35:00,144.47,144.61,144.33,144.5,2512.32
2025-12-04 03:40:00,144.5,144.68,144.46,144.65,1705.287
2025-12-04 03:45:00,144.65,144.91,144.5,144.9,1751.918
2025-12-04 03:50:00,144.9,144.92,144.67,144.74,1592.068
2025-12-04 03:55:00,144.74,144.75,144.59,144.65,2027.974
2025-12-04 04:00:00,144.65,144.74,144.3,144.46,2804.006
2025-12-04 04:05:00,144.46,144.64,144.4,144.62,1263.822
2025-12-04 04:10:00,144.62,144.9,144.55,144.55,1461.531
2025-12-04 04:15:00,144.55,144.58,144.18,144.23,2521.554
2025-12-04 04:20:00,144.23,144.34,144.14,144.22,1806.911
2025-12-04 04:25:00,144.22,144.35,144.19,144.29,1252.542
2025-12-04 04:30:00,144.29,144.51,144.23,144.31,1111.384
2025-12-04 04:35:00,144.31,144.46,144.1,144.15,1325.148
2025-12-04 04:40:00,144.15,144.3,143.91,144.07,2740.72
2025-12-04 04:45:00,144.07,144.07,143.74,143.82,2044.933
2025-12-04 04:50:00,143.82,144.06,143.82,144.04,1739.468
2025-12-04 04:55:00,144.04,144.25,143.99,144.16,1794.04
2025-12-04 05:00:00,144.16,144.23,144.0,144.08,1086.148
2025-12-04 05:05:00,144.08,144.12,143.79,143.83,1747.819
2025-12-04 05:10:00,143.83,144.2,143.77,144.01,3990.0
2025-12-04 05:15:00,144.01,144.09,143.76,143.78,1437.686
2025-12-04 05:20:00,143.78,143.83,143.42,143.68,5189.552
2025-12-04 05:25:00,143.68,144.01,143.68,143.93,3146.829
2025-12-04 05:30:00,143.93,143.99,143.69,143.72,1514.649
2025-12-04 05:35:00,143.72,143.74,143.56,143.64,1985.931
2025-12-04 05:40:00,143.64,143.64,143.26,143.27,2760.679
2025-12-04 05:45:00,143.27,143.37,143.23,143.25,3364.019
2025-12-04 05:50:00,143.25,143.25,142.97,143.05,6510.234
2025-12-04 05:55:00,143.05,143.35,143.05,143.24,1948.725
2025-12-04 06:00:00,143.24,143.34,143.1,143.12,2380.978
2025-12-04 06:05:00,143.12,143.41,143.11,143.37,1803.06
2025-12-04 06:10:00,143.37,143.56,143.24,143.42,2251.473
2025-12-04 06:15:00,143.42,143.59,143.39,143.4,2640.605
2025-12-04 06:20:00,143.4,143.6,143.32,143.45,3067.904
2025-12-04 06:25:00,143.45,143.92,143.45,143.88,2832.06
2025-12-04 06:30:00,143.88,144.15,143.88,144.15,4322.543
2025-12-04 06:35:00,144.15,144.29,144.04,144.17,2354.806
2025-12-04 06:40:00,144.17,144.25,144.04,144.08,3478.815
2025-12-04 06:45:00,144.08,144.1,143.85,144.09,1796.862
2025-12-04 06:50:00,144.09,144.21,143.85,143.99,1874.879
2025-12-04 06:55:00,143.99,144.04,143.93,143.97,954.889
2025-12-04 07:00:00,143.97,144.01,143.55,143.7,2628.384
2025-12-04 07:05:00,143.7,143.74,143.1,143.11,5417.988
2025-12-04 07:10:00,143.11,143.17,142.64,142.95,6930.774
2025-12-04 07:15:00,142.95,143.17,142.89,143.15,5351.613
2025-12-04 07:20:00,143.15,143.21,142.96,142.98,2520.207
2025-12-04 07:25:00,142.98,143.36,142.98,143.02,3833.875
2025-12-04 07:30:00,143.02,143.26,143.02,143.2,5039.153
2025-12-04 07:35:00,143.2,143.5,143.17,143.32,3577.413
2025-12-04 07:40:00,143.32,143.49,143.3,143.46,2023.329
2025-12-04 07:45:00,143.46,143.47,143.33,143.43,4397.779
2025-12-04 07:50:00,143.43,143.61,143.43,143.56,1947.374
2025-12-04 07:55:00,143.56,143.56,143.4,143.46,2180.79
2025-12-04 08:00:00,143.46,144.05,143.21,143.96,2891.611
2025-12-04 08:05:00,143.96,143.97,143.33,143.35,2504.811
2025-12-04 08:10:00,143.35,143.35,142.94,143.15,2152.039
2025-12-04 08:15:00,143.15,143.46,143.09,143.32,1131.138
2025-12-04 08:20:00,143.32,143.36,143.1,143.1,1545.993
2025-12-04 08:25:00,143.1,143.19,142.94,142.94,2846.393
2025-12-04 08:30:00,142.94,142.94,142.74,142.87,2385.602
2025-12-04 08:35:00,142.87,143.24,142.87,143.23,1146.497
2025-12-04 08:40:00,143.23,143.35,143.17,143.26,1809.961
2025-12-04 08:45:00,143.26,143.3,143.12,143.12,753.157
2025-12-04 08:50:00,143.12,143.13,142.81,142.85,2112.534
2025-12-04 08:55:00,142.85,142.95,142.77,142.89,3921.95
2025-12-04 09:00:00,142.89,143.17,142.89,143.02,2118.955
2025-12-04 09:05:00,143.02,143.63,142.98,143.57,3959.26
2025-12-04 09:10:00,143.57,143.74,143.53,143.55,2093.177
2025-12-04 09:15:00,143.55,143.71,143.38,143.42,1983.88
2025-12-04 09:20:00,143.42,143.67,143.42,143.6,1102.542
2025-12-04 09:25:00,143.6,143.65,143.44,143.57,1105.884
2025-12-04 09:30:00,143.57,143.93,143.53,143.91,2762.418
2025-12-04 09:35:00,143.91,144.01,143.79,143.85,2183.086
2025-12-04 09:40:00,143.85,144.07,143.85,143.98,1516.74
2025-12-04 09:45:00,143.98,143.99,143.74,143.81,1168.366
2025-12-04 09:50:00,143.81,144.19,143.75,144.17,3625.765
2025-12-04 09:55:00,144.17,144.18,143.89,143.9,1441.773
2025-12-04 10:00:00,143.9,144.17,143.85,143.98,1803.528
2025-12-04 10:05:00,143.98,143.99,143.64,143.9,1407.529
2025-12-04 10:10:00,143.9,143.97,143.75,143.84,2488.122
2025-12-04 10:15:00,143.84,143.84,143.53,143.53,901.348
2025-12-04 10:20:00,143.53,143.73,143.49,143.66,2943.683
2025-12-04 10:25:00,143.66,143.76,143.43,143.67,1960.117
2025-12-04 10:30:00,143.67,143.75,143.51,143.64,2148.63
2025-12-04 10:35:00,143.64,143.74,143.55,143.7,1213.683
2025-12-04 10:40:00,143.7,143.75,143.49,143.64,1219.994
2025-12-04 10:45:00,143.64,143.78,143.4,143.44,1700.808
2025-12-04 10:50:00,143.44,143.49,143.31,143.45,1815.228
2025-12-04 10:55:00,143.45,143.46,143.29,143.34,1326.515
2025-12-04 11:00:00,143.34,143.37,143.13,143.18,1866.748
2025-12-04 11:05:00,143.18,143.38,143.04,143.33,4137.824
2025-12-04 11:10:00,143.33,143.47,143.27,143.32,2239.074
2025-12-04 11:15:00,143.32,143.42,143.23,143.37,1199.738
2025-12-04 11:20:00,143.37,143.37,143.03,143.19,2344.456
2025-12-04 11:25:00,143.19,143.33,143.05,143.31,3062.661
2025-12-04 11:30:00,143.31,143.5,142.81,142.85,4371.744
2025-12-04 11:35:00,142.85,143.13,142.81,142.88,3712.623
2025-12-04 11:40:00,142.88,142.91,142.7,142.91,3627.585
2025-12-04 11:45:00,142.91,142.99,142.75,142.96,3210.064
2025-12-04 11:50:00,142.96,143.15,142.95,143.11,1561.377
2025-12-04 11:55:00,143.11,143.17,142.98,143.05,1352.449
2025-12-04 12:00:00,143.05,143.49,143.03,143.39,2051.009
2025-12-04 12:05:00,143.39,143.5,143.18,143.29,1857.284
2025-12-04 12:10:00,143.29,143.29,143.09,143.12,2171.724
2025-12-04 12:15:00,143.12,143.22,142.66,142.7,2173.946
2025-12-04 12:20:00,142.7,142.71,142.44,142.62,4850.435
2025-12-04 12:25:00,142.62,142.62,142.4,142.53,3554.732
2025-12-04 12:30:00,142.53,142.73,142.52,142.72,3085.535
2025-12-04 12:35:00,142.72,142.98,142.7,142.93,2142.418
2025-12-04 12:40:00,142.93,143.34,142.92,143.08,2090.682
2025-12-04 12:45:00,143.08,143.21,142.76,142.81,1865.786
2025-12-04 12:50:00,142.81,143.05,142.81,142.91,1089.726
2025-12-04 12:55:00,142.91,143.03,142.8,142.87,1455.474
2025-12-04 13:00:00,142.87,143.1,142.38,142.43,4940.51
2025-12-04 13:05:00,142.43,142.71,142.34,142.46,3083.445
2025-12-04 13:10:00,142.46,142.65,142.29,142.32,4036.348
2025-12-04 13:15:00,142.32,142.7,142.32,142.68,3439.783
2025-12-04 13:20:00,142.68,143.01,142.63,142.95,2682.859
2025-12-04 13:25:00,142.95,143.17,142.8,142.84,2580.174
2025-12-04 13:30:00,142.84,143.07,142.68,142.7,4056.333
2025-12-04 13:35:00,142.7,142.7,142.38,142.61,6078.263
2025-12-04 13:40:00,142.61,142.84,142.27,142.3,1756.493
2025-12-04 13:45:00,142.3,142.3,141.82,141.89,9932.093
2025-12-04 13:50:00,141.89,142.15,141.79,142.15,11167.635
2025-12-04 13:55:00,142.15,142.48,142.13,142.25,1837.659
2025-12-04 14:00:00,142.25,142.43,142.14,142.14,2228.247
2025-12-04 14:05:00,142.14,142.78,142.14,142.63,2772.663
2025-12-04 14:10:00,142.63,142.68,142.35,142.58,1954.943
2025-12-04 14:15:00,142.58,142.65,142.5,142.52,2190.116
2025-12-04 14:20:00,142.52,142.73,142.45,142.64,2574.546
2025-12-04 14:25:00,142.64,143.03,142.64,142.92,3272.51
2025-12-04 14:30:00,142.92,143.05,142.33,142.39,7410.709
2025-12-04 14:35:00,142.39,143.35,142.28,142.52,6183.775
2025-12-04 14:40:00,142.52,143.05,142.5,142.7,5661.77
2025-12-04 14:45:00,142.7,142.89,142.6,142.61,4070.449
2025-12-04 14:50:00,142.61,142.7,141.67,141.79,12459.273
2025-12-04 14:55:00,141.79,142.18,141.45,141.85,11062.759
2025-12-04 15:00:00,141.85,142.5,141.79,142.38,6758.862
2025-12-04 15:05:00,142.38,143.1,142.35,142.78,7521.829
2025-12-04 15:10:00,142.78,143.26,142.67,143.07,6905.749
2025-12-04 15:15:00,143.07,143.09,142.7,143.0,5802.031
2025-12-04 15:20:00,143.0,143.28,142.78,142.78,5216.468
2025-12-04 15:25:00,142.78,142.78,142.16,142.52,12735.089
2025-12-04 15:30:00,142.52,142.67,142.35,142.53,1641.327
2025-12-04 15:35:00,142.53,144.22,142.53,144.14,13211.929
2025-12-04 15:40:00,144.14,144.15,143.16,143.39,11671.434
2025-12-04 15:45:00,143.39,143.45,142.8,142.91,6745.345
2025-12-04 15:50:00,142.91,143.24,142.78,143.21,2930.598
2025-12-04 15:55:00,143.21,143.43,143.12,143.21,2945.757
2025-12-04 16:00:00,143.21,143.32,142.52,142.62,3857.373
2025-12-04 16:05:00,142.62,143.02,142.35,142.72,4189.95
2025-12-04 16:10:00,142.72,143.02,142.5,142.89,2038.802
2025-12-04 16:15:00,142.89,143.61,142.82,143.61,3429.68
2025-12-04 16:20:00,143.61,143.69,143.32,143.68,3036.185
2025-12-04 16:25:00,143.68,143.84,142.99,143.05,3157.772
2025-12-04 16:30:00,143.05,143.17,142.85,142.87,6482.813
2025-12-04 16:35:00,142.87,143.05,142.4,142.49,6784.906
2025-12-04 16:40:00,142.49,142.74,142.45,142.57,3536.107
2025-12-04 16:45:00,142.57,142.88,142.47,142.49,4200.333
2025-12-04 16:50:00,142.49,142.67,142.29,142.4,2097.985
2025-12-04 16:55:00,142.4,142.71,142.25,142.62,2118.634
2025-12-04 17:00:00,142.62,142.8,142.31,142.41,1491.175
2025-12-04 17:05:00,142.41,142.47,142.12,142.24,1353.896
2025-12-04 17:10:00,142.24,142.47,142.01,142.31,1958.603
2025-12-04 17:15:00,142.31,142.42,141.93,142.06,7251.552
2025-12-04 17:20:00,142.06,142.34,141.99,142.19,4504.53
2025-12-04 17:25:00,142.19,142.33,141.89,141.89,3441.188
2025-12-04 17:30:00,141.89,141.92,141.52,141.85,4114.575
2025-12-04 17:35:00,141.85,142.1,141.3,141.39,2769.79
2025-12-04 17:40:00,141.39,141.48,141.11,141.41,9608.9
2025-12-04 17:45:00,141.41,141.52,141.25,141.51,3299.875
2025-12-04 17:50:00,141.51,141.95,141.35,141.94,1782.013
2025-12-04 17:55:00,141.94,142.34,141.94,142.12,2843.888
2025-12-04 18:00:00,142.12,142.19,141.63,141.76,1730.77
2025-12-04 18:05:00,141.76,141.95,141.43,141.69,3359.908
2025-12-04 18:10:00,141.69,141.94,141.57,141.9,1343.609
2025-12-04 18:15:00,141.9,141.9,141.51,141.54,1075.217
2025-12-04 18:20:00,141.54,142.2,141.54,142.16,1955.209
2025-12-04 18:25:00,142.16,142.21,141.96,142.05,1348.444
2025-12-04 18:30:00,142.05,142.07,141.81,141.82,1460.037
2025-12-04 18:35:00,141.82,142.11,141.75,141.77,644.801
2025-12-04 18:40:00,141.77,141.77,140.8,140.91,10237.156
2025-12-04 18:45:00,140.91,141.0,140.44,140.76,12458.765
2025-12-04 18:50:00,140.76,140.89,140.41,140.59,1797.901
2025-12-04 18:55:00,140.59,140.75,140.36,140.75,2293.801
2025-12-04 19:00:00,140.75,140.83,140.34,140.4,2227.597
2025-12-04 19:05:00,140.4,140.67,140.36,140.43,1964.628
2025-12-04 19:10:00,140.43,140.44,138.93,138.94,18514.1
2025-12-04 19:15:00,138.94,139.31,138.65,138.68,12803.532
2025-12-04 19:20:00,138.68,138.79,137.82,137.92,18950.784
2025-12-04 19:25:00,137.92,138.97,137.89,138.8,10873.726
2025-12-04 19:30:00,138.8,139.69,138.62,139.12,6671.487
2025-12-04 19:35:00,139.12,139.73,139.11,139.59,6859.168
2025-12-04 19:40:00,139.59,139.78,139.39,139.65,7212.429
2025-12-04 19:45:00,139.65,140.04,139.54,139.98,5361.329
2025-12-04 19:50:00,139.98,139.99,139.51,139.74,2463.935
2025-12-04 19:55:00,139.74,139.86,139.61,139.66,1371.479
2025-12-04 20:00:00,139.66,140.0,139.56,139.59,5984.761
2025-12-04 20:05:00,139.59,139.75,139.22,139.72,2901.359
2025-12-04 20:10:00,139.72,139.84,139.48,139.6,1435.418
2025-12-04 20:15:00,139.6,139.61,139.18,139.54,1659.336
2025-12-04 20:20:00,139.54,139.66,139.24,139.49,1692.169
2025-12-04 20:25:00,139.49,139.86,139.33,139.38,1834.721
2025-12-04 20:30:00,139.38,139.84,139.29,139.67,6009.679
2025-12-04 20:35:00,139.67,139.82,139.49,139.71,1844.634
2025-12-04 20:40:00,139.71,139.9,139.5,139.81,3189.779
2025-12-04 20:45:00,139.81,140.28,139.8,140.1,3443.47
2025-12-04 20:50:00,140.1,140.49,140.1,140.24,5672.53
2025-12-04 20:55:00,140.24,140.43,140.16,140.42,2583.162
2025-12-04 21:00:00,140.42,140.42,139.83,140.04,5355.077
2025-12-04 21:05:00,140.04,140.4,139.93,140.39,4177.963
2025-12-04 21:10:00,140.39,140.44,139.99,140.08,3194.092
2025-12-04 21:15:00,140.08,140.35,140.07,140.26,3088.623
2025-12-04 21:20:00,140.26,140.26,139.77,139.92,1582.674
2025-12-04 21:25:00,139.92,139.92,139.65,139.65,2179.584
2025-12-04 21:30:00,139.65,139.71,139.45,139.57,2440.84
2025-12-04 21:35:00,139.57,139.92,139.5,139.85,1286.437
2025-12-04 21:40:00,139.85,139.89,139.48,139.5,1449.491
2025-12-04 21:45:00,139.5,139.51,139.23,139.28,2647.004
2025-12-04 21:50:00,139.28,139.29,138.91,138.97,5778.766
2025-12-04 21:55:00,138.97,139.01,138.55,138.72,6744.589
2025-12-04 22:00:00,138.72,139.25,138.72,138.99,4023.064
2025-12-04 22:05:00,138.99,139.23,138.92,139.2,3319.114
2025-12-04 22:10:00,139.2,139.29,139.03,139.09,2499.386
2025-12-04 22:15:00,139.09,139.37,139.08,139.37,1395.682
2025-12-04 22:20:00,139.37,139.38,139.0,139.12,6080.958
2025-12-04 22:25:00,139.12,139.24,138.97,139.23,2068.786
2025-12-04 22:30:00,139.23,139.76,139.23,139.75,2401.872
2025-12-04 22:35:00,139.75,139.75,139.5,139.53,1882.792
2025-12-04 22:40:00,139.53,139.77,139.46,139.65,1563.86
2025-12-04 22:45:00,139.65,139.7,139.38,139.61,1203.868
2025-12-04 22:50:00,139.61,139.78,139.61,139.64,1346.027
2025-12-04 22:55:00,139.64,139.7,139.37,139.4,1474.141
2025-12-04 23:00:00,139.4,139.42,139.11,139.26,2603.482
2025-12-04 23:05:00,139.26,139.42,139.14,139.14,1224.4
2025-12-04 23:10:00,139.14,139.22,139.0,139.11,2320.827
2025-12-04 23:15:00,139.11,139.2,139.08,139.11,1138.092
2025-12-04 23:20:00,139.11,139.15,139.0,139.01,1343.683
2025-12-04 23:25:00,139.01,139.09,138.99,139.05,939.27
2025-12-04 23:30:00,139.05,139.19,138.97,139.02,1421.277
2025-12-04 23:35:00,139.02,139.14,138.92,139.01,2613.168
2025-12-04 23:40:00,139.01,139.01,138.7,138.97,2479.252
2025-12-04 23:45:00,138.97,139.06,138.86,139.05,1203.126
2025-12-04 23:50:00,139.05,139.06,138.97,138.98,1037.914
2025-12-04 23:55:00,138.98,139.04,138.93,139.01,1342.953
2025-12-05 00:00:00,139.01,139.15,138.9,139.12,2664.354
2025-12-05 00:05:00,139.12,139.27,138.95,139.06,2936.482
2025-12-05 00:10:00,139.06,139.12,138.91,138.93,1346.079
2025-12-05 00:15:00,138.93,139.09,138.92,139.06,1631.852
2025-12-05 00:20:00,139.06,139.72,138.96,139.64,2884.489
2025-12-05 00:25:00,139.64,139.64,139.36,139.39,2189.734
2025-12-05 00:30:00,139.39,139.57,139.26,139.49,2184.843
2025-12-05 00:35:00,139.49,139.61,139.24,139.47,2169.856
2025-12-05 00:40:00,139.47,139.6,139.46,139.57,1495.72
2025-12-05 00:45:00,139.57,139.57,139.27,139.52,1440.398
2025-12-05 00:50:00,139.52,139.53,139.22,139.24,3140.471
2025-12-05 00:55:00,139.24,139.34,139.11,139.25,1731.616
2025-12-05 01:00:00,139.25,139.45,139.14,139.45,1386.582
2025-12-05 01:05:00,139.45,139.83,139.44,139.64,3677.841
2025-12-05 01:10:00,139.64,139.7,139.21,139.29,2466.525
2025-12-05 01:15:00,139.29,139.7,139.29,139.56,1745.934
2025-12-05 01:20:00,139.56,139.82,139.4,139.82,1378.645
2025-12-05 01:25:00,139.82,140.18,139.75,139.93,3097.081
2025-12-05 01:30:00,139.93,140.01,139.79,139.8,2157.011
2025-12-05 01:35:00,139.8,139.97,139.59,139.96,2727.024
2025-12-05 01:40:00,139.96,140.0,139.85,139.89,4868.879
2025-12-05 01:45:00,139.89,140.12,139.74,140.11,1980.584
2025-12-05 01:50:00,140.11,140.16,139.88,139.99,2296.584
2025-12-05 01:55:00,139.99,140.03,139.76,139.83,1621.733
2025-12-05 02:00:00,139.83,139.83,139.25,139.48,3290.765
2025-12-05 02:05:00,139.48,139.56,139.26,139.36,2843.766
2025-12-05 02:10:00,139.36,139.58,139.25,139.56,4895.61
2025-12-05 02:15:00,139.56,139.84,139.5,139.76,2712.505
2025-12-05 02:20:00,139.76,139.8,139.59,139.6,1611.118
2025-12-05 02:25:00,139.6,139.85,139.59,139.72,3258.41
2025-12-05 02:30:00,139.72,139.78,139.63,139.78,1226.274
2025-12-05 02:35:00,139.78,140.13,139.75,140.09,4030.654
2025-12-05 02:40:00,140.09,140.14,139.91,140.07,2277.283
2025-12-05 02:45:00,140.07,140.08,139.92,140.02,1432.399
2025-12-05 02:50:00,140.02,140.05,139.77,139.87,7005.558
2025-12-05 02:55:00,139.87,139.87,139.7,139.81,1597.839
2025-12-05 03:00:00,139.81,139.9,139.72,139.81,1143.162
2025-12-05 03:05:00,139.81,140.12,139.73,140.05,2902.837
2025-12-05 03:10:00,140.05,140.17,139.84,139.93,1542.289
2025-12-05 03:15:00,139.93,140.05,139.84,139.94,1910.042
2025-12-05 03:20:00,139.94,139.94,139.1,139.14,6145.139
2025-12-05 03:25:00,139.14,139.22,138.9,139.02,6901.791
2025-12-05 03:30:00,139.02,139.05,138.71,138.81,3222.536
2025-12-05 03:35:00,138.81,138.95,138.75,138.78,2161.33
2025-12-05 03:40:00,138.78,138.85,138.62,138.66,2302.55
2025-12-05 03:45:00,138.66,138.83,138.62,138.78,2501.325
2025-12-05 03:50:00,138.78,138.84,138.72,138.72,1728.687
2025-12-05 03:55:00,138.72,138.73,138.31,138.56,6491.574
2025-12-05 04:00:00,138.56,139.0,138.53,138.93,1957.903
2025-12-05 04:05:00,138.93,139.04,138.85,138.96,1237.424
2025-12-05 04:10:00,138.96,139.14,138.96,139.01,1484.109
2025-12-05 04:15:00,139.01,139.06,138.86,139.0,1084.481
2025-12-05 04:20:00,139.0,139.08,138.79,138.79,875.887
2025-12-05 04:25:00,138.79,138.87,138.67,138.7,1916.078
2025-12-05 04:30:00,138.7,138.7,138.08,138.43,5880.224
2025-12-05 04:35:00,138.43,138.57,138.25,138.33,2449.367
2025-12-05 04:40:00,138.33,138.37,138.15,138.19,2474.251
2025-12-05 04:45:00,138.19,138.25,138.1,138.13,3839.179
2025-12-05 04:50:00,138.13,138.64,138.13,138.57,7192.187
2025-12-05 04:55:00,138.57,138.64,138.4,138.51,5713.052
2025-12-05 05:00:00,138.51,138.66,138.44,138.6,2076.402
2025-12-05 05:05:00,138.6,138.74,138.44,138.44,1402.564
2025-12-05 05:10:00,138.44,138.56,138.39,138.41,2953.778
2025-12-05 05:15:00,138.41,138.53,138.38,138.38,1167.965
2025-12-05 05:20:00,138.38,138.4,138.03,138.09,2534.605
2025-12-05 05:25:00,138.09,138.15,137.82,138.12,8627.754
2025-12-05 05:30:00,138.12,138.14,137.9,137.94,7135.366
2025-12-05 05:35:00,137.94,138.05,137.93,138.02,1732.796
2025-12-05 05:40:00,138.02,138.16,137.91,138.07,1593.305
2025-12-05 05:45:00,138.07,138.09,137.88,137.96,2313.164
2025-12-05 05:50:00,137.96,138.05,137.9,137.92,2180.986
2025-12-05 05:55:00,137.92,138.05,137.9,138.05,877.832
2025-12-05 06:00:00,138.05,138.26,138.04,138.2,1776.579
2025-12-05 06:05:00,138.2,138.53,138.2,138.52,2384.012
2025-12-05 06:10:00,138.52,138.64,138.4,138.51,3959.322
2025-12-05 06:15:00,138.51,138.63,138.42,138.43,1723.618
2025-12-05 06:20:00,138.43,138.72,138.41,138.71,774.288
2025-12-05 06:25:00,138.71,138.74,138.6,138.63,683.036
2025-12-05 06:30:00,138.63,138.73,138.38,138.73,1107.391
2025-12-05 06:35:00,138.73,138.96,138.64,138.68,1143.639
2025-12-05 06:40:00,138.68,138.77,138.66,138.74,1120.13
2025-12-05 06:45:00,138.74,138.84,138.73,138.74,1194.134
2025-12-05 06:50:00,138.74,139.0,138.65,138.84,3308.415
2025-12-05 06:55:00,138.84,138.96,138.79,138.89,3833.884
2025-12-05 07:00:00,138.89,138.97,138.78,138.92,2281.676
2025-12-05 07:05:00,138.92,140.74,138.91,140.69,14658.316
2025-12-05 07:10:00,140.69,140.69,140.05,140.09,7657.98
2025-12-05 07:15:00,140.09,140.3,139.99,140.13,6478.977
2025-12-05 07:20:00,140.13,140.31,140.05,140.24,3325.991
2025-12-05 07:25:00,140.24,140.43,140.24,140.27,3610.216
2025-12-05 07:30:00,140.27,140.42,140.1,140.1,2364.223
2025-12-05 07:35:00,140.1,140.1,139.86,139.86,2417.282
2025-12-05 07:40:00,139.86,139.86,139.63,139.79,3290.542
2025-12-05 07:45:00,139.79,139.83,139.47,139.69,2116.143
2025-12-05 07:50:00,139.69,139.83,139.64,139.79,2278.358
2025-12-05 07:55:00,139.79,139.8,139.63,139.68,1762.367
2025-12-05 08:00:00,139.68,139.68,139.0,139.02,2995.136
2025-12-05 08:05:00,139.02,139.14,138.25,138.34,9395.132
2025-12-05 08:10:00,138.34,138.53,138.16,138.29,4188.05
2025-12-05 08:15:00,138.29,138.37,138.13,138.32,2654.665
2025-12-05 08:20:00,138.32,138.62,138.27,138.42,2756.177
2025-12-05 08:25:00,138.42,138.5,138.37,138.44,1699.421
2025-12-05 08:30:00,138.44,138.44,138.1,138.12,2954.311
2025-12-05 08:35:00,138.12,138.23,137.95,138.19,5434.564
2025-12-05 08:40:00,138.19,138.19,137.78,138.05,3927.557
2025-12-05 08:45:00,138.05,138.1,137.92,138.02,2872.57
2025-12-05 08:50:00,138.02,138.15,137.97,138.13,7606.046
2025-12-05 08:55:00,138.13,138.27,138.12,138.19,2285.17
2025-12-05 09:00:00,138.19,138.27,137.5,137.63,12880.038
2025-12-05 09:05:00,137.63,137.81,137.41,137.75,3143.508
2025-12-05 09:10:00,137.75,137.99,137.74,137.9,6161.362
2025-12-05 09:15:00,137.9,137.92,136.82,136.98,14891.411
2025-12-05 09:20:00,136.98,137.16,136.7,136.92,6600.989
2025-12-05 09:25:00,136.92,136.92,136.6,136.84,7130.035
2025-12-05 09:30:00,136.84,136.98,136.5,136.56,5303.417
2025-12-05 09:35:00,136.56,136.92,136.51,136.77,6307.321
2025-12-05 09:40:00,136.77,136.86,136.39,136.62,6123.775
2025-12-05 09:45:00,136.62,136.71,136.45,136.65,5729.669
2025-12-05 09:50:00,136.65,136.7,136.29,136.31,2795.082
2025-12-05 09:55:00,136.31,136.5,136.28,136.36,3438.316
2025-12-05 10:00:00,136.36,136.56,136.13,136.51,6401.607
2025-12-05 10:05:00,136.51,136.85,136.5,136.52,4904.745
2025-12-05 10:10:00,136.52,137.09,136.52,137.05,9552.984
2025-12-05 10:15:00,137.05,137.47,136.87,136.87,7903.053
2025-12-05 10:20:00,136.87,137.31,136.87,137.2,1645.506
2025-12-05 10:25:00,137.2,137.89,137.2,137.6,7841.472
2025-12-05 10:30:00,137.6,137.77,137.54,137.73,3683.546
2025-12-05 10:35:00,137.73,137.78,137.55,137.75,2687.383
2025-12-05 10:40:00,137.75,137.98,137.72,137.9,2871.19
2025-12-05 10:45:00,137.9,137.91,137.44,137.51,2182.091
2025-12-05 10:50:00,137.51,137.79,137.51,137.79,1418.239
2025-12-05 10:55:00,137.79,137.88,137.57,137.71,4370.606
2025-12-05 11:00:00,137.71,137.87,137.55,137.79,4534.003
2025-12-05 11:05:00,137.79,138.08,137.77,137.89,3060.644
2025-12-05 11:10:00,137.89,137.9,137.75,137.87,2082.402
2025-12-05 11:15:00,137.87,137.9,137.72,137.8,2436.698
2025-12-05 11:20:00,137.8,137.82,137.37,137.39,2986.772
2025-12-05 11:25:00,137.39,137.53,137.33,137.48,2226.242
2025-12-05 11:30:00,137.48,137.48,136.95,137.03,3296.842
2025-12-05 11:35:00,137.03,137.16,136.87,137.14,4876.162
2025-12-05 11:40:00,137.14,137.18,137.0,137.0,2842.925
2025-12-05 11:45:00,137.0,137.35,137.0,137.33,5435.693
2025-12-05 11:50:00,137.33,137.33,136.89,136.97,1797.544
2025-12-05 11:55:00,136.97,137.1,136.92,137.02,2058.264
2025-12-05 12:00:00,137.02,137.02,136.38,136.61,5358.306
2025-12-05 12:05:00,136.61,136.99,136.61,136.87,6719.392
2025-12-05 12:10:00,136.87,136.87,136.67,136.73,3732.322
2025-12-05 12:15:00,136.73,136.99,136.68,136.87,3794.923
2025-12-05 12:20:00,136.87,136.87,136.53,136.62,3547.384
2025-12-05 12:25:00,136.62,136.78,136.56,136.77,2526.817
2025-12-05 12:30:00,136.77,136.93,136.52,136.93,3455.54
2025-12-05 12:35:00,136.93,137.12,136.8,137.06,3189.336
2025-12-05 12:40:00,137.06,137.11,136.71,136.77,2423.564
2025-12-05 12:45:00,136.77,136.81,136.56,136.75,2688.911
2025-12-05 12:50:00,136.75,136.95,136.74,136.92,1563.114
2025-12-05 12:55:00,136.92,136.92,136.58,136.67,2047.451
2025-12-05 13:00:00,136.67,136.71,136.12,136.25,5171.042
2025-12-05 13:05:00,136.25,136.81,136.25,136.77,6626.419
2025-12-05 13:10:00,136.77,137.05,136.58,136.59,3004.995
2025-12-05 13:15:00,136.59,136.79,136.4,136.68,1938.745
2025-12-05 13:20:00,136.68,136.85,136.58,136.79,1576.56
2025-12-05 13:25:00,136.79,136.86,136.5,136.86,4256.63
2025-12-05 13:30:00,136.86,136.93,136.32,136.79,3676.226
2025-12-05 13:35:00,136.79,136.8,136.16,136.16,2420.304
2025-12-05 13:40:00,136.16,136.22,135.81,136.04,10907.249
2025-12-05 13:45:00,136.04,136.19,135.78,136.16,5955.134
2025-12-05 13:50:00,136.16,136.48,136.06,136.27,4575.715
2025-12-05 13:55:00,136.27,136.4,135.89,135.94,3896.393
2025-12-05 14:00:00,135.94,136.12,135.78,135.88,5220.289
2025-12-05 14:05:00,135.88,136.11,135.81,136.03,2441.365
2025-12-05 14:10:00,136.03,136.3,135.66,135.84,5742.405
2025-12-05 14:15:00,135.84,135.91,135.44,135.68,2897.008
2025-12-05 14:20:00,135.68,135.71,135.34,135.47,2867.535
2025-12-05 14:25:00,135.47,135.67,135.47,135.63,2355.674
2025-12-05 14:30:00,135.63,136.11,135.54,135.64,5435.579
2025-12-05 14:35:00,135.64,135.76,134.85,134.94,12259.144
2025-12-05 14:40:00,134.94,135.22,134.54,134.88,8328.464
2025-12-05 14:45:00,134.88,135.22,134.64,134.68,5731.406
2025-12-05 14:50:00,134.68,135.2,134.42,135.03,5732.937
2025-12-05 14:55:00,135.03,135.16,134.67,134.7,4163.149
2025-12-05 15:00:00,134.7,136.83,134.7,136.7,28258.762
2025-12-05 15:05:00,136.7,137.14,136.02,136.02,18086.533
2025-12-05 15:10:00,136.02,136.22,135.69,135.78,9374.14
2025-12-05 15:15:00,135.78,136.04,135.32,135.61,7665.134
2025-12-05 15:20:00,135.61,136.06,135.43,136.05,10518.602
2025-12-05 15:25:00,136.05,136.07,135.64,135.96,5781.028
2025-12-05 15:30:00,135.96,136.52,135.89,136.27,5411.725
2025-12-05 15:35:00,136.27,136.58,136.07,136.11,3891.467
2025-12-05 15:40:00,136.11,136.11,135.5,135.73,5807.722
2025-12-05 15:45:00,135.73,135.74,135.2,135.59,5591.53
2025-12-05 15:50:00,135.59,135.74,134.9,135.05,5510.969
2025-12-05 15:55:00,135.05,135.07,134.64,135.04,6435.956
2025-12-05 16:00:00,135.04,135.2,134.85,134.95,5860.08
2025-12-05 16:05:00,134.95,134.95,133.4,133.69,18721.729
2025-12-05 16:10:00,133.69,133.81,133.26,133.71,10766.959
2025-12-05 16:15:00,133.71,134.12,133.11,133.83,13388.923
2025-12-05 16:20:00,133.83,134.05,133.44,133.51,7272.314
2025-12-05 16:25:00,133.51,133.78,133.29,133.42,4873.127
2025-12-05 16:30:00,133.42,133.42,132.63,132.85,11675.165
2025-12-05 16:35:00,132.85,133.09,132.14,132.58,16021.316
2025-12-05 16:40:00,132.58,132.58,131.47,131.74,24402.884
2025-12-05 16:45:00,131.74,132.02,131.19,131.29,13789.71
2025-12-05 16:50:00,131.29,132.24,131.28,132.09,10849.278
2025-12-05 16:55:00,132.09,132.67,131.78,132.19,8785.906
2025-12-05 17:00:00,132.19,132.54,132.07,132.22,5340.523
2025-12-05 17:05:00,132.22,132.72,132.02,132.2,9668.98
2025-12-05 17:10:00,132.2,132.27,131.97,132.0,3508.968
2025-12-05 17:15:00,132.0,132.4,131.92,132.08,4315.689
2025-12-05 17:20:00,132.08,132.38,131.58,131.97,4995.959
2025-12-05 17:25:00,131.97,131.97,131.5,131.78,4314.709
2025-12-05 17:30:00,131.78,132.07,131.59,131.73,4479.891
2025-12-05 17:35:00,131.73,131.74,131.12,131.67,9742.445
2025-12-05 17:40:00,131.67,131.89,131.51,131.86,3457.252
2025-12-05 17:45:00,131.86,132.38,131.72,132.03,7247.825
2025-12-05 17:50:00,132.03,132.68,131.97,132.57,6334.894
2025-12-05 17:55:00,132.57,132.66,132.09,132.16,3543.108
2025-12-05 18:00:00,132.16,132.3,131.71,132.27,5938.012
2025-12-05 18:05:00,132.27,133.03,132.22,132.68,7064.159
2025-12-05 18:10:00,132.68,132.98,132.54,132.55,4106.445
2025-12-05 18:15:00,132.55,132.8,132.42,132.44,3232.854
2025-12-05 18:20:00,132.44,132.45,131.83,132.07,4196.828
2025-12-05 18:25:00,132.07,132.18,131.79,132.13,4749.783
2025-12-05 18:30:00,132.13,132.31,131.94,132.12,1874.306
2025-12-05 18:35:00,132.12,132.13,131.85,132.04,1922.777
2025-12-05 18:40:00,132.04,132.04,131.37,131.43,7138.814
2025-12-05 18:45:00,131.43,131.51,131.17,131.47,3847.099
2025-12-05 18:50:00,131.47,131.62,131.23,131.4,2145.784
2025-12-05 18:55:00,131.4,131.53,131.31,131.35,1885.357
2025-12-05 19:00:00,131.35,131.39,130.81,130.99,9969.817
2025-12-05 19:05:00,130.99,131.45,130.96,131.3,2502.178
2025-12-05 19:10:00,131.3,131.71,131.25,131.62,2564.317
2025-12-05 19:15:00,131.62,132.19,131.54,132.06,6240.416
2025-12-05 19:20:00,132.06,132.12,131.78,131.99,2427.622
2025-12-05 19:25:00,131.99,132.39,131.85,132.3,7705.232
2025-12-05 19:30:00,132.3,132.42,132.12,132.34,1849.954
2025-12-05 19:35:00,132.34,132.49,132.27,132.46,1895.649
2025-12-05 19:40:00,132.46,132.65,132.26,132.43,3557.265
2025-12-05 19:45:00,132.43,132.46,132.23,132.45,2281.5
2025-12-05 19:50:00,132.45,132.52,132.32,132.41,1510.289
2025-12-05 19:55:00,132.41,132.98,132.41,132.5,7535.623
2025-12-05 20:00:00,132.5,132.62,132.38,132.44,2363.186
2025-12-05 20:05:00,132.44,132.49,132.09,132.15,2859.192
2025-12-05 20:10:00,132.15,132.43,131.97,132.41,3182.688
2025-12-05 20:15:00,132.41,132.69,132.4,132.61,1421.659
2025-12-05 20:20:00,132.61,132.88,132.55,132.87,2498.213
2025-12-05 20:25:00,132.87,132.9,132.32,132.44,7648.029
2025-12-05 20:30:00,132.44,132.5,132.18,132.49,1686.769
2025-12-05 20:35:00,132.49,132.54,132.22,132.3,1301.345
2025-12-05 20:40:00,132.3,132.39,132.24,132.25,1941.409
2025-12-05 20:45:00,132.25,132.35,132.15,132.28,3473.691
2025-12-05 20:50:00,132.28,132.5,132.18,132.37,4743.146
2025-12-05 20:55:00,132.37,132.66,132.37,132.53,3969.635
2025-12-05 21:00:00,132.53,132.78,132.51,132.6,3147.011
2025-12-05 21:05:00,132.6,132.73,132.4,132.62,1304.803
2025-12-05 21:10:00,132.62,132.84,132.51,132.81,4481.656
2025-12-05 21:15:00,132.81,132.88,132.69,132.87,2555.707
2025-12-05 21:20:00,132.87,132.95,132.83,132.84,3566.991
2025-12-05 21:25:00,132.84,132.93,132.77,132.84,1985.975
2025-12-05 21:30:00,132.84,132.92,132.66,132.86,1908.872
2025-12-05 21:35:00,132.86,133.15,132.41,132.47,8113.344
2025-12-05 21:40:00,132.47,132.58,132.33,132.34,1376.371
2025-12-05 21:45:00,132.34,132.37,132.11,132.12,3627.216
2025-12-05 21:50:00,132.12,132.29,132.0,132.27,1337.054
2025-12-05 21:55:00,132.27,132.5,132.27,132.39,1560.488
2025-12-05 22:00:00,132.39,132.49,132.2,132.38,2058.457
2025-12-05 22:05:00,132.38,132.45,132.19,132.4,1348.272
2025-12-05 22:10:00,132.4,132.42,132.13,132.21,2386.025
2025-12-05 22:15:00,132.21,132.5,132.2,132.47,1007.392
2025-12-05 22:20:00,132.47,132.64,132.4,132.55,1073.62
2025-12-05 22:25:00,132.55,132.74,132.54,132.72,836.597
2025-12-05 22:30:00,132.72,132.76,132.37,132.54,1035.693
2025-12-05 22:35:00,132.54,132.7,132.54,132.62,634.694
2025-12-05 22:40:00,132.62,132.67,132.51,132.67,1349.776
2025-12-05 22:45:00,132.67,132.81,132.67,132.81,550.925
2025-12-05 22:50:00,132.81,132.86,132.61,132.76,1620.773
2025-12-05 22:55:00,132.76,132.8,132.64,132.72,879.87
2025-12-05 23:00:00,132.72,132.75,132.36,132.38,1461.95
2025-12-05 23:05:00,132.38,132.55,132.28,132.46,1846.827
2025-12-05 23:10:00,132.46,132.57,132.42,132.49,682.142
2025-12-05 23:15:00,132.49,132.61,132.49,132.61,531.905
2025-12-05 23:20:00,132.61,132.68,132.53,132.59,621.77
2025-12-05 23:25:00,132.59,132.95,132.57,132.92,1859.905
2025-12-05 23:30:00,132.92,133.0,132.9,132.96,1318.254
2025-12-05 23:35:00,132.96,133.15,132.95,133.09,1267.368
2025-12-05 23:40:00,133.09,133.16,132.99,133.02,1199.77
2025-12-05 23:45:00,133.02,133.24,132.99,133.21,2151.735
2025-12-05 23:50:00,133.21,133.31,133.15,133.18,3390.955
2025-12-05 23:55:00,133.18,133.4,133.17,133.3,1872.39
2025-12-06 00:00:00,133.3,133.3,133.01,133.04,1350.885
2025-12-06 00:05:00,133.04,133.25,133.01,133.14,931.197
2025-12-06 00:10:00,133.14,133.16,132.91,133.15,861.898
2025-12-06 00:15:00,133.15,133.18,132.93,132.93,1788.642
2025-12-06 00:20:00,132.93,133.04,132.81,132.96,1407.229
2025-12-06 00:25:00,132.96,133.13,132.92,133.09,934.328
2025-12-06 00:30:00,133.09,133.51,133.06,133.48,2242.133
2025-12-06 00:35:00,133.48,133.55,133.29,133.55,1337.628
2025-12-06 00:40:00,133.55,133.69,133.36,133.68,1362.764
2025-12-06 00:45:00,133.68,133.68,133.44,133.46,2846.25
2025-12-06 00:50:00,133.46,133.46,133.34,133.41,1123.369
2025-12-06 00:55:00,133.41,133.55,133.4,133.47,729.962
2025-12-06 01:00:00,133.47,133.47,133.22,133.33,1630.208
2025-12-06 01:05:00,133.33,133.6,133.22,133.57,1378.36
2025-12-06 01:10:00,133.57,133.67,133.55,133.67,1338.43
2025-12-06 01:15:00,133.67,133.78,133.64,133.73,1632.405
2025-12-06 01:20:00,133.73,133.83,133.69,133.7,1003.269
2025-12-06 01:25:00,133.7,133.75,133.48,133.73,1161.531
2025-12-06 01:30:00,133.73,133.73,133.43,133.47,1081.096
2025-12-06 01:35:00,133.47,133.48,133.28,133.4,1508.682
2025-12-06 01:40:00,133.4,133.46,133.23,133.42,1085.398
2025-12-06 01:45:00,133.42,133.61,133.38,133.6,753.714
2025-12-06 01:50:00,133.6,133.73,133.49,133.56,1638.006
2025-12-06 01:55:00,133.56,133.6,133.45,133.49,459.313
2025-12-06 02:00:00,133.49,133.52,133.14,133.15,1089.122
2025-12-06 02:05:00,133.15,133.15,132.89,133.0,1368.668
2025-12-06 02:10:00,133.0,133.15,132.91,133.11,905.359
2025-12-06 02:15:00,133.11,133.19,132.97,132.98,835.292
2025-12-06 02:20:00,132.98,133.18,132.98,133.17,926.055
2025-12-06 02:25:00,133.17,133.18,132.94,132.96,1094.369
2025-12-06 02:30:00,132.96,133.08,132.88,133.05,1428.696
2025-12-06 02:35:00,133.05,133.29,133.05,133.11,1701.095
2025-12-06 02:40:00,133.11,133.29,133.11,133.22,1569.145
2025-12-06 02:45:00,133.22,133.31,133.17,133.31,1456.636
2025-12-06 02:50:00,133.31,133.49,133.25,133.44,2989.087
2025-12-06 02:55:00,133.44,133.46,133.36,133.44,1015.523
2025-12-06 03:00:00,133.44,133.77,133.33,133.7,2680.419
2025-12-06 03:05:00,133.7,134.11,133.69,134.03,5002.598
2025-12-06 03:10:00,134.03,134.12,133.94,134.0,2214.741
2025-12-06 03:15:00,134.0,134.08,133.75,133.76,2005.637
2025-12-06 03:20:00,133.76,133.85,133.73,133.82,1383.87
2025-12-06 03:25:00,133.82,133.83,133.55,133.63,1989.681
2025-12-06 03:30:00,133.63,133.95,133.48,133.94,1440.871
2025-12-06 03:35:00,133.94,133.97,133.68,133.74,1421.766
2025-12-06 03:40:00,133.74,133.84,133.63,133.83,2469.582
2025-12-06 03:45:00,133.83,133.98,133.71,133.8,1353.074
2025-12-06 03:50:00,133.8,133.81,133.67,133.73,970.854
2025-12-06 03:55:00,133.73,133.75,133.69,133.73,856.623
2025-12-06 04:00:00,133.73,133.75,133.61,133.63,1334.462
2025-12-06 04:05:00,133.63,133.69,133.54,133.63,1061.074
2025-12-06 04:10:00,133.63,133.63,133.14,133.3,2450.787
2025-12-06 04:15:00,133.3,133.45,133.25,133.26,671.787
2025-12-06 04:20:00,133.26,133.4,133.25,133.36,768.332
2025-12-06 04:25:00,133.36,133.36,133.19,133.29,810.23
2025-12-06 04:30:00,133.29,133.52,133.16,133.49,2461.825
2025-12-06 04:35:00,133.49,133.53,133.35,133.41,878.394
2025-12-06 04:40:00,133.41,133.65,133.28,133.29,3321.466
2025-12-06 04:45:00,133.29,133.29,133.0,133.22,5125.915
2025-12-06 04:50:00,133.22,133.26,133.14,133.23,575.405
2025-12-06 04:55:00,133.23,133.28,133.12,133.19,1796.597
2025-12-06 05:00:00,133.19,133.42,133.18,133.22,741.476
2025-12-06 05:05:00,133.22,133.35,133.22,133.34,299.154
2025-12-06 05:10:00,133.34,133.36,133.22,133.29,2482.252
2025-12-06 05:15:00,133.29,133.29,132.96,133.07,1174.83
2025-12-06 05:20:00,133.07,133.17,133.01,133.14,557.191
2025-12-06 05:25:00,133.14,133.14,132.92,133.05,1004.812
2025-12-06 05:30:00,133.05,133.08,132.9,133.03,1476.967
2025-12-06 05:35:00,133.03,133.14,133.02,133.1,987.475
2025-12-06 05:40:00,133.1,133.18,133.06,133.06,644.475
2025-12-06 05:45:00,133.06,133.18,133.04,133.17,742.614
2025-12-06 05:50:00,133.17,133.24,133.12,133.21,1032.425
2025-12-06 05:55:00,133.21,133.27,133.07,133.08,442.465
2025-12-06 06:00:00,133.08,133.08,132.79,132.96,1850.245
2025-12-06 06:05:00,132.96,133.16,132.92,133.06,489.388
2025-12-06 06:10:00,133.06,133.09,132.97,133.05,862.341
2025-12-06 06:15:00,133.05,133.09,132.99,133.02,432.185
2025-12-06 06:20:00,133.02,133.08,132.93,133.08,962.25
2025-12-06 06:25:00,133.08,133.21,133.05,133.2,988.384
2025-12-06 06:30:00,133.2,133.24,133.12,133.14,983.537
2025-12-06 06:35:00,133.14,133.21,133.06,133.08,736.188
2025-12-06 06:40:00,133.08,133.09,132.93,132.93,641.738
2025-12-06 06:45:00,132.93,132.98,132.81,132.97,1752.841
2025-12-06 06:50:00,132.97,133.05,132.89,132.93,436.695
2025-12-06 06:55:00,132.93,133.01,132.92,132.95,530.752
2025-12-06 07:00:00,132.95,132.99,132.87,132.93,989.172
2025-12-06 07:05:00,132.93,133.14,132.92,133.13,868.02
2025-12-06 07:10:00,133.13,133.13,133.03,133.09,424.085
2025-12-06 07:15:00,133.09,133.2,133.0,133.2,688.235
2025-12-06 07:20:00,133.2,133.2,133.03,133.13,468.511
2025-12-06 07:25:00,133.13,133.15,132.83,132.83,1643.002
2025-12-06 07:30:00,132.83,132.93,132.58,132.92,3405.375
2025-12-06 07:35:00,132.92,132.96,132.77,132.85,1084.361
2025-12-06 07:40:00,132.85,133.04,132.83,132.96,843.229
2025-12-06 07:45:00,132.96,133.11,132.92,132.98,756.169
2025-12-06 07:50:00,132.98,132.98,132.8,132.81,615.432
2025-12-06 07:55:00,132.81,132.82,132.68,132.72,726.627
2025-12-06 08:00:00,132.72,132.76,132.59,132.69,948.206
2025-12-06 08:05:00,132.69,132.79,132.69,132.7,517.112
2025-12-06 08:10:00,132.7,132.71,132.59,132.65,790.615
2025-12-06 08:15:00,132.65,132.87,132.6,132.7,1065.14
2025-12-06 08:20:00,132.7,132.7,132.36,132.42,2021.176
2025-12-06 08:25:00,132.42,132.48,132.29,132.36,1836.63
2025-12-06 08:30:00,132.36,132.48,132.18,132.31,1953.498
2025-12-06 08:35:00,132.31,132.42,132.15,132.17,1829.392
2025-12-06 08:40:00,132.17,132.33,132.13,132.28,1253.446
2025-12-06 08:45:00,132.28,132.32,132.14,132.22,807.651
2025-12-06 08:50:00,132.22,132.31,131.96,132.09,3983.158
2025-12-06 08:55:00,132.09,132.13,131.88,131.99,1360.378
2025-12-06 09:00:00,131.99,132.29,131.98,132.1,2023.93
2025-12-06 09:05:00,132.1,132.3,132.02,132.3,1507.926
2025-12-06 09:10:00,132.3,132.53,132.28,132.41,2778.13
2025-12-06 09:15:00,132.41,132.46,132.31,132.36,1503.046
2025-12-06 09:20:00,132.36,132.44,132.3,132.34,1173.101
2025-12-06 09:25:00,132.34,132.52,132.31,132.51,4670.458
2025-12-06 09:30:00,132.51,132.57,132.35,132.4,2008.125
2025-12-06 09:35:00,132.4,132.64,132.39,132.59,722.98
2025-12-06 09:40:00,132.59,132.73,132.59,132.65,1349.73
2025-12-06 09:45:00,132.65,132.78,132.65,132.66,1883.98
2025-12-06 09:50:00,132.66,132.72,132.58,132.59,1302.469
2025-12-06 09:55:00,132.59,132.62,132.44,132.51,1654.192
2025-12-06 10:00:00,132.51,132.63,132.46,132.46,989.508
2025-12-06 10:05:00,132.46,132.57,132.4,132.56,1168.684
2025-12-06 10:10:00,132.56,132.69,132.55,132.69,570.17
2025-12-06 10:15:00,132.69,132.83,132.68,132.78,918.118
2025-12-06 10:20:00,132.78,132.99,132.75,132.75,1625.95
2025-12-06 10:25:00,132.75,132.76,132.5,132.51,1008.062
2025-12-06 10:30:00,132.51,132.62,132.43,132.49,1777.421
2025-12-06 10:35:00,132.49,132.63,132.48,132.61,1106.058
2025-12-06 10:40:00,132.61,132.8,132.6,132.75,586.01
2025-12-06 10:45:00,132.75,132.81,132.56,132.63,1176.622
2025-12-06 10:50:00,132.63,132.73,132.63,132.69,869.397
2025-12-06 10:55:00,132.69,132.79,132.69,132.72,840.396
2025-12-06 11:00:00,132.72,132.82,132.69,132.73,955.725
2025-12-06 11:05:00,132.73,133.08,132.72,133.03,1635.693
2025-12-06 11:10:00,133.03,133.13,133.0,133.03,1701.019
2025-12-06 11:15:00,133.03,133.08,132.9,132.92,1395.012
2025-12-06 11:20:00,132.92,133.01,132.85,133.01,1011.448
2025-12-06 11:25:00,133.01,133.12,132.92,133.08,1088.492
2025-12-06 11:30:00,133.08,133.16,133.01,133.15,1430.875
2025-12-06 11:35:00,133.15,133.16,133.0,133.14,1043.677
2025-12-06 11:40:00,133.14,133.2,133.01,133.12,1838.566
2025-12-06 11:45:00,133.12,133.29,133.09,133.25,1827.567
2025-12-06 11:50:00,133.25,133.29,133.17,133.17,1722.919
2025-12-06 11:55:00,133.17,133.27,133.17,133.22,1282.809
2025-12-06 12:00:00,133.22,133.23,132.8,132.91,3044.776
2025-12-06 12:05:00,132.91,133.03,132.8,132.81,6602.501
2025-12-06 12:10:00,132.81,132.85,132.75,132.8,714.986
2025-12-06 12:15:00,132.8,132.99,132.69,132.94,664.862
2025-12-06 12:20:00,132.94,132.98,132.8,132.8,1016.757
2025-12-06 12:25:00,132.8,132.8,132.7,132.74,687.182
2025-12-06 12:30:00,132.74,132.95,132.74,132.92,359.393
2025-12-06 12:35:00,132.92,132.96,132.8,132.95,931.633
2025-12-06 12:40:00,132.95,132.95,132.73,132.81,337.713
2025-12-06 12:45:00,132.81,132.91,132.73,132.74,571.676
2025-12-06 12:50:00,132.74,132.76,132.62,132.65,1199.36
2025-12-06 12:55:00,132.65,132.69,132.62,132.64,402.875
2025-12-06 13:00:00,132.64,132.79,132.59,132.78,662.274
2025-12-06 13:05:00,132.78,132.87,132.67,132.7,715.557
2025-12-06 13:10:00,132.7,132.87,132.69,132.86,532.091
2025-12-06 13:15:00,132.86,133.01,132.83,133.01,518.09
2025-12-06 13:20:00,133.01,133.05,132.76,132.81,929.005
2025-12-06 13:25:00,132.81,133.06,132.81,133.01,454.323
2025-12-06 13:30:00,133.01,133.09,132.86,133.02,580.834
2025-12-06 13:35:00,133.02,133.32,133.0,133.01,1199.216
2025-12-06 13:40:00,133.01,133.21,133.0,133.15,788.982
2025-12-06 13:45:00,133.15,133.17,133.03,133.03,960.463
2025-12-06 13:50:00,133.03,133.16,132.92,133.03,1324.039
2025-12-06 13:55:00,133.03,133.08,132.93,132.95,707.315
2025-12-06 14:00:00,132.95,133.02,132.85,132.98,869.073
2025-12-06 14:05:00,132.98,133.14,132.88,132.89,730.611
2025-12-06 14:10:00,132.89,132.98,132.82,132.91,579.306
2025-12-06 14:15:00,132.91,133.99,132.89,133.66,13631.14
2025-12-06 14:20:00,133.66,133.68,133.1,133.24,7755.419
2025-12-06 14:25:00,133.24,133.26,133.14,133.25,1532.335
2025-12-06 14:30:00,133.25,133.61,133.16,133.57,2704.911
2025-12-06 14:35:00,133.57,133.61,133.38,133.61,4734.122
2025-12-06 14:40:00,133.61,133.72,133.48,133.7,2614.732
2025-12-06 14:45:00,133.7,133.9,133.68,133.73,2467.172
2025-12-06 14:50:00,133.73,133.84,133.48,133.81,2979.509
2025-12-06 14:55:00,133.81,133.86,133.69,133.73,2214.409
2025-12-06 15:00:00,133.73,133.79,133.39,133.58,2900.48
2025-12-06 15:05:00,133.58,133.58,132.89,132.96,9005.828
2025-12-06 15:10:00,132.96,133.04,132.9,133.0,1034.189
2025-12-06 15:15:00,133.0,133.0,132.31,132.38,5163.685
2025-12-06 15:20:00,132.38,132.65,132.21,132.43,3428.478
2025-12-06 15:25:00,132.43,132.57,132.39,132.53,1407.891
2025-12-06 15:30:00,132.53,132.77,132.33,132.52,2358.633
2025-12-06 15:35:00,132.52,132.67,132.47,132.6,917.134
2025-12-06 15:40:00,132.6,133.11,132.6,133.04,3276.557
2025-12-06 15:45:00,133.04,133.13,132.98,133.07,1354.66
2025-12-06 15:50:00,133.07,133.07,132.98,133.05,789.696
2025-12-06 15:55:00,133.05,133.06,132.85,132.87,808.105
2025-12-06 16:00:00,132.87,133.31,132.79,133.14,4332.144
2025-12-06 16:05:00,133.14,133.38,133.07,133.33,1763.699
2025-12-06 16:10:00,133.33,133.43,133.22,133.26,1090.55
2025-12-06 16:15:00,133.26,133.44,133.23,133.37,926.713
2025-12-06 16:20:00,133.37,133.4,133.16,133.24,1417.703
2025-12-06 16:25:00,133.24,133.27,133.11,133.12,2230.687
2025-12-06 16:30:00,133.12,133.14,132.9,133.11,1717.217
2025-12-06 16:35:00,133.11,133.49,133.01,133.43,1368.248
2025-12-06 16:40:00,133.43,133.51,133.3,133.42,1696.961
2025-12-06 16:45:00,133.42,133.55,133.15,133.16,1865.049
2025-12-06 16:50:00,133.16,133.17,132.84,132.95,1763.068
2025-12-06 16:55:00,132.95,133.11,132.91,133.09,1918.593
2025-12-06 17:00:00,133.09,133.24,132.88,133.21,6371.245
2025-12-06 17:05:00,133.21,133.39,133.2,133.36,1597.618
2025-12-06 17:10:00,133.36,133.36,133.01,133.12,1451.393
2025-12-06 17:15:00,133.12,133.2,132.98,133.02,1663.341
2025-12-06 17:20:00,133.02,133.17,132.88,133.08,4506.046
2025-12-06 17:25:00,133.08,133.28,133.07,133.27,3230.297
2025-12-06 17:30:00,133.27,133.27,132.97,133.0,2381.282
2025-12-06 17:35:00,133.0,133.04,132.81,132.82,3875.994
2025-12-06 17:40:00,132.82,132.87,132.68,132.7,5870.048
2025-12-06 17:45:00,132.7,132.81,132.67,132.74,3993.952
2025-12-06 17:50:00,132.74,132.9,132.68,132.89,3871.17
2025-12-06 17:55:00,132.89,133.02,132.88,132.95,2920.415
2025-12-06 18:00:00,132.95,132.97,132.71,132.77,4049.637
2025-12-06 18:05:00,132.77,132.78,132.62,132.68,3033.289
2025-12-06 18:10:00,132.68,133.07,132.68,133.01,3032.583
2025-12-06 18:15:00,133.01,133.19,133.0,133.07,2936.843
2025-12-06 18:20:00,133.07,133.08,132.93,132.98,2402.24
2025-12-06 18:25:00,132.98,133.14,132.95,133.07,1922.976
2025-12-06 18:30:00,133.07,133.18,132.89,133.08,3010.352
2025-12-06 18:35:00,133.08,133.09,132.81,132.86,1884.854
2025-12-06 18:40:00,132.86,132.97,132.8,132.86,1923.282
2025-12-06 18:45:00,132.86,132.93,132.8,132.86,1933.012
2025-12-06 18:50:00,132.86,132.86,132.62,132.65,2174.407
2025-12-06 18:55:00,132.65,132.88,132.64,132.79,1713.6
2025-12-06 19:00:00,132.79,132.97,132.7,132.93,1987.716
2025-12-06 19:05:00,132.93,132.93,132.14,132.47,8008.03
2025-12-06 19:10:00,132.47,132.49,132.37,132.39,1829.537
2025-12-06 19:15:00,132.39,132.43,132.3,132.34,2312.354
2025-12-06 19:20:00,132.34,132.35,132.1,132.27,3292.028
2025-12-06 19:25:00,132.27,132.47,132.16,132.47,2717.024
2025-12-06 19:30:00,132.47,132.48,131.82,132.07,9010.415
2025-12-06 19:35:00,132.07,132.17,131.88,131.99,4105.893
2025-12-06 19:40:00,131.99,132.22,131.97,131.99,1468.86
2025-12-06 19:45:00,131.99,132.09,131.94,132.08,4794.753
2025-12-06 19:50:00,132.08,132.09,131.96,132.04,2669.472
2025-12-06 19:55:00,132.04,132.14,132.0,132.06,905.919
2025-12-06 20:00:00,132.06,132.37,132.06,132.3,1399.117
2025-12-06 20:05:00,132.3,132.37,132.15,132.18,1754.463
2025-12-06 20:10:00,132.18,132.45,132.18,132.28,587.59
2025-12-06 20:15:00,132.28,132.5,132.22,132.5,945.0
2025-12-06 20:20:00,132.5,132.51,132.32,132.35,772.107
2025-12-06 20:25:00,132.35,132.39,132.28,132.37,927.257
2025-12-06 20:30:00,132.37,132.41,132.21,132.24,733.363
2025-12-06 20:35:00,132.24,132.49,132.24,132.41,605.517
2025-12-06 20:40:00,132.41,132.6,132.39,132.57,660.296
2025-12-06 20:45:00,132.57,132.62,132.45,132.46,1902.268
2025-12-06 20:50:00,132.46,132.46,132.29,132.4,1876.045
2025-12-06 20:55:00,132.4,132.54,132.36,132.49,1675.148
2025-12-06 21:00:00,132.49,132.59,132.34,132.59,1271.083
2025-12-06 21:05:00,132.59,132.91,132.42,132.52,3127.402
2025-12-06 21:10:00,132.52,132.6,132.39,132.46,1719.751
2025-12-06 21:15:00,132.46,132.65,132.36,132.52,1735.005
2025-12-06 21:20:00,132.52,132.57,132.3,132.35,1111.89
2025-12-06 21:25:00,132.35,132.43,132.22,132.31,547.668
2025-12-06 21:30:00,132.31,132.47,132.28,132.36,1697.875
2025-12-06 21:35:00,132.36,132.46,132.35,132.37,984.779
2025-12-06 21:40:00,132.37,132.61,132.37,132.4,575.054
2025-12-06 21:45:00,132.4,132.51,132.36,132.46,533.332
2025-12-06 21:50:00,132.46,132.58,132.32,132.35,697.641
2025-12-06 21:55:00,132.35,132.45,132.34,132.4,231.085
2025-12-06 22:00:00,132.4,132.46,132.29,132.34,386.117
2025-12-06 22:05:00,132.34,132.44,132.15,132.15,800.131
2025-12-06 22:10:00,132.15,132.4,131.82,132.39,2916.556
2025-12-06 22:15:00,132.39,132.61,132.2,132.51,1091.715
2025-12-06 22:20:00,132.51,132.52,132.29,132.3,1512.962
2025-12-06 22:25:00,132.3,132.39,132.17,132.17,782.117
2025-12-06 22:30:00,132.17,132.31,132.13,132.21,1084.247
2025-12-06 22:35:00,132.21,132.29,132.14,132.27,728.532
2025-12-06 22:40:00,132.27,132.3,132.07,132.2,692.993
2025-12-06 22:45:00,132.2,132.36,132.14,132.3,591.536
2025-12-06 22:50:00,132.3,132.31,132.11,132.11,732.143
2025-12-06 22:55:00,132.11,132.22,132.1,132.15,743.092
2025-12-06 23:00:00,132.15,132.22,131.7,131.81,3744.597
2025-12-06 23:05:00,131.81,132.0,131.52,131.53,2764.632
2025-12-06 23:10:00,131.53,131.8,131.47,131.73,1649.866
2025-12-06 23:15:00,131.73,131.92,131.68,131.81,1492.198
2025-12-06 23:20:00,131.81,131.88,131.3,131.52,4641.138
2025-12-06 23:25:00,131.52,131.57,131.32,131.56,3000.606
2025-12-06 23:30:00,131.56,131.72,131.5,131.67,2290.599
2025-12-06 23:35:00,131.67,131.9,131.65,131.87,1386.591
2025-12-06 23:40:00,131.87,132.04,131.77,131.94,3324.958
2025-12-06 23:45:00,131.94,132.18,131.87,132.1,2898.055
2025-12-06 23:50:00,132.1,132.31,132.09,132.27,1947.809
2025-12-06 23:55:00,132.27,132.36,132.19,132.19,634.468
2025-12-07 00:00:00,132.19,132.36,132.08,132.36,1181.985
2025-12-07 00:05:00,132.36,132.49,132.21,132.26,1324.041
2025-12-07 00:10:00,132.26,132.35,131.93,132.0,1429.207
2025-12-07 00:15:00,132.0,132.23,131.97,132.09,695.067
2025-12-07 00:20:00,132.09,132.29,132.06,132.23,1336.178
2025-12-07 00:25:00,132.23,132.29,132.11,132.17,939.444
2025-12-07 00:30:00,132.17,132.34,132.09,132.29,473.002
2025-12-07 00:35:00,132.29,132.57,132.27,132.51,2215.014
2025-12-07 00:40:00,132.51,132.7,132.5,132.56,773.029
2025-12-07 00:45:00,132.56,132.59,132.23,132.23,1442.148
2025-12-07 00:50:00,132.23,132.55,132.23,132.42,1020.725
2025-12-07 00:55:00,132.42,132.53,132.37,132.38,1014.57
2025-12-07 01:00:00,132.38,132.53,132.32,132.41,628.232
2025-12-07 01:05:00,132.41,132.55,132.33,132.39,868.845
2025-12-07 01:10:00,132.39,132.64,132.38,132.57,580.848
2025-12-07 01:15:00,132.57,132.77,132.56,132.77,599.427
2025-12-07 01:20:00,132.77,132.8,132.66,132.68,618.417
2025-12-07 01:25:00,132.68,132.68,132.46,132.63,813.257
2025-12-07 01:30:00,132.63,132.68,132.49,132.66,496.681
2025-12-07 01:35:00,132.66,132.73,132.53,132.57,4012.315
2025-12-07 01:40:00,132.57,132.67,132.53,132.59,620.186
2025-12-07 01:45:00,132.59,132.65,132.48,132.64,749.431
2025-12-07 01:50:00,132.64,132.7,132.53,132.57,1339.554
2025-12-07 01:55:00,132.57,132.57,132.3,132.32,1345.522
2025-12-07 02:00:00,132.32,132.8,132.31,132.75,2077.055
2025-12-07 02:05:00,132.75,132.75,132.62,132.65,2257.43
2025-12-07 02:10:00,132.65,132.74,132.62,132.69,937.352
2025-12-07 02:15:00,132.69,133.03,132.69,133.02,2133.194
2025-12-07 02:20:00,133.02,133.09,132.91,132.92,1243.898
2025-12-07 02:25:00,132.92,132.92,132.82,132.86,715.96
2025-12-07 02:30:00,132.86,132.96,132.8,132.93,1424.564
2025-12-07 02:35:00,132.93,132.96,132.68,132.77,1266.17
2025-12-07 02:40:00,132.77,132.91,132.72,132.91,1148.85
2025-12-07 02:45:00,132.91,133.08,132.89,133.07,673.835
2025-12-07 02:50:00,133.07,133.29,133.07,133.25,5904.544
2025-12-07 02:55:00,133.25,133.45,133.19,133.28,2099.954
2025-12-07 03:00:00,133.28,133.32,133.09,133.2,4240.692
2025-12-07 03:05:00,133.2,133.32,133.19,133.27,2171.386
2025-12-07 03:10:00,133.27,133.41,133.2,133.26,1564.409
2025-12-07 03:15:00,133.26,133.26,133.1,133.18,2072.94
2025-12-07 03:20:00,133.18,133.19,133.02,133.13,2132.851
2025-12-07 03:25:00,133.13,133.16,133.1,133.14,841.011
2025-12-07 03:30:00,133.14,133.32,133.14,133.3,1850.766
2025-12-07 03:35:00,133.3,133.39,133.23,133.33,2305.777
2025-12-07 03:40:00,133.33,133.44,133.32,133.43,1628.773
2025-12-07 03:45:00,133.43,133.56,133.43,133.52,2965.336
2025-12-07 03:50:00,133.52,133.58,133.44,133.47,1029.476
2025-12-07 03:55:00,133.47,133.54,133.44,133.5,800.807
2025-12-07 04:00:00,133.5,133.54,133.35,133.47,1008.909
2025-12-07 04:05:00,133.47,133.54,133.46,133.51,1362.217
2025-12-07 04:10:00,133.51,133.51,133.3,133.36,2088.173
2025-12-07 04:15:00,133.36,133.37,133.25,133.28,1429.766
2025-12-07 04:20:00,133.28,133.29,133.16,133.19,1299.39
2025-12-07 04:25:00,133.19,133.24,133.16,133.18,3194.025
2025-12-07 04:30:00,133.18,133.25,133.0,133.13,2679.447
2025-12-07 04:35:00,133.13,133.2,132.88,132.9,1944.893
2025-12-07 04:40:00,132.9,132.95,132.89,132.89,3931.99
2025-12-07 04:45:00,132.89,133.07,132.88,133.0,606.696
2025-12-07 04:50:00,133.0,133.11,133.0,133.11,850.682
2025-12-07 04:55:00,133.11,133.11,132.97,133.01,425.858
2025-12-07 05:00:00,133.01,133.23,133.01,133.02,911.361
2025-12-07 05:05:00,133.02,133.08,132.89,132.91,606.211
2025-12-07 05:10:00,132.91,132.92,132.78,132.88,749.983
2025-12-07 05:15:00,132.88,132.94,132.67,132.71,610.46
2025-12-07 05:20:00,132.71,132.8,132.71,132.77,345.633
2025-12-07 05:25:00,132.77,132.89,132.71,132.72,475.111
2025-12-07 05:30:00,132.72,132.83,132.68,132.83,571.613
2025-12-07 05:35:00,132.83,132.93,132.83,132.88,825.665
2025-12-07 05:40:00,132.88,133.03,132.88,132.92,628.813
2025-12-07 05:45:00,132.92,132.97,132.85,132.85,502.139
2025-12-07 05:50:00,132.85,132.99,132.77,132.83,1679.628
2025-12-07 05:55:00,132.83,132.89,132.81,132.81,454.219
2025-12-07 06:00:00,132.81,132.82,132.73,132.77,315.132
2025-12-07 06:05:00,132.77,133.07,132.77,132.94,521.125
2025-12-07 06:10:00,132.94,133.09,132.94,132.99,1053.776
2025-12-07 06:15:00,132.99,132.99,132.9,132.97,669.781
2025-12-07 06:20:00,132.97,133.13,132.96,133.01,572.915
2025-12-07 06:25:00,133.01,133.2,133.01,133.13,1375.072
2025-12-07 06:30:00,133.13,133.19,133.06,133.18,513.258
2025-12-07 06:35:00,133.18,133.24,133.15,133.16,1439.926
2025-12-07 06:40:00,133.16,133.23,133.14,133.15,435.604
2025-12-07 06:45:00,133.15,133.19,133.03,133.04,401.632
2025-12-07 06:50:00,133.04,133.12,133.0,133.08,440.013
2025-12-07 06:55:00,133.08,133.19,133.08,133.09,680.51
2025-12-07 07:00:00,133.09,133.14,132.92,132.96,1031.2
2025-12-07 07:05:00,132.96,133.0,132.77,132.84,484.343
2025-12-07 07:10:00,132.84,132.84,132.36,132.48,1408.418
2025-12-07 07:15:00,132.48,132.58,132.36,132.46,1341.018
2025-12-07 07:20:00,132.46,132.62,132.4,132.54,438.317
2025-12-07 07:25:00,132.54,132.56,132.38,132.45,1763.851
2025-12-07 07:30:00,132.45,132.45,132.14,132.33,3041.453
2025-12-07 07:35:00,132.33,132.33,132.09,132.13,2678.349
2025-12-07 07:40:00,132.13,132.14,132.0,132.02,2349.396
2025-12-07 07:45:00,132.02,132.12,131.92,132.12,3546.794
2025-12-07 07:50:00,132.12,132.3,132.11,132.19,2989.442
2025-12-07 07:55:00,132.19,132.19,131.98,132.09,2991.932
2025-12-07 08:00:00,132.09,132.09,131.78,131.78,3592.421
2025-12-07 08:05:00,131.78,131.94,131.69,131.93,2655.541
2025-12-07 08:10:00,131.93,131.95,131.68,131.75,2188.137
2025-12-07 08:15:00,131.75,131.95,131.69,131.94,1597.818
2025-12-07 08:20:00,131.94,132.1,131.9,132.1,2029.571
2025-12-07 08:25:00,132.1,132.24,132.05,132.2,1758.392
2025-12-07 08:30:00,132.2,132.26,132.11,132.13,2242.701
2025-12-07 08:35:00,132.13,132.59,132.1,132.5,1503.741
2025-12-07 08:40:00,132.5,132.57,132.44,132.47,1379.867
2025-12-07 08:45:00,132.47,132.5,132.29,132.4,1255.23
2025-12-07 08:50:00,132.4,132.41,132.15,132.18,875.669
2025-12-07 08:55:00,132.18,132.18,131.9,131.9,1597.081
2025-12-07 09:00:00,131.9,132.11,131.9,131.97,1430.542
2025-12-07 09:05:00,131.97,132.02,131.91,131.99,1225.392
2025-12-07 09:10:00,131.99,132.01,131.91,131.95,1131.491
2025-12-07 09:15:00,131.95,132.06,131.91,131.96,1805.389
2025-12-07 09:20:00,131.96,131.98,131.6,131.64,3290.199
2025-12-07 09:25:00,131.64,131.74,131.53,131.71,2140.959
2025-12-07 09:30:00,131.71,131.95,131.68,131.92,2871.31
2025-12-07 09:35:00,131.92,131.96,131.75,131.83,1376.907
2025-12-07 09:40:00,131.83,131.87,131.77,131.84,2530.067
2025-12-07 09:45:00,131.84,131.91,131.64,131.71,6519.078
2025-12-07 09:50:00,131.71,131.88,131.68,131.84,3417.385
2025-12-07 09:55:00,131.84,131.95,131.8,131.88,1181.805
2025-12-07 10:00:00,131.88,132.08,131.87,131.97,3049.573
2025-12-07 10:05:00,131.97,131.99,131.83,131.97,1027.229
2025-12-07 10:10:00,131.97,132.14,131.95,132.08,973.47
2025-12-07 10:15:00,132.08,132.1,131.96,132.04,1168.837
2025-12-07 10:20:00,132.04,132.14,131.96,131.99,1377.326
2025-12-07 10:25:00,131.99,132.09,131.9,131.98,3348.121
2025-12-07 10:30:00,131.98,132.03,131.72,131.73,1017.349
2025-12-07 10:35:00,131.73,132.0,131.72,131.99,786.904
2025-12-07 10:40:00,131.99,132.42,131.99,132.31,1464.978
2025-12-07 10:45:00,132.31,132.54,132.18,132.48,860.979
2025-12-07 10:50:00,132.48,132.52,132.33,132.33,808.559
2025-12-07 10:55:00,132.33,132.36,132.25,132.27,571.12
2025-12-07 11:00:00,132.27,132.32,132.16,132.3,659.55
2025-12-07 11:05:00,132.3,132.52,132.29,132.52,726.254
2025-12-07 11:10:00,132.52,132.52,132.36,132.46,1025.854
2025-12-07 11:15:00,132.46,132.5,132.38,132.4,682.983
2025-12-07 11:20:00,132.4,132.48,132.26,132.32,395.025
2025-12-07 11:25:00,132.32,132.35,132.22,132.27,471.612
2025-12-07 11:30:00,132.27,132.48,132.27,132.41,310.182
2025-12-07 11:35:00,132.41,132.48,132.35,132.39,750.911
2025-12-07 11:40:00,132.39,132.41,132.35,132.39,409.701
2025-12-07 11:45:00,132.39,132.39,132.18,132.29,1697.055
2025-12-07 11:50:00,132.29,132.39,132.22,132.32,612.062
2025-12-07 11:55:00,132.32,132.44,132.32,132.44,536.681
2025-12-07 12:00:00,132.44,132.5,132.36,132.49,700.803
2025-12-07 12:05:00,132.49,132.74,132.44,132.64,2203.116
2025-12-07 12:10:00,132.64,132.78,132.62,132.73,1041.401
2025-12-07 12:15:00,132.73,132.86,132.57,132.63,1884.267
2025-12-07 12:20:00,132.63,132.73,132.63,132.72,710.271
2025-12-07 12:25:00,132.72,132.72,132.58,132.6,3536.154
2025-12-07 12:30:00,132.6,132.65,132.47,132.52,3736.809
2025-12-07 12:35:00,132.52,132.67,132.48,132.63,1101.301
2025-12-07 12:40:00,132.63,132.7,132.59,132.66,1114.294
2025-12-07 12:45:00,132.66,133.07,132.65,133.03,4226.583
2025-12-07 12:50:00,133.03,133.06,132.82,132.95,2143.402
2025-12-07 12:55:00,132.95,132.95,132.83,132.89,1310.058
2025-12-07 13:00:00,132.89,133.02,132.82,132.85,3079.781
2025-12-07 13:05:00,132.85,132.87,132.75,132.78,1377.425
2025-12-07 13:10:00,132.78,132.8,132.27,132.36,3063.669
2025-12-07 13:15:00,132.36,132.5,132.32,132.45,855.682
2025-12-07 13:20:00,132.45,132.5,131.54,131.78,7030.698
2025-12-07 13:25:00,131.78,132.0,131.76,131.85,2156.582
2025-12-07 13:30:00,131.85,132.05,131.7,131.79,2251.033
2025-12-07 13:35:00,131.79,131.82,131.6,131.66,1792.838
2025-12-07 13:40:00,131.66,131.88,131.62,131.72,3310.444
2025-12-07 13:45:00,131.72,131.94,131.67,131.91,10785.968
2025-12-07 13:50:00,131.91,131.95,131.75,131.79,1497.888
2025-12-07 13:55:00,131.79,131.93,131.72,131.73,1607.126
2025-12-07 14:00:00,131.73,131.84,131.28,131.28,2644.664
2025-12-07 14:05:00,131.28,131.59,131.15,131.3,4452.328
2025-12-07 14:10:00,131.3,131.43,131.18,131.21,2125.404
2025-12-07 14:15:00,131.21,131.31,130.68,130.86,7547.742
2025-12-07 14:20:00,130.86,131.07,128.82,129.16,16296.84
2025-12-07 14:25:00,129.16,129.41,128.17,128.8,47125.72
2025-12-07 14:30:00,128.8,128.87,127.72,128.41,16897.55
2025-12-07 14:35:00,128.41,128.95,128.23,128.63,10207.339
2025-12-07 14:40:00,128.63,128.63,128.22,128.45,9675.126
2025-12-07 14:45:00,128.45,128.87,128.22,128.77,7158.893
2025-12-07 14:50:00,128.77,128.77,128.15,128.22,7492.431
2025-12-07 14:55:00,128.22,128.35,128.1,128.18,6698.59
2025-12-07 15:00:00,128.18,128.41,128.05,128.24,6468.765
2025-12-07 15:05:00,128.24,129.66,128.21,129.5,10840.477
2025-12-07 15:10:00,129.5,129.96,129.26,129.45,9998.448
2025-12-07 15:15:00,129.45,129.58,128.97,129.02,7638.053
2025-12-07 15:20:00,129.02,129.25,128.81,129.07,5061.468
2025-12-07 15:25:00,129.07,129.27,129.0,129.06,2373.043
2025-12-07 15:30:00,129.06,129.66,129.04,129.6,3177.448
2025-12-07 15:35:00,129.6,130.0,129.55,129.59,12999.727
2025-12-07 15:40:00,129.59,129.75,129.54,129.65,2489.866
2025-12-07 15:45:00,129.65,129.88,129.57,129.8,3414.972
2025-12-07 15:50:00,129.8,130.59,129.8,130.51,3630.866
2025-12-07 15:55:00,130.51,132.24,130.48,132.05,42369.729
2025-12-07 16:00:00,132.05,132.05,131.04,131.06,17237.23
2025-12-07 16:05:00,131.06,131.24,130.77,130.81,5904.208
2025-12-07 16:10:00,130.81,131.14,130.67,130.88,8806.028
2025-12-07 16:15:00,130.88,131.28,130.56,131.0,8104.963
2025-12-07 16:20:00,131.0,131.13,130.83,130.9,3541.684
2025-12-07 16:25:00,130.9,130.95,130.73,130.87,2101.089
2025-12-07 16:30:00,130.87,130.91,130.5,130.71,2603.413
2025-12-07 16:35:00,130.71,131.0,130.63,130.86,2004.24
2025-12-07 16:40:00,130.86,130.87,130.58,130.77,3238.837
2025-12-07 16:45:00,130.77,130.81,130.69,130.77,2520.066
2025-12-07 16:50:00,130.77,130.99,130.74,130.85,1359.006
2025-12-07 16:55:00,130.85,132.0,130.8,132.0,6056.172
2025-12-07 17:00:00,132.0,132.0,131.49,131.73,8599.446
2025-12-07 17:05:00,131.73,131.77,131.39,131.39,4654.076
2025-12-07 17:10:00,131.39,131.97,131.29,131.95,2808.433
2025-12-07 17:15:00,131.95,133.31,131.92,133.29,21733.487
2025-12-07 17:20:00,133.29,134.07,133.13,133.81,27226.056
2025-12-07 17:25:00,133.81,134.23,133.56,134.15,17932.993
2025-12-07 17:30:00,134.15,135.16,134.13,135.13,24480.009
2025-12-07 17:35:00,135.13,135.53,134.65,134.69,25948.673
2025-12-07 17:40:00,134.69,134.83,134.3,134.74,8926.806
2025-12-07 17:45:00,134.74,135.09,134.35,134.89,11901.915
2025-12-07 17:50:00,134.89,135.12,134.6,134.77,6411.561
2025-12-07 17:55:00,134.77,135.0,134.64,134.81,4218.753
2025-12-07 18:00:00,134.81,135.6,134.81,135.53,7943.934
2025-12-07 18:05:00,135.53,135.58,135.3,135.47,5311.648
2025-12-07 18:10:00,135.47,135.57,135.2,135.43,4137.476
2025-12-07 18:15:00,135.43,135.95,135.12,135.69,7229.341
2025-12-07 18:20:00,135.69,136.03,135.46,135.94,5517.859
2025-12-07 18:25:00,135.94,136.19,135.8,135.99,6984.563
2025-12-07 18:30:00,135.99,136.13,135.83,135.9,9414.649
2025-12-07 18:35:00,135.9,136.14,135.68,135.71,4314.251
2025-12-07 18:40:00,135.71,135.97,135.62,135.91,2988.815
2025-12-07 18:45:00,135.91,136.28,135.91,136.18,2482.037
2025-12-07 18:50:00,136.18,136.29,135.89,135.89,3706.813
2025-12-07 18:55:00,135.89,136.07,135.77,136.04,2832.399
2025-12-07 19:00:00,136.04,136.16,135.57,135.6,3376.197
2025-12-07 19:05:00,135.6,135.6,135.23,135.44,5038.112
2025-12-07 19:10:00,135.44,135.54,135.23,135.45,2614.019
2025-12-07 19:15:00,135.45,135.64,135.35,135.5,1450.426
2025-12-07 19:20:00,135.5,135.58,135.23,135.28,4016.053
2025-12-07 19:25:00,135.28,135.41,135.18,135.41,5849.676
2025-12-07 19:30:00,135.41,135.9,135.36,135.67,2852.964
2025-12-07 19:35:00,135.67,135.71,135.49,135.61,1952.342
2025-12-07 19:40:00,135.61,135.96,135.58,135.84,1370.208
2025-12-07 19:45:00,135.84,135.93,135.74,135.88,1492.334
2025-12-07 19:50:00,135.88,135.96,135.77,135.8,1033.0
2025-12-07 19:55:00,135.8,135.84,135.61,135.72,647.78
2025-12-07 20:00:00,135.72,136.08,135.7,135.7,3089.854
2025-12-07 20:05:00,135.7,135.9,135.68,135.79,1235.486
2025-12-07 20:10:00,135.79,135.89,135.78,135.86,1629.467
2025-12-07 20:15:00,135.86,135.97,135.78,135.86,1065.309
2025-12-07 20:20:00,135.86,136.14,135.76,136.09,1604.593
2025-12-07 20:25:00,136.09,136.26,136.08,136.23,3001.748
2025-12-07 20:30:00,136.23,136.23,135.79,135.88,1130.491
2025-12-07 20:35:00,135.88,136.03,135.81,136.0,1425.005
2025-12-07 20:40:00,136.0,136.05,135.87,136.03,1306.568
2025-12-07 20:45:00,136.03,136.06,135.89,135.99,904.012
2025-12-07 20:50:00,135.99,136.01,135.64,135.94,1156.577
2025-12-07 20:55:00,135.94,136.35,135.93,136.2,1670.013
2025-12-07 21:00:00,136.2,136.2,135.63,135.8,2364.7
2025-12-07 21:05:00,135.8,135.85,135.65,135.72,2224.489
2025-12-07 21:10:00,135.72,135.86,135.44,135.49,1511.458
2025-12-07 21:15:00,135.49,135.57,135.44,135.51,2506.382
2025-12-07 21:20:00,135.51,135.52,135.3,135.39,5224.897
2025-12-07 21:25:00,135.39,135.43,135.13,135.13,5045.161
2025-12-07 21:30:00,135.13,135.25,135.0,135.11,4706.333
2025-12-07 21:35:00,135.11,135.11,134.31,134.34,5575.944
2025-12-07 21:40:00,134.34,134.49,133.82,133.84,8899.154
2025-12-07 21:45:00,133.84,134.01,133.26,133.52,11448.319
2025-12-07 21:50:00,133.52,133.6,133.01,133.02,10033.432
2025-12-07 21:55:00,133.02,133.28,132.45,133.09,6388.324
2025-12-07 22:00:00,133.09,133.09,132.12,132.12,3478.563
2025-12-07 22:05:00,132.12,132.21,129.84,130.84,30364.278
2025-12-07 22:10:00,130.84,131.67,130.61,131.15,17710.437
2025-12-07 22:15:00,131.15,131.37,130.84,131.02,5770.978
2025-12-07 22:20:00,131.02,131.28,130.8,130.87,4069.816
2025-12-07 22:25:00,130.87,131.67,130.84,131.67,3806.291
2025-12-07 22:30:00,131.67,132.36,131.33,131.98,5250.863
2025-12-07 22:35:00,131.98,132.35,131.66,132.23,3131.653
2025-12-07 22:40:00,132.23,132.41,132.01,132.41,2503.493
2025-12-07 22:45:00,132.41,132.56,131.96,132.06,2471.309
2025-12-07 22:50:00,132.06,132.25,131.22,131.3,2918.64
2025-12-07 22:55:00,131.3,131.49,130.48,131.25,9168.914
2025-12-07 23:00:00,131.25,131.63,131.12,131.4,2162.46
2025-12-07 23:05:00,131.4,131.4,130.69,130.69,7887.339
2025-12-07 23:10:00,130.69,131.12,130.63,130.99,2103.868
2025-12-07 23:15:00,130.99,131.33,130.95,130.98,2781.673
2025-12-07 23:20:00,130.98,131.58,130.98,131.51,2329.539
2025-12-07 23:25:00,131.51,131.71,131.39,131.61,2552.431
2025-12-07 23:30:00,131.61,131.74,131.45,131.65,1650.422
2025-12-07 23:35:00,131.65,131.78,131.11,131.33,2209.701
2025-12-07 23:40:00,131.33,131.34,131.0,131.23,2113.84
2025-12-07 23:45:00,131.23,131.56,131.13,131.5,1155.054
2025-12-07 23:50:00,131.5,131.76,131.42,131.76,2466.995
2025-12-07 23:55:00,131.76,132.4,131.73,132.29,5506.418
2025-12-08 00:00:00,132.29,132.29,131.67,132.09,2970.213
2025-12-08 00:05:00,132.09,132.21,131.87,132.09,3411.061
2025-12-08 00:10:00,132.09,132.11,131.79,131.91,2633.662
2025-12-08 00:15:00,131.91,132.16,131.68,131.68,1997.854
2025-12-08 00:20:00,131.68,132.41,131.6,132.22,2910.526
2025-12-08 00:25:00,132.22,132.41,132.11,132.15,1951.907
2025-12-08 00:30:00,132.15,132.45,132.09,132.45,1128.142
2025-12-08 00:35:00,132.45,132.76,132.15,132.41,3445.453
2025-12-08 00:40:00,132.41,132.42,132.01,132.08,1806.345
2025-12-08 00:45:00,132.08,132.08,131.61,131.95,3128.136
2025-12-08 00:50:00,131.95,131.95,131.71,131.78,2802.133
2025-12-08 00:55:00,131.78,131.81,131.57,131.6,2869.183
2025-12-08 01:00:00,131.6,131.99,131.53,131.86,3739.843
2025-12-08 01:05:00,131.86,132.38,131.79,132.35,2595.762
2025-12-08 01:10:00,132.35,132.64,132.31,132.48,2492.493
2025-12-08 01:15:00,132.48,132.58,132.22,132.39,1773.469
2025-12-08 01:20:00,132.39,132.6,132.24,132.57,1790.765
2025-12-08 01:25:00,132.57,133.63,132.56,133.46,7256.754
2025-12-08 01:30:00,133.46,134.14,133.45,133.48,8559.512
2025-12-08 01:35:00,133.48,134.34,133.47,134.34,4980.562
2025-12-08 01:40:00,134.34,134.48,133.58,133.6,5541.898
2025-12-08 01:45:00,133.6,133.79,133.42,133.68,3187.32
2025-12-08 01:50:00,133.68,133.68,133.32,133.6,2135.954
2025-12-08 01:55:00,133.6,133.65,133.17,133.37,3145.376
2025-12-08 02:00:00,133.37,133.58,133.14,133.39,1917.676
2025-12-08 02:05:00,133.39,133.61,133.2,133.32,3138.611
2025-12-08 02:10:00,133.32,133.6,133.22,133.5,2068.616
2025-12-08 02:15:00,133.5,133.79,133.43,133.61,2728.692
2025-12-08 02:20:00,133.61,133.73,133.46,133.73,1551.387
2025-12-08 02:25:00,133.73,133.8,133.64,133.78,1409.479
2025-12-08 02:30:00,133.78,133.94,133.6,133.61,1555.294
2025-12-08 02:35:00,133.61,133.85,133.32,133.82,2855.869
2025-12-08 02:40:00,133.82,134.0,133.71,133.99,1470.495
2025-12-08 02:45:00,133.99,134.05,133.74,133.81,1786.238
2025-12-08 02:50:00,133.81,134.07,133.79,133.99,1687.687
2025-12-08 02:55:00,133.99,134.19,133.99,134.04,1559.443
2025-12-08 03:00:00,134.04,134.27,133.79,134.09,3046.267
2025-12-08 03:05:00,134.09,134.14,133.88,133.97,3049.213
2025-12-08 03:10:00,133.97,134.07,133.8,133.84,1606.62
2025-12-08 03:15:00,133.84,134.17,133.76,134.17,3294.66
2025-12-08 03:20:00,134.17,134.48,134.13,134.38,3052.168
2025-12-08 03:25:00,134.38,134.69,134.38,134.45,2773.867
2025-12-08 03:30:00,134.45,134.53,134.37,134.53,1677.746
2025-12-08 03:35:00,134.53,134.7,134.2,134.24,2195.184
2025-12-08 03:40:00,134.24,134.24,134.04,134.05,2913.651
2025-12-08 03:45:00,134.05,134.2,133.96,134.16,1765.57
2025-12-08 03:50:00,134.16,134.28,134.06,134.2,1217.626
2025-12-08 03:55:00,134.2,134.41,134.13,134.31,1648.888
2025-12-08 04:00:00,134.31,134.54,134.14,134.16,1558.817
2025-12-08 04:05:00,134.16,134.3,134.07,134.3,1912.562
2025-12-08 04:10:00,134.3,134.45,134.3,134.32,1142.409
2025-12-08 04:15:00,134.32,134.49,134.23,134.46,1325.509
2025-12-08 04:20:00,134.46,134.57,134.39,134.48,1588.448
2025-12-08 04:25:00,134.48,134.93,134.48,134.65,2812.471
2025-12-08 04:30:00,134.65,135.18,134.64,134.95,3714.094
2025-12-08 04:35:00,134.95,135.17,134.91,135.0,1891.45
2025-12-08 04:40:00,135.0,135.06,134.81,134.83,1806.412
2025-12-08 04:45:00,134.83,134.96,134.8,134.84,1221.373
2025-12-08 04:50:00,134.84,134.97,134.71,134.87,1805.201
2025-12-08 04:55:00,134.87,135.12,134.86,135.06,1585.459
2025-12-08 05:00:00,135.06,135.06,134.59,134.69,2480.313
2025-12-08 05:05:00,134.69,134.83,134.61,134.67,1038.998
2025-12-08 05:10:00,134.67,134.94,134.62,134.9,1802.462
2025-12-08 05:15:00,134.9,135.04,134.76,135.04,1187.905
2025-12-08 05:20:00,135.04,135.15,134.99,135.01,2906.065
2025-12-08 05:25:00,135.01,135.09,134.93,134.98,3198.426
2025-12-08 05:30:00,134.98,135.18,134.95,135.18,2045.331
2025-12-08 05:35:00,135.18,135.43,135.09,135.22,2985.221
2025-12-08 05:40:00,135.22,135.31,135.06,135.21,1273.344
2025-12-08 05:45:00,135.21,135.35,135.13,135.29,1062.475
2025-12-08 05:50:00,135.29,135.39,135.11,135.22,1466.937
2025-12-08 05:55:00,135.22,135.23,135.1,135.2,895.441
2025-12-08 06:00:00,135.2,135.33,134.83,134.89,1987.035
2025-12-08 06:05:00,134.89,135.11,134.74,134.74,1947.953
2025-12-08 06:10:00,134.74,134.93,134.74,134.91,2501.269
2025-12-08 06:15:00,134.91,135.05,134.84,134.95,1305.7
2025-12-08 06:20:00,134.95,135.01,134.68,134.75,3046.811
2025-12-08 06:25:00,134.75,134.98,134.74,134.97,1967.475
2025-12-08 06:30:00,134.97,135.25,134.97,135.21,2031.299
2025-12-08 06:35:00,135.21,135.39,135.07,135.35,2515.547
2025-12-08 06:40:00,135.35,135.41,135.22,135.3,1146.086
2025-12-08 06:45:00,135.3,135.9,135.3,135.84,8802.564
2025-12-08 06:50:00,135.84,136.0,135.76,135.94,2785.722
2025-12-08 06:55:00,135.94,135.95,135.62,135.72,2230.179
2025-12-08 07:00:00,135.72,135.89,135.66,135.77,2376.576
2025-12-08 07:05:00,135.77,135.84,135.52,135.6,1481.723
2025-12-08 07:10:00,135.6,135.61,134.95,135.09,5263.151
2025-12-08 07:15:00,135.09,135.09,134.91,135.04,2347.262
2025-12-08 07:20:00,135.04,135.32,134.97,135.25,15548.463
2025-12-08 07:25:00,135.25,135.7,135.25,135.65,10164.861
2025-12-08 07:30:00,135.65,135.98,135.65,135.73,4950.71
2025-12-08 07:35:00,135.73,135.97,135.7,135.81,3906.903
2025-12-08 07:40:00,135.81,135.85,135.54,135.8,3644.154
2025-12-08 07:45:00,135.8,135.8,135.59,135.75,3078.241
2025-12-08 07:50:00,135.75,135.98,135.66,135.98,3746.726
2025-12-08 07:55:00,135.98,135.98,135.69,135.85,1478.289
2025-12-08 08:00:00,135.85,135.93,135.7,135.88,3454.468
2025-12-08 08:05:00,135.88,135.88,135.65,135.78,2734.566
2025-12-08 08:10:00,135.78,136.11,135.75,136.03,4141.54
2025-12-08 08:15:00,136.03,136.29,136.03,136.2,3589.166
2025-12-08 08:20:00,136.2,136.25,136.08,136.13,1460.721
2025-12-08 08:25:00,136.13,136.15,136.0,136.09,1258.427
2025-12-08 08:30:00,136.09,136.15,135.83,135.96,2155.383
2025-12-08 08:35:00,135.96,136.05,135.85,136.01,1735.979
2025-12-08 08:40:00,136.01,136.22,135.96,136.2,1792.588
2025-12-08 08:45:00,136.2,136.91,136.14,136.5,12320.65
2025-12-08 08:50:00,136.5,136.78,136.45,136.77,3342.497
2025-12-08 08:55:00,136.77,136.96,136.58,136.69,3044.076
2025-12-08 09:00:00,136.69,137.64,136.69,137.36,9289.762
2025-12-08 09:05:00,137.36,138.89,137.35,138.43,22722.67
2025-12-08 09:10:00,138.43,138.54,138.1,138.1,6103.943
2025-12-08 09:15:00,138.1,138.12,137.89,137.92,7466.935
2025-12-08 09:20:00,137.92,138.32,137.89,138.22,4905.788
2025-12-08 09:25:00,138.22,138.25,137.97,138.15,3509.408
2025-12-08 09:30:00,138.15,138.4,137.96,138.37,5162.149
2025-12-08 09:35:00,138.37,138.43,138.01,138.06,3170.15
2025-12-08 09:40:00,138.06,138.2,137.96,138.0,3287.715
2025-12-08 09:45:00,138.0,138.0,137.83,137.86,4221.21
2025-12-08 09:50:00,137.86,138.15,137.86,138.06,3161.51
2025-12-08 09:55:00,138.06,138.16,138.04,138.13,2585.631
2025-12-08 10:00:00,138.13,138.62,138.06,138.36,4842.35
2025-12-08 10:05:00,138.36,138.71,138.34,138.48,3797.617
2025-12-08 10:10:00,138.48,138.77,138.35,138.47,3148.692
2025-12-08 10:15:00,138.47,138.63,138.42,138.62,6959.4
2025-12-08 10:20:00,138.62,138.62,138.19,138.34,2822.031
2025-12-08 10:25:00,138.34,138.4,138.27,138.38,2669.223
2025-12-08 10:30:00,138.38,138.58,138.2,138.51,4243.114
2025-12-08 10:35:00,138.51,138.59,138.35,138.48,2145.015
2025-12-08 10:40:00,138.48,138.97,138.48,138.91,3186.279
2025-12-08 10:45:00,138.91,139.35,138.91,139.12,6039.854
2025-12-08 10:50:00,139.12,139.12,138.84,138.86,2077.259
2025-12-08 10:55:00,138.86,138.89,138.71,138.76,1982.922
2025-12-08 11:00:00,138.76,138.83,138.38,138.44,2733.836
2025-12-08 11:05:00,138.44,138.81,138.39,138.74,1431.97
2025-12-08 11:10:00,138.74,138.94,138.64,138.88,1846.313
2025-12-08 11:15:00,138.88,139.02,138.71,138.94,5085.612
2025-12-08 11:20:00,138.94,139.13,138.88,138.93,2023.252
2025-12-08 11:25:00,138.93,139.06,138.82,138.83,1380.864
2025-12-08 11:30:00,138.83,138.83,138.5,138.77,5065.886
2025-12-08 11:35:00,138.77,139.01,138.66,138.67,2370.058
2025-12-08 11:40:00,138.67,139.1,138.64,138.75,4636.773
2025-12-08 11:45:00,138.75,138.75,138.13,138.36,7004.922
2025-12-08 11:50:00,138.36,138.51,138.29,138.48,2520.102
2025-12-08 11:55:00,138.48,138.61,138.3,138.37,2944.428
2025-12-08 12:00:00,138.37,138.52,138.25,138.28,2261.598
2025-12-08 12:05:00,138.28,138.59,138.25,138.25,2802.846
2025-12-08 12:10:00,138.25,138.42,137.89,137.96,8695.962
2025-12-08 12:15:00,137.96,138.11,137.61,137.67,8732.231
2025-12-08 12:20:00,137.67,137.88,137.36,137.55,15489.888
2025-12-08 12:25:00,137.55,137.74,137.26,137.72,7185.196
2025-12-08 12:30:00,137.72,137.84,137.51,137.51,3420.25
2025-12-08 12:35:00,137.51,137.73,137.43,137.47,3870.701
2025-12-08 12:40:00,137.47,137.58,137.32,137.47,3026.277
2025-12-08 12:45:00,137.47,137.75,137.44,137.71,2176.088
2025-12-08 12:50:00,137.71,137.87,137.7,137.78,2657.99
2025-12-08 12:55:00,137.78,137.92,137.72,137.84,1328.046
2025-12-08 13:00:00,137.84,138.02,137.66,137.66,2238.749
2025-12-08 13:05:00,137.66,138.25,137.56,138.14,4461.599
2025-12-08 13:10:00,138.14,138.81,138.14,138.16,6833.295
2025-12-08 13:15:00,138.16,138.28,137.84,138.05,3266.487
2025-12-08 13:20:00,138.05,138.44,137.94,138.08,2350.689
2025-12-08 13:25:00,138.08,138.29,138.08,138.19,2009.428
2025-12-08 13:30:00,138.19,138.48,138.18,138.44,2983.645
2025-12-08 13:35:00,138.44,138.73,138.39,138.47,3146.226
2025-12-08 13:40:00,138.47,138.77,138.18,138.7,8012.023
2025-12-08 13:45:00,138.7,139.3,138.66,138.92,7335.171
2025-12-08 13:50:00,138.92,139.01,138.74,138.9,4079.359
2025-12-08 13:55:00,138.9,138.9,137.96,138.15,5898.362
2025-12-08 14:00:00,138.15,138.38,137.98,138.25,2798.331
2025-12-08 14:05:00,138.25,138.59,138.25,138.41,2562.475
2025-12-08 14:10:00,138.41,138.85,138.38,138.83,4259.104
2025-12-08 14:15:00,138.83,138.85,138.42,138.42,2274.634
2025-12-08 14:20:00,138.42,138.47,138.09,138.12,2963.493
2025-12-08 14:25:00,138.12,138.12,137.59,137.97,5538.322
2025-12-08 14:30:00,137.97,138.98,137.79,138.39,6795.641
2025-12-08 14:35:00,138.39,138.39,136.87,137.33,9535.956
2025-12-08 14:40:00,137.33,138.51,137.11,138.43,13946.366
2025-12-08 14:45:00,138.43,138.62,137.63,137.91,8616.177
2025-12-08 14:50:00,137.91,138.12,137.78,138.0,3514.833
2025-12-08 14:55:00,138.0,138.0,137.15,137.19,8944.584
2025-12-08 15:00:00,137.19,137.57,137.0,137.54,8075.238
2025-12-08 15:05:00,137.54,137.58,136.44,136.6,8645.162
2025-12-08 15:10:00,136.6,136.73,135.89,136.11,9705.534
2025-12-08 15:15:00,136.11,136.76,135.75,136.62,9178.949
2025-12-08 15:20:00,136.62,136.81,135.91,136.0,7539.557
2025-12-08 15:25:00,136.0,136.01,135.38,135.96,9682.403
2025-12-08 15:30:00,135.96,136.52,135.81,136.45,10747.529
2025-12-08 15:35:00,136.45,136.46,135.5,135.7,7645.62
2025-12-08 15:40:00,135.7,135.86,135.27,135.37,9738.11
2025-12-08 15:45:00,135.37,135.7,135.3,135.59,5828.878
2025-12-08 15:50:00,135.59,136.3,135.47,136.21,6808.478
2025-12-08 15:55:00,136.21,136.28,135.54,135.54,6915.752
2025-12-08 16:00:00,135.54,135.57,134.86,135.0,10213.522
2025-12-08 16:05:00,135.0,135.68,134.92,135.57,5283.873
2025-12-08 16:10:00,135.57,135.65,135.12,135.12,12844.336
2025-12-08 16:15:00,135.12,135.62,134.96,135.62,9340.474
2025-12-08 16:20:00,135.62,136.32,135.61,136.25,7101.219
2025-12-08 16:25:00,136.25,136.27,135.95,136.16,3637.793
2025-12-08 16:30:00,136.16,136.52,136.1,136.18,5678.559
2025-12-08 16:35:00,136.18,136.52,135.91,136.45,2640.591
2025-12-08 16:40:00,136.45,136.48,136.18,136.21,3816.495
2025-12-08 16:45:00,136.21,136.36,135.52,135.52,3943.609
2025-12-08 16:50:00,135.52,135.81,135.31,135.52,3332.404
2025-12-08 16:55:00,135.52,135.68,135.47,135.6,1665.909
2025-12-08 17:00:00,135.6,135.86,135.2,135.72,4276.905
2025-12-08 17:05:00,135.72,136.22,135.71,136.1,3249.82
2025-12-08 17:10:00,136.1,136.3,136.01,136.06,2806.069
2025-12-08 17:15:00,136.06,136.29,135.81,135.81,2259.519
2025-12-08 17:20:00,135.81,135.84,135.57,135.6,5037.355
2025-12-08 17:25:00,135.6,135.92,135.44,135.77,1653.378
2025-12-08 17:30:00,135.77,136.15,135.58,135.86,3477.266
2025-12-08 17:35:00,135.86,135.93,135.23,135.3,2251.827
2025-12-08 17:40:00,135.3,135.31,135.02,135.1,5663.902
2025-12-08 17:45:00,135.1,135.19,134.89,134.98,4702.902
2025-12-08 17:50:00,134.98,135.57,134.78,135.5,5341.79
2025-12-08 17:55:00,135.5,136.19,135.47,135.83,6278.439
2025-12-08 18:00:00,135.83,136.09,135.74,135.87,2951.868
2025-12-08 18:05:00,135.87,136.24,135.87,136.09,3898.11
2025-12-08 18:10:00,136.09,136.09,135.51,135.52,5174.005
2025-12-08 18:15:00,135.52,135.83,135.46,135.73,6416.324
2025-12-08 18:20:00,135.73,136.2,135.73,135.78,3886.733
2025-12-08 18:25:00,135.78,135.78,135.01,135.12,5816.101
2025-12-08 18:30:00,135.12,135.16,134.89,135.13,4041.898
2025-12-08 18:35:00,135.13,135.43,135.02,135.14,2555.575
2025-12-08 18:40:00,135.14,135.35,134.85,135.35,2449.831
2025-12-08 18:45:00,135.35,135.56,135.01,135.07,2521.254
2025-12-08 18:50:00,135.07,135.22,134.59,134.64,3934.393
2025-12-08 18:55:00,134.64,134.69,133.03,133.64,28191.544
2025-12-08 19:00:00,133.64,133.97,133.54,133.96,8701.991
2025-12-08 19:05:00,133.96,134.23,133.82,134.14,4317.567
2025-12-08 19:10:00,134.14,134.32,133.81,134.02,3547.351
2025-12-08 19:15:00,134.02,134.04,133.66,133.84,4011.12
2025-12-08 19:20:00,133.84,134.02,133.6,133.79,4392.767
2025-12-08 19:25:00,133.79,134.23,133.79,134.2,3606.858
2025-12-08 19:30:00,134.2,134.58,134.01,134.49,3125.178
2025-12-08 19:35:00,134.49,134.57,134.22,134.33,2986.269
2025-12-08 19:40:00,134.33,134.46,134.08,134.1,3963.58
2025-12-08 19:45:00,134.1,134.27,133.77,134.27,3536.25
2025-12-08 19:50:00,134.27,134.68,134.26,134.54,3322.176
2025-12-08 19:55:00,134.54,134.54,133.51,133.66,4658.64
2025-12-08 20:00:00,133.66,133.93,133.43,133.8,6565.381
2025-12-08 20:05:00,133.8,134.27,133.67,134.2,3304.982
2025-12-08 20:10:00,134.2,134.36,134.01,134.08,3476.862
2025-12-08 20:15:00,134.08,134.42,133.97,134.37,2256.046
2025-12-08 20:20:00,134.37,134.39,134.13,134.39,3379.828
2025-12-08 20:25:00,134.39,134.54,134.04,134.1,2894.183
2025-12-08 20:30:00,134.1,134.3,133.52,133.53,5017.848
2025-12-08 20:35:00,133.53,134.03,133.5,133.88,3447.88
2025-12-08 20:40:00,133.88,134.32,133.85,134.24,3264.716
2025-12-08 20:45:00,134.24,134.34,133.98,134.23,2717.879
2025-12-08 20:50:00,134.23,134.87,134.21,134.64,5176.052
2025-12-08 20:55:00,134.64,134.88,133.93,134.08,7143.37
2025-12-08 21:00:00,134.08,134.13,133.78,133.96,8517.761
2025-12-08 21:05:00,133.96,134.39,133.87,134.17,5180.766
2025-12-08 21:10:00,134.17,134.18,133.66,133.75,4679.193
2025-12-08 21:15:00,133.75,133.99,133.61,133.98,1804.834
2025-12-08 21:20:00,133.98,134.12,133.6,133.66,2314.209
2025-12-08 21:25:00,133.66,134.11,133.24,134.0,7055.587
2025-12-08 21:30:00,134.0,134.48,134.0,134.19,9681.936
2025-12-08 21:35:00,134.19,134.38,133.81,133.86,3023.946
2025-12-08 21:40:00,133.86,134.18,133.81,134.08,1680.465
2025-12-08 21:45:00,134.08,134.3,134.03,134.21,1587.475
2025-12-08 21:50:00,134.21,134.39,133.99,134.25,5278.331
2025-12-08 21:55:00,134.25,134.57,134.17,134.47,2183.837
2025-12-08 22:00:00,134.47,134.55,134.12,134.26,2455.461
2025-12-08 22:05:00,134.26,134.33,134.03,134.03,2177.372
2025-12-08 22:10:00,134.03,134.08,133.8,133.9,2604.98
2025-12-08 22:15:00,133.9,133.98,133.83,133.92,1992.931
2025-12-08 22:20:00,133.92,134.19,133.9,134.15,5603.878
2025-12-08 22:25:00,134.15,134.16,133.93,134.07,1085.718
2025-12-08 22:30:00,134.07,134.28,133.88,133.94,2511.016
2025-12-08 22:35:00,133.94,134.05,133.7,133.81,2141.826
2025-12-08 22:40:00,133.81,133.92,133.65,133.71,1841.254
2025-12-08 22:45:00,133.71,134.03,133.69,133.81,4141.73
2025-12-08 22:50:00,133.81,133.87,133.6,133.64,1994.465
2025-12-08 22:55:00,133.64,133.71,133.38,133.58,3906.473
2025-12-08 23:00:00,133.58,133.76,133.52,133.63,2469.913
2025-12-08 23:05:00,133.63,133.79,133.56,133.63,3815.914
2025-12-08 23:10:00,133.63,133.63,133.44,133.53,6387.032
2025-12-08 23:15:00,133.53,133.77,133.33,133.35,3660.829
2025-12-08 23:20:00,133.35,133.35,132.45,132.74,13630.388
2025-12-08 23:25:00,132.74,132.75,132.47,132.67,10728.236
2025-12-08 23:30:00,132.67,133.26,132.66,133.13,11535.596
2025-12-08 23:35:00,133.13,133.38,133.02,133.23,5727.32
2025-12-08 23:40:00,133.23,133.37,133.18,133.19,2564.932
2025-12-08 23:45:00,133.19,133.3,133.12,133.29,6157.096
2025-12-08 23:50:00,133.29,133.44,133.15,133.32,4423.57
2025-12-08 23:55:00,133.32,133.33,133.19,133.24,1947.44
2025-12-09 00:00:00,133.24,133.25,132.95,133.05,4099.67
2025-12-09 00:05:00,133.05,133.26,133.05,133.1,4473.654
2025-12-09 00:10:00,133.1,133.37,133.08,133.35,3862.45
2025-12-09 00:15:00,133.35,133.59,133.21,133.45,4178.201
2025-12-09 00:20:00,133.45,133.55,133.27,133.31,3588.055
2025-12-09 00:25:00,133.31,133.4,133.06,133.06,3967.548
2025-12-09 00:30:00,133.06,133.06,132.56,132.81,5742.33
2025-12-09 00:35:00,132.81,133.24,132.81,133.0,4193.038
2025-12-09 00:40:00,133.0,133.0,132.77,132.96,3489.086
2025-12-09 00:45:00,132.96,133.2,132.96,132.97,3003.833
2025-12-09 00:50:00,132.97,133.14,132.86,132.88,3966.101
2025-12-09 00:55:00,132.88,133.06,132.88,133.01,2147.41
2025-12-09 01:00:00,133.01,133.32,132.72,132.85,4759.66
2025-12-09 01:05:00,132.85,133.24,132.65,132.82,2122.495
2025-12-09 01:10:00,132.82,133.07,132.76,133.07,1448.861
2025-12-09 01:15:00,133.07,133.29,132.92,133.23,986.399
2025-12-09 01:20:00,133.23,133.27,133.09,133.23,1150.351
2025-12-09 01:25:00,133.23,133.31,132.67,132.74,1771.38
2025-12-09 01:30:00,132.74,133.06,132.68,132.89,1374.95
2025-12-09 01:35:00,132.89,133.1,132.78,133.08,1077.954
2025-12-09 01:40:00,133.08,133.08,132.79,132.83,1706.364
2025-12-09 01:45:00,132.83,132.92,132.63,132.68,1534.724
2025-12-09 01:50:00,132.68,132.96,132.64,132.95,4350.79
2025-12-09 01:55:00,132.95,133.21,132.9,133.12,5237.125
2025-12-09 02:00:00,133.12,133.54,132.96,133.41,3417.52
2025-12-09 02:05:00,133.41,133.56,133.23,133.35,2794.149
2025-12-09 02:10:00,133.35,133.41,133.15,133.16,1005.797
2025-12-09 02:15:00,133.16,133.51,133.16,133.36,1566.948
2025-12-09 02:20:00,133.36,133.47,133.28,133.28,1220.806
2025-12-09 02:25:00,133.28,133.65,133.23,133.52,1598.428
2025-12-09 02:30:00,133.52,133.6,133.36,133.43,1331.684
2025-12-09 02:35:00,133.43,133.51,133.24,133.24,1077.839
2025-12-09 02:40:00,133.24,133.39,133.24,133.31,1484.654
2025-12-09 02:45:00,133.31,133.34,133.17,133.19,2183.183
2025-12-09 02:50:00,133.19,133.19,132.91,132.91,1470.474
2025-12-09 02:55:00,132.91,132.96,132.75,132.78,1446.633
2025-12-09 03:00:00,132.78,133.1,132.77,133.06,1423.768
2025-12-09 03:05:00,133.06,133.06,132.8,132.86,1310.485
2025-12-09 03:10:00,132.86,132.86,132.76,132.78,778.743
2025-12-09 03:15:00,132.78,132.95,132.62,132.62,1469.367
2025-12-09 03:20:00,132.62,133.14,132.48,133.14,5355.326
2025-12-09 03:25:00,133.14,133.21,132.76,132.88,3569.367
2025-12-09 03:30:00,132.88,133.16,132.8,133.05,1815.644
2025-12-09 03:35:00,133.05,133.58,133.05,133.48,3908.547
2025-12-09 03:40:00,133.48,133.5,133.37,133.46,3344.769
2025-12-09 03:45:00,133.46,133.62,133.41,133.53,4793.924
2025-12-09 03:50:00,133.53,133.69,133.44,133.59,2339.006
2025-12-09 03:55:00,133.59,134.4,133.58,134.17,9773.965
2025-12-09 04:00:00,134.17,134.25,134.03,134.04,1594.825
2025-12-09 04:05:00,134.04,134.12,134.0,134.0,944.868
2025-12-09 04:10:00,134.0,134.28,133.96,134.0,1585.117
2025-12-09 04:15:00,134.0,134.1,133.95,134.07,1023.43
2025-12-09 04:20:00,134.07,134.08,133.67,133.68,1052.835
2025-12-09 04:25:00,133.68,133.93,133.68,133.9,1723.45
2025-12-09 04:30:00,133.9,133.9,133.15,133.19,4287.996
2025-12-09 04:35:00,133.19,133.25,132.75,132.86,6804.329
2025-12-09 04:40:00,132.86,133.19,132.53,132.56,4826.975
2025-12-09 04:45:00,132.56,132.68,132.37,132.43,8102.221
2025-12-09 04:50:00,132.43,132.72,132.35,132.62,1905.311
2025-12-09 04:55:00,132.62,132.74,132.51,132.68,1334.435
2025-12-09 05:00:00,132.68,132.83,132.57,132.64,1412.007
2025-12-09 05:05:00,132.64,132.77,132.5,132.51,1250.057
2025-12-09 05:10:00,132.51,132.81,132.37,132.6,1572.146
2025-12-09 05:15:00,132.6,132.94,132.45,132.83,2519.99
2025-12-09 05:20:00,132.83,132.85,132.7,132.72,699.902
2025-12-09 05:25:00,132.72,132.79,132.62,132.79,572.335
2025-12-09 05:30:00,132.79,133.0,132.7,132.89,7216.186
2025-12-09 05:35:00,132.89,133.0,132.79,132.89,11411.1
2025-12-09 05:40:00,132.89,132.99,132.85,132.85,1118.02
2025-12-09 05:45:00,132.85,133.0,132.65,132.65,2890.488
2025-12-09 05:50:00,132.65,132.68,132.18,132.23,9861.794
2025-12-09 05:55:00,132.23,132.25,131.8,132.08,12823.6
2025-12-09 06:00:00,132.08,132.34,132.08,132.29,2466.262
2025-12-09 06:05:00,132.29,132.46,132.12,132.23,1759.389
2025-12-09 06:10:00,132.23,132.31,131.97,132.25,2340.069
2025-12-09 06:15:00,132.25,132.5,132.23,132.41,1869.708
2025-12-09 06:20:00,132.41,132.46,132.31,132.4,1916.969
2025-12-09 06:25:00,132.4,132.47,132.23,132.38,2248.126
2025-12-09 06:30:00,132.38,132.46,132.09,132.1,1931.859
2025-12-09 06:35:00,132.1,132.4,132.08,132.4,1808.317
2025-12-09 06:40:00,132.4,132.55,132.22,132.44,1676.325
2025-12-09 06:45:00,132.44,132.55,132.33,132.5,1002.723
2025-12-09 06:50:00,132.5,132.79,132.43,132.67,1442.727
2025-12-09 06:55:00,132.67,132.68,132.45,132.62,1671.396
2025-12-09 07:00:00,132.62,132.74,132.36,132.42,1658.689
2025-12-09 07:05:00,132.42,132.75,132.38,132.45,2461.398
2025-12-09 07:10:00,132.45,132.51,132.4,132.47,1001.309
2025-12-09 07:15:00,132.47,132.65,132.43,132.65,1131.211
2025-12-09 07:20:00,132.65,133.0,132.64,132.98,1049.379
2025-12-09 07:25:00,132.98,133.21,132.93,133.02,2110.05
2025-12-09 07:30:00,133.02,133.02,132.8,132.86,1057.249
2025-12-09 07:35:00,132.86,133.07,132.85,133.06,1702.808
2025-12-09 07:40:00,133.06,133.17,133.0,133.01,2678.033
2025-12-09 07:45:00,133.01,133.09,132.95,132.99,1165.242
2025-12-09 07:50:00,132.99,133.29,132.99,133.23,1142.711
2025-12-09 07:55:00,133.23,133.26,133.11,133.18,862.097
2025-12-09 08:00:00,133.18,133.34,133.09,133.25,2165.926
2025-12-09 08:05:00,133.25,133.33,133.16,133.29,987.938
2025-12-09 08:10:00,133.29,133.31,133.16,133.23,1065.405
2025-12-09 08:15:00,133.23,133.43,133.16,133.31,1936.044
2025-12-09 08:20:00,133.31,133.31,133.0,133.04,2178.884
2025-12-09 08:25:00,133.04,133.12,133.0,133.02,554.405
2025-12-09 08:30:00,133.02,133.03,132.69,132.79,2922.061
2025-12-09 08:35:00,132.79,132.89,132.66,132.78,2077.174
2025-12-09 08:40:00,132.78,133.06,132.78,133.06,550.452
2025-12-09 08:45:00,133.06,133.35,132.97,132.98,1561.737
2025-12-09 08:50:00,132.98,133.3,132.98,133.24,1089.737
2025-12-09 08:55:00,133.24,133.26,133.11,133.14,1000.941
2025-12-09 09:00:00,133.14,133.14,132.86,132.89,1225.804
2025-12-09 09:05:00,132.89,132.95,132.71,132.94,1104.486
2025-12-09 09:10:00,132.94,132.95,132.62,132.8,2406.423
2025-12-09 09:15:00,132.8,132.92,132.74,132.76,1174.323
2025-12-09 09:20:00,132.76,132.88,132.72,132.85,722.172
2025-12-09 09:25:00,132.85,132.87,132.58,132.62,1222.798
2025-12-09 09:30:00,132.62,132.78,132.6,132.69,1188.544
2025-12-09 09:35:00,132.69,132.77,132.51,132.52,2164.071
2025-12-09 09:40:00,132.52,132.58,132.33,132.44,1843.752
2025-12-09 09:45:00,132.44,132.56,132.41,132.5,1452.706
2025-12-09 09:50:00,132.5,132.63,132.47,132.47,938.943
2025-12-09 09:55:00,132.47,132.55,132.3,132.33,1036.473
2025-12-09 10:00:00,132.33,132.56,132.28,132.5,1275.209
2025-12-09 10:05:00,132.5,132.53,132.18,132.27,2980.953
2025-12-09 10:10:00,132.27,132.52,132.27,132.44,4559.073
2025-12-09 10:15:00,132.44,132.52,132.31,132.4,3252.215
2025-12-09 10:20:00,132.4,132.54,132.35,132.53,713.837
2025-12-09 10:25:00,132.53,132.66,132.47,132.59,1147.962
2025-12-09 10:30:00,132.59,132.79,132.47,132.71,1354.338
2025-12-09 10:35:00,132.71,132.88,132.13,132.16,7081.247
2025-12-09 10:40:00,132.16,132.53,132.04,132.35,3123.243
2025-12-09 10:45:00,132.35,132.44,132.16,132.44,1141.632
2025-12-09 10:50:00,132.44,132.66,132.42,132.53,1250.784
2025-12-09 10:55:00,132.53,132.73,132.53,132.71,994.564
2025-12-09 11:00:00,132.71,132.83,132.63,132.74,1280.758
2025-12-09 11:05:00,132.74,132.8,132.56,132.65,1148.928
2025-12-09 11:10:00,132.65,132.67,132.48,132.54,528.05
2025-12-09 11:15:00,132.54,132.7,132.45,132.6,2698.425
2025-12-09 11:20:00,132.6,132.87,132.6,132.8,840.263
2025-12-09 11:25:00,132.8,132.86,132.71,132.77,1018.607
2025-12-09 11:30:00,132.77,132.86,132.66,132.75,1431.521
2025-12-09 11:35:00,132.75,132.86,132.7,132.73,1540.208
2025-12-09 11:40:00,132.73,132.74,132.55,132.71,1069.764
2025-12-09 11:45:00,132.71,132.87,132.71,132.8,997.433
2025-12-09 11:50:00,132.8,132.95,132.76,132.95,1081.927
2025-12-09 11:55:00,132.95,133.01,132.9,132.96,1505.467
2025-12-09 12:00:00,132.96,132.99,132.85,132.97,2836.814
2025-12-09 12:05:00,132.97,132.97,132.76,132.97,784.39
2025-12-09 12:10:00,132.97,133.0,132.8,132.87,880.06
2025-12-09 12:15:00,132.87,133.33,132.87,133.31,3297.829
2025-12-09 12:20:00,133.31,133.59,133.23,133.54,4099.389
2025-12-09 12:25:00,133.54,133.54,133.1,133.27,4156.77
2025-12-09 12:30:00,133.27,133.33,133.1,133.21,1021.997
2025-12-09 12:35:00,133.21,133.25,132.98,133.1,3543.827
2025-12-09 12:40:00,133.1,133.3,133.06,133.25,972.87
2025-12-09 12:45:00,133.25,133.33,133.11,133.33,1439.716
2025-12-09 12:50:00,133.33,133.38,133.14,133.24,2697.883
2025-12-09 12:55:00,133.24,133.28,133.05,133.14,1061.744
2025-12-09 13:00:00,133.14,133.22,132.9,133.03,2491.382
2025-12-09 13:05:00,133.03,133.3,133.01,133.12,1756.227
2025-12-09 13:10:00,133.12,133.18,133.01,133.04,2303.948
2025-12-09 13:15:00,133.04,133.14,132.8,132.97,3416.817
2025-12-09 13:20:00,132.97,133.16,132.87,133.15,5298.137
2025-12-09 13:25:00,133.15,133.28,133.01,133.07,3542.431
2025-12-09 13:30:00,133.07,133.3,132.96,133.07,2412.829
2025-12-09 13:35:00,133.07,133.07,132.5,132.77,5875.979
2025-12-09 13:40:00,132.77,132.81,132.28,132.3,3644.412
2025-12-09 13:45:00,132.3,132.5,132.26,132.35,2489.673
2025-12-09 13:50:00,132.35,132.42,132.06,132.33,6112.375
2025-12-09 13:55:00,132.33,132.46,132.32,132.43,1392.739
2025-12-09 14:00:00,132.43,132.86,132.35,132.58,2869.686
2025-12-09 14:05:00,132.58,132.86,132.53,132.68,1650.77
2025-12-09 14:10:00,132.68,132.71,132.4,132.5,2761.375
2025-12-09 14:15:00,132.5,132.51,132.23,132.29,1692.487
2025-12-09 14:20:00,132.29,132.53,132.08,132.18,3695.211
2025-12-09 14:25:00,132.18,132.23,131.68,132.19,11395.41
2025-12-09 14:30:00,132.19,132.69,131.65,132.35,7472.225
2025-12-09 14:35:00,132.35,132.74,132.23,132.25,4390.189
2025-12-09 14:40:00,132.25,132.37,131.99,132.07,6990.394
2025-12-09 14:45:00,132.07,132.21,131.92,132.03,3113.689
2025-12-09 14:50:00,132.03,132.4,131.96,132.27,1979.169
2025-12-09 14:55:00,132.27,132.55,132.11,132.53,1769.076
2025-12-09 15:00:00,132.53,134.66,132.41,133.58,19046.427
2025-12-09 15:05:00,133.58,134.07,133.17,133.38,6143.732
2025-12-09 15:10:00,133.38,133.69,132.93,133.21,5201.693
2025-12-09 15:15:00,133.21,133.69,133.11,133.64,3758.879
2025-12-09 15:20:00,133.64,133.94,133.44,133.63,2882.064
2025-12-09 15:25:00,133.63,134.5,133.48,134.16,9866.352
2025-12-09 15:30:00,134.16,134.37,133.91,134.0,6765.671
2025-12-09 15:35:00,134.0,135.03,133.93,134.94,14115.063
2025-12-09 15:40:00,134.94,136.47,134.89,136.46,25113.019
2025-12-09 15:45:00,136.46,137.2,136.27,137.04,31268.95
2025-12-09 15:50:00,137.04,138.47,137.04,138.24,32050.569
2025-12-09 15:55:00,138.24,138.48,137.77,138.45,21580.447
2025-12-09 16:00:00,138.45,139.47,138.44,139.03,26827.499
2025-12-09 16:05:00,139.03,140.11,139.02,139.58,23379.097
2025-12-09 16:10:00,139.58,141.5,139.54,141.39,29129.27
2025-12-09 16:15:00,141.39,141.93,140.28,140.45,29816.759
2025-12-09 16:20:00,140.45,140.95,139.92,140.94,25194.393
2025-12-09 16:25:00,140.94,141.54,140.81,141.45,23298.391
2025-12-09 16:30:00,141.45,143.39,141.45,143.19,20574.401
2025-12-09 16:35:00,143.19,143.5,142.67,142.69,33240.422
2025-12-09 16:40:00,142.69,143.54,142.66,143.2,20525.058
2025-12-09 16:45:00,143.2,144.17,142.63,144.17,27003.58
2025-12-09 16:50:00,144.17,144.5,143.91,143.98,23229.907
2025-12-09 16:55:00,143.98,144.16,143.46,143.65,14387.054
2025-12-09 17:00:00,143.65,144.48,143.64,144.4,17975.878
2025-12-09 17:05:00,144.4,144.64,144.08,144.18,15881.31
2025-12-09 17:10:00,144.18,144.91,143.94,144.87,20502.131
2025-12-09 17:15:00,144.87,144.91,143.64,143.74,20644.712
2025-12-09 17:20:00,143.74,144.43,143.7,143.74,18990.933
2025-12-09 17:25:00,143.74,144.06,143.24,143.73,17731.151
2025-12-09 17:30:00,143.73,143.98,142.62,142.68,17686.313
2025-12-09 17:35:00,142.68,143.22,142.56,143.11,13165.623
2025-12-09 17:40:00,143.11,143.8,143.08,143.51,10311.995
2025-12-09 17:45:00,143.51,143.59,143.25,143.44,9917.719
2025-12-09 17:50:00,143.44,143.57,142.96,143.15,8116.751
2025-12-09 17:55:00,143.15,143.25,142.86,143.12,8480.543
2025-12-09 18:00:00,143.12,143.24,142.97,143.03,11105.942
2025-12-09 18:05:00,143.03,143.09,142.12,142.28,13667.711
2025-12-09 18:10:00,142.28,142.81,142.28,142.74,6587.755
2025-12-09 18:15:00,142.74,142.82,142.37,142.78,10655.198
2025-12-09 18:20:00,142.78,142.86,142.52,142.63,11021.147
2025-12-09 18:25:00,142.63,143.1,142.54,142.95,6913.997
2025-12-09 18:30:00,142.95,143.03,142.52,142.52,4192.286
2025-12-09 18:35:00,142.52,142.54,142.29,142.45,4098.872
2025-12-09 18:40:00,142.45,142.49,142.29,142.32,4019.321
2025-12-09 18:45:00,142.32,142.5,141.94,141.96,8557.099
2025-12-09 18:50:00,141.96,142.15,141.63,142.14,6710.703
2025-12-09 18:55:00,142.14,142.5,142.08,142.46,5411.064
2025-12-09 19:00:00,142.46,142.56,141.87,141.88,5437.294
2025-12-09 19:05:00,141.88,142.07,141.68,142.05,3987.774
2025-12-09 19:10:00,142.05,142.44,142.05,142.39,3441.27
2025-12-09 19:15:00,142.39,142.61,142.14,142.54,3204.129
2025-12-09 19:20:00,142.54,142.56,142.31,142.39,2136.432
2025-12-09 19:25:00,142.39,142.5,142.33,142.5,3485.114
2025-12-09 19:30:00,142.5,142.84,142.41,142.56,4416.66
2025-12-09 19:35:00,142.56,142.66,142.36,142.57,2592.649
2025-12-09 19:40:00,142.57,142.64,141.82,141.99,4362.972
2025-12-09 19:45:00,141.99,142.26,141.9,142.01,2759.706
2025-12-09 19:50:00,142.01,142.43,142.01,142.37,3127.509
2025-12-09 19:55:00,142.37,142.38,142.06,142.08,3662.49
2025-12-09 20:00:00,142.08,142.14,141.84,141.91,3734.925
2025-12-09 20:05:00,141.91,142.1,141.79,142.0,5044.046
2025-12-09 20:10:00,142.0,142.34,141.98,142.16,3521.951
2025-12-09 20:15:00,142.16,142.31,141.29,141.45,9033.173
2025-12-09 20:20:00,141.45,141.54,140.35,140.44,11115.735
2025-12-09 20:25:00,140.44,140.77,140.02,140.64,15475.971
2025-12-09 20:30:00,140.64,140.73,139.79,139.81,10867.0
2025-12-09 20:35:00,139.81,140.6,139.8,140.31,10254.137
2025-12-09 20:40:00,140.31,140.39,139.9,140.05,4278.98
2025-12-09 20:45:00,140.05,140.24,139.84,140.14,3167.129
2025-12-09 20:50:00,140.14,140.47,139.86,139.95,5031.853
2025-12-09 20:55:00,139.95,140.12,139.62,140.12,8788.27
2025-12-09 21:00:00,140.12,140.32,139.82,140.28,4137.745
2025-12-09 21:05:00,140.28,140.45,139.76,139.76,4354.452
2025-12-09 21:10:00,139.76,140.17,139.66,139.95,4107.132
2025-12-09 21:15:00,139.95,140.03,139.51,139.59,4708.815
2025-12-09 21:20:00,139.59,139.98,139.5,139.98,2764.289
2025-12-09 21:25:00,139.98,140.0,139.77,139.8,1675.079
2025-12-09 21:30:00,139.8,139.94,139.54,139.59,2392.191
2025-12-09 21:35:00,139.59,139.61,139.29,139.45,4423.944
2025-12-09 21:40:00,139.45,139.67,139.07,139.07,3211.49
2025-12-09 21:45:00,139.07,139.1,137.27,137.78,18964.184
2025-12-09 21:50:00,137.78,137.93,136.9,136.9,16704.37
2025-12-09 21:55:00,136.9,137.86,136.74,137.79,6882.347
2025-12-09 22:00:00,137.79,138.25,137.45,137.75,12121.286
2025-12-09 22:05:00,137.75,138.41,137.73,138.22,5470.086
2025-12-09 22:10:00,138.22,138.81,138.18,138.28,7108.723
2025-12-09 22:15:00,138.28,138.46,138.07,138.27,3754.614
2025-12-09 22:20:00,138.27,138.52,138.08,138.27,2697.401
2025-12-09 22:25:00,138.27,138.35,138.09,138.22,3496.734
2025-12-09 22:30:00,138.22,138.58,138.18,138.49,4155.586
2025-12-09 22:35:00,138.49,139.32,138.49,138.82,6948.257
2025-12-09 22:40:00,138.82,139.08,138.5,138.96,5326.875
2025-12-09 22:45:00,138.96,139.44,138.76,139.06,7347.597
2025-12-09 22:50:00,139.06,139.16,138.62,138.62,7794.721
2025-12-09 22:55:00,138.62,138.98,138.58,138.8,4791.396
2025-12-09 23:00:00,138.8,138.8,138.41,138.67,6137.962
2025-12-09 23:05:00,138.67,138.71,138.19,138.41,4827.731
2025-12-09 23:10:00,138.41,138.73,137.97,137.98,9379.323
2025-12-09 23:15:00,137.98,138.13,137.67,138.12,4637.357
2025-12-09 23:20:00,138.12,138.46,138.07,138.29,3953.72
2025-12-09 23:25:00,138.29,138.63,138.24,138.59,1092.418
2025-12-09 23:30:00,138.59,138.61,138.31,138.6,3294.519
2025-12-09 23:35:00,138.6,138.82,138.49,138.7,3121.18
2025-12-09 23:40:00,138.7,138.76,138.55,138.59,4738.823
2025-12-09 23:45:00,138.59,138.59,138.03,138.11,3077.599
2025-12-09 23:50:00,138.11,138.14,137.77,137.85,2941.778
2025-12-09 23:55:00,137.85,138.0,137.8,137.89,1763.442
2025-12-10 00:00:00,137.89,138.3,137.81,138.18,7031.24
2025-12-10 00:05:00,138.18,138.25,138.08,138.11,2921.119
2025-12-10 00:10:00,138.11,138.15,137.91,138.06,3446.911
2025-12-10 00:15:00,138.06,138.06,137.36,137.42,5622.022
2025-12-10 00:20:00,137.42,137.8,137.21,137.61,2825.536
2025-12-10 00:25:00,137.61,137.77,137.42,137.72,4921.278
2025-12-10 00:30:00,137.72,138.1,137.49,137.57,3284.97
2025-12-10 00:35:00,137.57,137.95,137.54,137.81,2498.025
2025-12-10 00:40:00,137.81,137.81,137.46,137.8,2197.118
2025-12-10 00:45:00,137.8,137.97,137.24,137.33,4991.886
2025-12-10 00:50:00,137.33,137.74,137.28,137.68,2237.955
2025-12-10 00:55:00,137.68,137.68,137.25,137.27,2488.025
2025-12-10 01:00:00,137.27,137.6,137.26,137.56,1596.513
2025-12-10 01:05:00,137.56,137.6,137.19,137.32,3150.088
2025-12-10 01:10:00,137.32,137.55,137.27,137.41,20805.421
2025-12-10 01:15:00,137.41,138.5,137.27,138.44,31112.652
2025-12-10 01:20:00,138.44,138.47,137.87,137.97,11389.245
2025-12-10 01:25:00,137.97,138.12,137.84,138.05,3003.706
2025-12-10 01:30:00,138.05,138.05,137.53,137.67,3698.994
2025-12-10 01:35:00,137.67,138.14,137.6,138.07,2524.492
2025-12-10 01:40:00,138.07,138.3,137.91,138.02,3359.178
2025-12-10 01:45:00,138.02,138.2,137.96,138.08,2732.295
2025-12-10 01:50:00,138.08,138.14,137.81,137.99,3314.93
2025-12-10 01:55:00,137.99,138.09,137.86,137.87,3316.316
2025-12-10 02:00:00,137.87,137.87,137.41,137.44,3234.363
2025-12-10 02:05:00,137.44,137.52,137.21,137.33,2730.734
2025-12-10 02:10:00,137.33,137.56,137.31,137.48,2354.096
2025-12-10 02:15:00,137.48,137.93,137.47,137.86,4186.025
2025-12-10 02:20:00,137.86,138.12,137.83,137.96,5546.766
2025-12-10 02:25:00,137.96,138.07,137.88,137.9,2691.122
2025-12-10 02:30:00,137.9,137.98,137.7,137.84,3110.489
2025-12-10 02:35:00,137.84,137.86,137.55,137.64,2101.702
2025-12-10 02:40:00,137.64,137.69,137.51,137.69,1796.511
2025-12-10 02:45:00,137.69,137.69,137.38,137.53,2773.051
2025-12-10 02:50:00,137.53,137.63,137.41,137.51,1909.507
2025-12-10 02:55:00,137.51,137.78,137.45,137.75,1923.008
2025-12-10 03:00:00,137.75,137.93,137.68,137.93,3149.349
2025-12-10 03:05:00,137.93,137.94,137.65,137.74,3562.41
2025-12-10 03:10:00,137.74,137.98,137.72,137.97,2774.943
2025-12-10 03:15:00,137.97,137.98,137.78,137.79,2593.877
2025-12-10 03:20:00,137.79,137.85,137.59,137.6,2594.275
2025-12-10 03:25:00,137.6,137.85,137.56,137.85,2565.768
2025-12-10 03:30:00,137.85,137.9,137.69,137.75,1975.478
2025-12-10 03:35:00,137.75,137.96,137.71,137.88,2688.193
2025-12-10 03:40:00,137.88,138.34,137.87,138.28,4673.714
2025-12-10 03:45:00,138.28,138.62,138.2,138.61,3886.147
2025-12-10 03:50:00,138.61,138.61,138.25,138.33,2691.8
2025-12-10 03:55:00,138.33,138.33,138.15,138.15,2126.059
2025-12-10 04:00:00,138.15,138.3,138.05,138.3,2223.646
2025-12-10 04:05:00,138.3,138.37,138.07,138.21,1669.338
2025-12-10 04:10:00,138.21,138.36,138.11,138.32,1957.753
2025-12-10 04:15:00,138.32,139.24,138.26,138.93,8945.373
2025-12-10 04:20:00,138.93,139.17,138.55,139.17,6001.111
2025-12-10 04:25:00,139.17,139.17,138.72,138.86,2952.0
2025-12-10 04:30:00,138.86,139.27,138.79,139.26,4651.305
2025-12-10 04:35:00,139.26,139.85,139.19,139.85,6437.741
2025-12-10 04:40:00,139.85,139.99,139.65,139.76,11303.822
2025-12-10 04:45:00,139.76,140.22,139.1,139.1,7079.137
2025-12-10 04:50:00,139.1,139.24,138.8,139.23,6394.599
2025-12-10 04:55:00,139.23,139.3,138.93,139.04,5091.013
2025-12-10 05:00:00,139.04,139.29,138.97,139.28,4386.748
2025-12-10 05:05:00,139.28,139.58,139.11,139.19,3946.033
2025-12-10 05:10:00,139.19,139.39,139.1,139.39,2637.952
2025-12-10 05:15:00,139.39,139.52,139.17,139.35,5760.119
2025-12-10 05:20:00,139.35,139.36,139.08,139.2,1883.215
2025-12-10 05:25:00,139.2,139.27,138.96,138.97,2017.618
2025-12-10 05:30:00,138.97,139.02,138.65,138.73,3388.71
2025-12-10 05:35:00,138.73,138.89,138.68,138.8,957.958
2025-12-10 05:40:00,138.8,138.91,138.77,138.9,627.826
2025-12-10 05:45:00,138.9,139.04,138.83,139.01,1349.815
2025-12-10 05:50:00,139.01,139.01,138.8,138.81,981.497
2025-12-10 05:55:00,138.81,139.29,138.76,139.16,1692.009
2025-12-10 06:00:00,139.16,139.25,138.74,138.76,2314.963
2025-12-10 06:05:00,138.76,139.35,138.75,139.08,1854.671
2025-12-10 06:10:00,139.08,139.44,139.03,139.36,1582.123
2025-12-10 06:15:00,139.36,139.41,139.22,139.29,825.656
2025-12-10 06:20:00,139.29,139.38,139.23,139.26,755.799
2025-12-10 06:25:00,139.26,139.36,139.11,139.21,696.532
2025-12-10 06:30:00,139.21,139.36,139.04,139.04,1391.743
2025-12-10 06:35:00,139.04,139.12,138.92,138.97,1577.141
2025-12-10 06:40:00,138.97,139.33,138.95,139.28,965.049
2025-12-10 06:45:00,139.28,139.29,139.01,139.2,1093.565
2025-12-10 06:50:00,139.2,139.27,139.09,139.25,946.84
2025-12-10 06:55:00,139.25,139.31,139.12,139.22,1445.841
2025-12-10 07:00:00,139.22,139.24,139.05,139.09,1428.945
2025-12-10 07:05:00,139.09,139.09,138.78,138.95,1678.534
2025-12-10 07:10:00,138.95,138.99,138.79,138.8,2173.528
2025-12-10 07:15:00,138.8,138.88,138.36,138.46,3027.952
2025-12-10 07:20:00,138.46,138.67,138.41,138.63,2357.234
2025-12-10 07:25:00,138.63,138.63,138.44,138.51,2882.627
2025-12-10 07:30:00,138.51,138.71,138.39,138.68,1275.682
2025-12-10 07:35:00,138.68,138.95,138.62,138.88,1092.217
2025-12-10 07:40:00,138.88,138.94,138.77,138.87,1126.032
2025-12-10 07:45:00,138.87,138.98,138.81,138.98,1171.408
2025-12-10 07:50:00,138.98,139.2,138.94,139.08,2427.672
2025-12-10 07:55:00,139.08,139.2,138.98,139.2,1291.821
2025-12-10 08:00:00,139.2,139.47,139.02,139.3,3668.526
2025-12-10 08:05:00,139.3,139.44,139.16,139.27,2269.873
2025-12-10 08:10:00,139.27,139.29,139.03,139.05,1327.973
2025-12-10 08:15:00,139.05,139.1,138.91,138.95,2556.963
2025-12-10 08:20:00,138.95,139.11,138.91,139.04,2119.901
2025-12-10 08:25:00,139.04,139.11,138.87,138.88,2102.086
2025-12-10 08:30:00,138.88,138.99,138.58,138.67,3978.119
2025-12-10 08:35:00,138.67,138.89,138.67,138.87,4208.082
2025-12-10 08:40:00,138.87,138.87,138.63,138.65,1726.129
2025-12-10 08:45:00,138.65,138.8,138.54,138.54,2528.691
2025-12-10 08:50:00,138.54,138.57,138.42,138.44,1986.404
2025-12-10 08:55:00,138.44,138.59,138.42,138.48,1384.435
2025-12-10 09:00:00,138.48,138.59,138.14,138.39,2735.081
2025-12-10 09:05:00,138.39,138.64,138.36,138.5,1339.196
2025-12-10 09:10:00,138.5,138.66,138.45,138.59,1781.799
2025-12-10 09:15:00,138.59,138.71,138.31,138.43,3722.87
2025-12-10 09:20:00,138.43,138.54,138.24,138.44,2300.182
2025-12-10 09:25:00,138.44,138.54,138.33,138.36,1804.263
2025-12-10 09:30:00,138.36,138.73,138.34,138.54,1700.282
2025-12-10 09:35:00,138.54,138.56,138.26,138.27,1736.179
2025-12-10 09:40:00,138.27,138.28,138.14,138.22,2416.981
2025-12-10 09:45:00,138.22,139.09,138.21,138.82,3675.776
2025-12-10 09:50:00,138.82,138.96,138.69,138.94,2267.822
2025-12-10 09:55:00,138.94,139.08,138.82,138.99,3085.578
2025-12-10 10:00:00,138.99,139.85,138.75,139.8,12960.527
2025-12-10 10:05:00,139.8,139.83,138.51,138.55,9547.44
2025-12-10 10:10:00,138.55,138.61,138.17,138.48,6743.203
2025-12-10 10:15:00,138.48,138.5,138.0,138.24,4823.15
2025-12-10 10:20:00,138.24,138.25,137.75,137.82,5362.693
2025-12-10 10:25:00,137.82,137.87,137.42,137.5,7024.667
2025-12-10 10:30:00,137.5,137.56,137.21,137.36,6205.209
2025-12-10 10:35:00,137.36,137.5,137.2,137.29,3385.03
2025-12-10 10:40:00,137.29,137.31,136.9,137.14,8656.94
2025-12-10 10:45:00,137.14,137.28,136.83,137.03,4826.508
2025-12-10 10:50:00,137.03,137.21,136.94,137.01,3115.375
2025-12-10 10:55:00,137.01,137.28,136.93,136.98,2577.294
2025-12-10 11:00:00,136.98,137.33,136.89,137.08,7544.684
2025-12-10 11:05:00,137.08,137.48,137.06,137.31,2185.692
2025-12-10 11:10:00,137.31,137.52,137.21,137.28,3926.627
2025-12-10 11:15:00,137.28,137.44,137.24,137.29,4597.403
2025-12-10 11:20:00,137.29,137.43,137.08,137.26,1597.783
2025-12-10 11:25:00,137.26,137.29,137.14,137.15,3000.905
2025-12-10 11:30:00,137.15,137.21,136.72,136.8,4622.89
2025-12-10 11:35:00,136.8,136.87,136.39,136.52,5786.594
2025-12-10 11:40:00,136.52,136.74,136.29,136.66,4228.086
2025-12-10 11:45:00,136.66,136.93,136.43,136.89,6537.442
2025-12-10 11:50:00,136.89,137.1,136.83,137.02,6577.587
2025-12-10 11:55:00,137.02,137.3,137.02,137.19,2068.417
2025-12-10 12:00:00,137.19,137.31,137.09,137.09,2263.526
2025-12-10 12:05:00,137.09,137.35,137.07,137.27,1991.023
2025-12-10 12:10:00,137.27,137.29,137.07,137.07,3410.823
2025-12-10 12:15:00,137.07,137.13,136.91,136.96,3029.94
2025-12-10 12:20:00,136.96,137.1,136.91,137.02,1444.594
2025-12-10 12:25:00,137.02,137.03,136.82,136.93,2617.053
2025-12-10 12:30:00,136.93,137.31,136.87,137.17,1240.865
2025-12-10 12:35:00,137.17,137.21,136.8,136.85,1570.543
2025-12-10 12:40:00,136.85,137.27,136.83,137.04,1366.659
2025-12-10 12:45:00,137.04,137.2,136.99,137.07,1217.041
2025-12-10 12:50:00,137.07,137.7,136.92,137.69,3192.076
2025-12-10 12:55:00,137.69,138.13,137.62,137.89,10028.924
2025-12-10 13:00:00,137.89,137.97,137.67,137.72,3740.926
2025-12-10 13:05:00,137.72,137.97,137.69,137.72,2087.416
2025-12-10 13:10:00,137.72,137.72,137.49,137.6,1755.581
2025-12-10 13:15:00,137.6,137.79,137.47,137.73,1363.469
2025-12-10 13:20:00,137.73,138.1,137.72,137.98,2704.195
2025-12-10 13:25:00,137.98,138.16,137.96,137.97,3943.637
2025-12-10 13:30:00,137.97,138.06,137.65,137.83,2373.706
2025-12-10 13:35:00,137.83,137.99,137.64,137.65,3031.46
2025-12-10 13:40:00,137.65,137.71,137.56,137.7,2299.213
2025-12-10 13:45:00,137.7,137.9,137.57,137.57,1477.906
2025-12-10 13:50:00,137.57,137.66,137.47,137.65,1859.234
2025-12-10 13:55:00,137.65,137.73,137.59,137.67,831.794
2025-12-10 14:00:00,137.67,137.75,137.42,137.45,2116.145
2025-12-10 14:05:00,137.45,137.57,137.12,137.39,2037.659
2025-12-10 14:10:00,137.39,137.5,137.3,137.36,1847.28
2025-12-10 14:15:00,137.36,137.45,137.22,137.34,1528.802
2025-12-10 14:20:00,137.34,137.46,137.11,137.35,2223.451
2025-12-10 14:25:00,137.35,137.44,137.14,137.31,2980.617
2025-12-10 14:30:00,137.31,137.73,137.04,137.25,7467.765
2025-12-10 14:35:00,137.25,137.36,136.78,136.81,18163.809
2025-12-10 14:40:00,136.81,137.26,136.7,136.91,4844.24
2025-12-10 14:45:00,136.91,137.06,136.68,136.69,3175.372
2025-12-10 14:50:00,136.69,137.16,136.51,137.14,3887.54
2025-12-10 14:55:00,137.14,137.21,136.76,137.19,3970.464
2025-12-10 15:00:00,137.19,137.62,137.0,137.45,4283.183
2025-12-10 15:05:00,137.45,137.68,137.05,137.19,3122.209
2025-12-10 15:10:00,137.19,137.53,137.08,137.3,1860.496
2025-12-10 15:15:00,137.3,137.32,136.83,136.83,2611.145
2025-12-10 15:20:00,136.83,137.16,136.57,136.96,4855.668
2025-12-10 15:25:00,136.96,137.08,136.65,137.04,3333.678
2025-12-10 15:30:00,137.04,137.13,136.4,136.49,5187.597
2025-12-10 15:35:00,136.49,136.58,135.76,136.25,14533.11
2025-12-10 15:40:00,136.25,136.29,135.9,136.16,3254.694
2025-12-10 15:45:00,136.16,136.46,135.96,136.41,10898.654
2025-12-10 15:50:00,136.41,136.54,136.12,136.21,2707.122
2025-12-10 15:55:00,136.21,136.31,136.06,136.17,5670.231
2025-12-10 16:00:00,136.17,136.65,135.73,136.65,8363.206
2025-12-10 16:05:00,136.65,136.78,136.36,136.36,4978.637
2025-12-10 16:10:00,136.36,136.74,136.24,136.52,4025.699
2025-12-10 16:15:00,136.52,136.84,136.29,136.83,6823.023
2025-12-10 16:20:00,136.83,137.06,136.57,136.98,3949.382
2025-12-10 16:25:00,136.98,137.47,136.74,136.92,5043.761
2025-12-10 16:30:00,136.92,136.93,135.91,136.11,6421.705
2025-12-10 16:35:00,136.11,136.33,135.85,136.33,8633.075
2025-12-10 16:40:00,136.33,136.37,136.1,136.29,5074.761
2025-12-10 16:45:00,136.29,136.34,136.06,136.17,3743.303
2025-12-10 16:50:00,136.17,136.58,136.16,136.32,5969.18
2025-12-10 16:55:00,136.32,136.33,135.85,136.11,3338.877
2025-12-10 17:00:00,136.11,136.13,135.92,136.11,2594.325
2025-12-10 17:05:00,136.11,136.27,135.97,136.24,3842.095
2025-12-10 17:10:00,136.24,136.41,136.1,136.38,2517.363
2025-12-10 17:15:00,136.38,136.87,136.2,136.61,5037.853
2025-12-10 17:20:00,136.61,137.03,136.58,136.92,5940.425
2025-12-10 17:25:00,136.92,137.19,136.67,136.69,16663.724
2025-12-10 17:30:00,136.69,136.72,136.33,136.57,7040.749
2025-12-10 17:35:00,136.57,136.9,136.47,136.81,4268.015
2025-12-10 17:40:00,136.81,136.83,136.6,136.77,3129.997
2025-12-10 17:45:00,136.77,136.84,136.64,136.79,3189.202
2025-12-10 17:50:00,136.79,136.83,136.4,136.68,2643.752
2025-12-10 17:55:00,136.68,136.93,136.64,136.87,2932.149
2025-12-10 18:00:00,136.87,136.87,136.4,136.69,3042.608
2025-12-10 18:05:00,136.69,136.85,136.51,136.79,2957.607
2025-12-10 18:10:00,136.79,137.34,136.65,137.12,4851.518
2025-12-10 18:15:00,137.12,137.45,136.92,136.97,12961.512
2025-12-10 18:20:00,136.97,137.01,136.51,136.74,3363.876
2025-12-10 18:25:00,136.74,137.27,136.69,137.13,3513.112
2025-12-10 18:30:00,137.13,137.96,137.08,137.93,7994.031
2025-12-10 18:35:00,137.93,139.53,137.87,139.46,17396.597
2025-12-10 18:40:00,139.46,139.49,137.46,137.78,20177.211
2025-12-10 18:45:00,137.78,138.51,137.73,138.24,8572.143
2025-12-10 18:50:00,138.24,138.27,137.47,137.74,9847.054
2025-12-10 18:55:00,137.74,137.9,136.78,137.74,13248.042
2025-12-10 19:00:00,137.74,139.56,136.28,137.35,24398.973
2025-12-10 19:05:00,137.35,138.27,137.16,138.18,15712.201
2025-12-10 19:10:00,138.18,138.71,138.13,138.58,11114.224
2025-12-10 19:15:00,138.58,139.12,138.15,138.35,15998.422
2025-12-10 19:20:00,138.35,139.09,138.14,138.31,18323.324
2025-12-10 19:25:00,138.31,138.36,137.55,137.77,8219.524
2025-12-10 19:30:00,137.77,139.33,137.77,139.27,16761.786
2025-12-10 19:35:00,139.27,139.29,138.03,139.11,24260.846
2025-12-10 19:40:00,139.11,139.11,137.38,137.87,17804.716
2025-12-10 19:45:00,137.87,138.32,137.66,138.16,8226.442
2025-12-10 19:50:00,138.16,138.6,137.7,138.36,6913.445
2025-12-10 19:55:00,138.36,138.88,138.36,138.67,11333.678
2025-12-10 20:00:00,138.67,138.8,137.8,138.4,9267.841
2025-12-10 20:05:00,138.4,139.58,138.4,139.37,12391.693
2025-12-10 20:10:00,139.37,141.74,139.03,141.74,31193.237
2025-12-10 20:15:00,141.74,142.57,140.65,140.65,35030.799
2025-12-10 20:20:00,140.65,141.47,139.7,140.31,25311.273
2025-12-10 20:25:00,140.31,140.92,140.17,140.53,11262.896
2025-12-10 20:30:00,140.53,141.05,140.09,140.75,10106.641
2025-12-10 20:35:00,140.75,140.76,140.13,140.66,6255.317
2025-12-10 20:40:00,140.66,141.02,140.59,140.7,4720.318
2025-12-10 20:45:00,140.7,140.91,139.76,140.24,8026.283
2025-12-10 20:50:00,140.24,140.35,137.48,138.01,18767.76
2025-12-10 20:55:00,138.01,138.46,137.74,138.31,23117.262
2025-12-10 21:00:00,138.31,138.84,137.9,138.04,13581.982
2025-12-10 21:05:00,138.04,138.11,136.93,137.3,16385.114
2025-12-10 21:10:00,137.3,137.91,136.81,137.65,13411.984
2025-12-10 21:15:00,137.65,137.92,137.36,137.75,3664.751
2025-12-10 21:20:00,137.75,138.23,137.68,137.98,3070.247
2025-12-10 21:25:00,137.98,138.43,137.74,137.83,3061.171
2025-12-10 21:30:00,137.83,137.87,137.0,137.15,6433.742
2025-12-10 21:35:00,137.15,137.78,137.14,137.74,3548.432
2025-12-10 21:40:00,137.74,137.99,137.39,137.9,2090.68
2025-12-10 21:45:00,137.9,138.07,137.63,137.88,2458.051
2025-12-10 21:50:00,137.88,138.11,137.71,137.83,2528.638
2025-12-10 21:55:00,137.83,137.89,137.0,137.18,3213.128
2025-12-10 22:00:00,137.18,137.49,137.04,137.13,2216.949
2025-12-10 22:05:00,137.13,137.57,137.07,137.57,2639.831
2025-12-10 22:10:00,137.57,137.74,136.46,136.77,4961.912
2025-12-10 22:15:00,136.77,136.78,135.5,135.61,15113.848
2025-12-10 22:20:00,135.61,136.4,135.55,136.36,3854.699
2025-12-10 22:25:00,136.36,137.0,136.26,136.63,4059.379
2025-12-10 22:30:00,136.63,136.91,136.41,136.83,3257.652
2025-12-10 22:35:00,136.83,137.39,136.73,137.05,6289.77
2025-12-10 22:40:00,137.05,137.47,136.88,137.37,2982.681
2025-12-10 22:45:00,137.37,137.75,137.13,137.24,2194.177
2025-12-10 22:50:00,137.24,137.56,137.13,137.29,2254.053
2025-12-10 22:55:00,137.29,137.83,137.29,137.6,2014.323
2025-12-10 23:00:00,137.6,137.8,137.16,137.48,2611.564
2025-12-10 23:05:00,137.48,137.65,137.08,137.11,2361.892
2025-12-10 23:10:00,137.11,137.69,137.11,137.27,2916.064
2025-12-10 23:15:00,137.27,137.39,137.01,137.15,3304.256
2025-12-10 23:20:00,137.15,137.36,137.14,137.15,1566.321
2025-12-10 23:25:00,137.15,137.23,136.64,136.71,3793.317
2025-12-10 23:30:00,136.71,136.88,136.59,136.73,2197.333
2025-12-10 23:35:00,136.73,136.88,136.42,136.58,2169.377
2025-12-10 23:40:00,136.58,136.87,136.57,136.65,1242.129
2025-12-10 23:45:00,136.65,136.69,136.41,136.5,1904.836
2025-12-10 23:50:00,136.5,136.71,136.35,136.38,1810.365
2025-12-10 23:55:00,136.38,136.59,136.15,136.25,3078.815
2025-12-11 00:00:00,136.25,136.42,136.1,136.27,2896.404
2025-12-11 00:05:00,136.27,136.44,136.03,136.3,1780.142
2025-12-11 00:10:00,136.3,136.35,136.09,136.23,1910.786
2025-12-11 00:15:00,136.23,136.35,136.07,136.15,1505.593
2025-12-11 00:20:00,136.15,136.19,135.74,135.91,8494.327
2025-12-11 00:25:00,135.91,136.18,135.88,136.02,3286.359
2025-12-11 00:30:00,136.02,136.02,135.29,135.3,5488.226
2025-12-11 00:35:00,135.3,135.71,134.31,134.48,18814.317
2025-12-11 00:40:00,134.48,134.8,133.84,134.25,14295.846
2025-12-11 00:45:00,134.25,134.43,133.54,133.84,8736.339
2025-12-11 00:50:00,133.84,134.18,133.46,134.16,8981.819
2025-12-11 00:55:00,134.16,134.18,133.76,133.85,3938.118
2025-12-11 01:00:00,133.85,134.05,133.37,133.92,4649.001
2025-12-11 01:05:00,133.92,134.21,133.76,133.88,4484.824
2025-12-11 01:10:00,133.88,133.9,133.31,133.49,5310.018
2025-12-11 01:15:00,133.49,133.72,132.85,132.93,8769.057
2025-12-11 01:20:00,132.93,133.26,132.67,133.23,11713.489
2025-12-11 01:25:00,133.23,133.66,133.06,133.53,5173.501
2025-12-11 01:30:00,133.53,133.99,133.39,133.62,4748.825
2025-12-11 01:35:00,133.62,133.71,133.26,133.47,3344.679
2025-12-11 01:40:00,133.47,133.5,133.3,133.32,2884.827
2025-12-11 01:45:00,133.32,133.32,133.0,133.01,2305.436
2025-12-11 01:50:00,133.01,133.13,132.91,132.93,2487.142
2025-12-11 01:55:00,132.93,133.11,132.87,132.89,4989.349
2025-12-11 02:00:00,132.89,132.96,132.51,132.6,6402.774
2025-12-11 02:05:00,132.6,132.8,132.09,132.13,9795.444
2025-12-11 02:10:00,132.13,132.2,131.92,132.0,18202.9
2025-12-11 02:15:00,132.0,132.11,131.25,131.85,14518.313
2025-12-11 02:20:00,131.85,132.15,131.51,131.69,8302.629
2025-12-11 02:25:00,131.69,131.82,131.2,131.21,6793.505
2025-12-11 02:30:00,131.21,131.52,131.0,131.24,12172.928
2025-12-11 02:35:00,131.24,131.76,130.98,131.65,4961.718
2025-12-11 02:40:00,131.65,132.0,131.1,131.38,9834.989
2025-12-11 02:45:00,131.38,131.41,130.75,131.12,13389.91
2025-12-11 02:50:00,131.12,131.41,130.91,130.92,6934.067
2025-12-11 02:55:00,130.92,130.97,130.55,130.8,7638.994
2025-12-11 03:00:00,130.8,130.8,130.0,130.39,15239.06
2025-12-11 03:05:00,130.39,130.6,130.13,130.19,10902.716
2025-12-11 03:10:00,130.19,130.22,129.41,130.0,13546.03
2025-12-11 03:15:00,130.0,130.08,129.68,130.0,5454.489
2025-12-11 03:20:00,130.0,130.44,129.95,130.34,7389.95
2025-12-11 03:25:00,130.34,130.41,129.9,129.93,4265.829
2025-12-11 03:30:00,129.93,129.98,129.59,129.79,4394.252
2025-12-11 03:35:00,129.79,130.24,129.73,129.84,5103.764
2025-12-11 03:40:00,129.84,129.85,129.03,129.57,11611.776
2025-12-11 03:45:00,129.57,129.81,129.3,129.61,5117.215
2025-12-11 03:50:00,129.61,129.8,129.45,129.56,5550.388
2025-12-11 03:55:00,129.56,129.78,129.36,129.38,8586.806
2025-12-11 04:00:00,129.38,129.67,129.07,129.63,7244.198
2025-12-11 04:05:00,129.63,130.13,129.6,130.03,10079.678
2025-12-11 04:10:00,130.03,130.27,129.94,130.01,10267.374
2025-12-11 04:15:00,130.01,130.19,129.64,130.19,5211.781
2025-12-11 04:20:00,130.19,130.19,129.63,129.67,6051.186
2025-12-11 04:25:00,129.67,129.82,129.63,129.71,4551.918
2025-12-11 04:30:00,129.71,129.98,129.71,129.86,5988.246
2025-12-11 04:35:00,129.86,130.11,129.81,129.91,4954.482
2025-12-11 04:40:00,129.91,130.1,129.8,130.06,4245.6
2025-12-11 04:45:00,130.06,130.44,129.98,130.39,4622.634
2025-12-11 04:50:00,130.39,131.34,130.39,131.23,12482.997
2025-12-11 04:55:00,131.23,131.53,131.02,131.05,7199.65
2025-12-11 05:00:00,131.05,131.05,130.5,130.81,5937.632
2025-12-11 05:05:00,130.81,130.95,130.65,130.84,3432.142
2025-12-11 05:10:00,130.84,130.94,130.67,130.71,2877.549
2025-12-11 05:15:00,130.71,131.08,130.61,130.93,3518.864
2025-12-11 05:20:00,130.93,131.29,130.87,131.12,4803.877
2025-12-11 05:25:00,131.12,131.29,131.09,131.22,2157.214
2025-12-11 05:30:00,131.22,131.27,130.76,130.86,4195.619
2025-12-11 05:35:00,130.86,131.0,130.76,130.93,4822.645
2025-12-11 05:40:00,130.93,130.97,130.81,130.89,1827.83
2025-12-11 05:45:00,130.89,131.15,130.87,131.11,3977.004
2025-12-11 05:50:00,131.11,131.3,131.08,131.26,4302.746
2025-12-11 05:55:00,131.26,131.27,131.16,131.21,1827.747
2025-12-11 06:00:00,131.21,131.22,130.94,131.13,3671.169
2025-12-11 06:05:00,131.13,131.2,131.0,131.15,3186.568
2025-12-11 06:10:00,131.15,131.15,130.95,131.06,2425.459
2025-12-11 06:15:00,131.06,131.12,130.96,130.97,2311.548
2025-12-11 06:20:00,130.97,130.97,130.55,130.65,4191.974
2025-12-11 06:25:00,130.65,130.78,130.39,130.76,4684.088
2025-12-11 06:30:00,130.76,131.12,130.75,131.09,3190.329
2025-12-11 06:35:00,131.09,131.45,131.09,131.19,4524.354
2025-12-11 06:40:00,131.19,131.21,131.02,131.09,2218.801
2025-12-11 06:45:00,131.09,131.21,130.98,131.03,3156.533
2025-12-11 06:50:00,131.03,131.08,130.95,131.01,1834.113
2025-12-11 06:55:00,131.01,131.13,130.93,131.06,1711.122
2025-12-11 07:00:00,131.06,131.24,131.0,131.06,2609.366
2025-12-11 07:05:00,131.06,131.14,130.99,131.08,1446.416
2025-12-11 07:10:00,131.08,131.26,131.06,131.22,1719.677
2025-12-11 07:15:00,131.22,131.38,131.14,131.18,3211.663
2025-12-11 07:20:00,131.18,131.19,131.0,131.12,3468.825
2025-12-11 07:25:00,131.12,131.17,131.02,131.08,3915.634
2025-12-11 07:30:00,131.08,131.27,131.02,131.14,2349.116
2025-12-11 07:35:00,131.14,131.3,131.04,131.04,1645.865
2025-12-11 07:40:00,131.04,131.09,130.77,130.77,4727.517
2025-12-11 07:45:00,130.77,130.93,130.66,130.89,2184.548
2025-12-11 07:50:00,130.89,131.04,130.89,131.04,881.133
2025-12-11 07:55:00,131.04,131.09,130.91,130.95,2621.52
2025-12-11 08:00:00,130.95,131.04,130.77,130.93,2976.765
2025-12-11 08:05:00,130.93,131.14,130.75,130.81,6419.586
2025-12-11 08:10:00,130.81,130.82,130.53,130.7,5620.651
2025-12-11 08:15:00,130.7,130.9,130.56,130.56,1918.71
2025-12-11 08:20:00,130.56,130.97,130.55,130.87,1582.571
2025-12-11 08:25:00,130.87,130.99,130.73,130.78,2016.355
2025-12-11 08:30:00,130.78,130.78,130.35,130.4,4157.919
2025-12-11 08:35:00,130.4,130.53,130.19,130.28,3992.299
2025-12-11 08:40:00,130.28,130.42,130.26,130.42,3209.839
2025-12-11 08:45:00,130.42,130.47,130.34,130.38,854.5
2025-12-11 08:50:00,130.38,131.0,130.38,130.96,1417.773
2025-12-11 08:55:00,130.96,131.11,130.89,131.09,2901.462
2025-12-11 09:00:00,131.09,131.21,130.9,130.96,2761.655
2025-12-11 09:05:00,130.96,131.15,130.92,130.99,2234.151
2025-12-11 09:10:00,130.99,131.15,130.92,130.93,1398.588
2025-12-11 09:15:00,130.93,131.22,130.92,131.17,3646.192
2025-12-11 09:20:00,131.17,131.38,131.09,131.17,3036.116
2025-12-11 09:25:00,131.17,131.23,131.0,131.18,1725.976
2025-12-11 09:30:00,131.18,131.33,131.12,131.12,2056.115
2025-12-11 09:35:00,131.12,131.34,131.11,131.26,1639.825
2025-12-11 09:40:00,131.26,131.34,131.14,131.17,1958.696
2025-12-11 09:45:00,131.17,131.28,131.09,131.21,1950.283
2025-12-11 09:50:00,131.21,131.21,130.94,130.97,8814.337
2025-12-11 09:55:00,130.97,130.99,130.83,130.93,1992.888
2025-12-11 10:00:00,130.93,131.06,130.87,130.91,1462.209
2025-12-11 10:05:00,130.91,131.01,130.84,130.98,982.269
2025-12-11 10:10:00,130.98,131.09,130.84,131.09,2276.486
2025-12-11 10:15:00,131.09,131.09,130.61,130.69,4254.625
2025-12-11 10:20:00,130.69,130.71,130.51,130.67,3271.763
2025-12-11 10:25:00,130.67,130.9,130.65,130.84,1857.492
2025-12-11 10:30:00,130.84,130.86,130.62,130.67,1969.748
2025-12-11 10:35:00,130.67,130.75,130.65,130.71,930.796
2025-12-11 10:40:00,130.71,130.75,130.56,130.57,1434.877
2025-12-11 10:45:00,130.57,130.72,130.57,130.61,1736.167
2025-12-11 10:50:00,130.61,130.92,130.61,130.81,2167.345
2025-12-11 10:55:00,130.81,130.9,130.69,130.83,2316.206
2025-12-11 11:00:00,130.83,130.96,130.75,130.96,1049.015
2025-12-11 11:05:00,130.96,131.1,130.9,130.97,2176.163
2025-12-11 11:10:00,130.97,131.0,130.89,130.89,1390.172
2025-12-11 11:15:00,130.89,131.0,130.82,130.94,1320.629
2025-12-11 11:20:00,130.94,131.03,130.82,130.93,1847.794
2025-12-11 11:25:00,130.93,130.93,130.82,130.91,1188.437
2025-12-11 11:30:00,130.91,130.99,130.89,130.91,1311.541
2025-12-11 11:35:00,130.91,131.22,130.91,131.07,2090.508
2025-12-11 11:40:00,131.07,131.22,131.0,131.12,3186.446
2025-12-11 11:45:00,131.12,131.17,131.04,131.08,3200.624
2025-12-11 11:50:00,131.08,131.1,130.94,131.0,2273.942
2025-12-11 11:55:00,131.0,131.05,130.86,130.92,2512.666
2025-12-11 12:00:00,130.92,131.05,130.88,131.02,2090.406
2025-12-11 12:05:00,131.02,131.08,130.73,130.78,2636.627
2025-12-11 12:10:00,130.78,130.98,130.71,130.9,2116.336
2025-12-11 12:15:00,130.9,131.1,130.88,131.06,2383.851
2025-12-11 12:20:00,131.06,131.4,131.02,131.36,2990.7
2025-12-11 12:25:00,131.36,131.56,131.28,131.49,4451.27
2025-12-11 12:30:00,131.49,131.86,131.38,131.64,4681.577
2025-12-11 12:35:00,131.64,131.64,131.36,131.48,4114.637
2025-12-11 12:40:00,131.48,131.6,131.26,131.41,2292.345
2025-12-11 12:45:00,131.41,131.59,131.41,131.5,2060.027
2025-12-11 12:50:00,131.5,131.5,131.3,131.32,2916.516
2025-12-11 12:55:00,131.32,131.33,131.2,131.21,2447.274
2025-12-11 13:00:00,131.21,131.42,131.18,131.25,2403.31
2025-12-11 13:05:00,131.25,131.34,130.98,131.18,3239.789
2025-12-11 13:10:00,131.18,131.26,131.08,131.11,1529.408
2025-12-11 13:15:00,131.11,131.25,131.0,131.13,1775.375
2025-12-11 13:20:00,131.13,131.38,131.13,131.2,3616.42
2025-12-11 13:25:00,131.2,131.31,131.13,131.18,1039.772
2025-12-11 13:30:00,131.18,131.26,130.88,131.05,2103.23
2025-12-11 13:35:00,131.05,131.5,131.0,131.34,2615.281
2025-12-11 13:40:00,131.34,131.48,131.22,131.29,1243.308
2025-12-11 13:45:00,131.29,131.31,131.12,131.19,908.074
2025-12-11 13:50:00,131.19,131.46,131.08,131.4,1617.596
2025-12-11 13:55:00,131.4,131.43,131.19,131.29,1548.155
2025-12-11 14:00:00,131.29,131.49,131.29,131.42,1106.272
2025-12-11 14:05:00,131.42,131.45,131.23,131.25,758.032
2025-12-11 14:10:00,131.25,131.3,131.12,131.19,1801.791
2025-12-11 14:15:00,131.19,131.32,131.15,131.16,2326.725
2025-12-11 14:20:00,131.16,131.23,131.01,131.18,2600.612
2025-12-11 14:25:00,131.18,131.24,130.78,130.79,3231.046
2025-12-11 14:30:00,130.79,131.26,129.92,130.66,18444.348
2025-12-11 14:35:00,130.66,131.44,130.63,131.3,7326.352
2025-12-11 14:40:00,131.3,131.52,130.85,131.04,5248.016
2025-12-11 14:45:00,131.04,131.11,130.23,130.5,10784.125
2025-12-11 14:50:00,130.5,130.88,129.86,130.55,10522.611
2025-12-11 14:55:00,130.55,131.21,130.16,130.65,7215.725
2025-12-11 15:00:00,130.65,130.81,130.3,130.61,4695.009
2025-12-11 15:05:00,130.61,131.12,130.44,130.88,3719.562
2025-12-11 15:10:00,130.88,131.38,130.64,131.19,2739.379
2025-12-11 15:15:00,131.19,131.66,130.85,131.66,6350.824
2025-12-11 15:20:00,131.66,132.66,131.61,132.63,13212.703
2025-12-11 15:25:00,132.63,132.85,132.01,132.03,11025.595
2025-12-11 15:30:00,132.03,132.09,131.67,131.89,7033.061
2025-12-11 15:35:00,131.89,131.95,131.04,131.04,4956.628
2025-12-11 15:40:00,131.04,131.37,130.91,131.1,6028.163
2025-12-11 15:45:00,131.1,131.61,130.81,130.91,3722.892
2025-12-11 15:50:00,130.91,131.37,130.74,131.16,3982.391
2025-12-11 15:55:00,131.16,131.53,131.14,131.21,2566.099
2025-12-11 16:00:00,131.21,131.4,130.93,131.14,4381.76
2025-12-11 16:05:00,131.14,131.19,130.44,130.6,4666.27
2025-12-11 16:10:00,130.6,130.71,130.34,130.45,3530.916
2025-12-11 16:15:00,130.45,130.55,130.26,130.44,3191.528
2025-12-11 16:20:00,130.44,130.72,130.32,130.68,2733.745
2025-12-11 16:25:00,130.68,130.68,130.41,130.57,1421.56
2025-12-11 16:30:00,130.57,130.67,130.12,130.5,1985.843
2025-12-11 16:35:00,130.5,131.12,130.41,131.09,2455.295
2025-12-11 16:40:00,131.09,131.67,130.93,131.49,3433.824
2025-12-11 16:45:00,131.49,131.99,131.49,131.74,3979.666
2025-12-11 16:50:00,131.74,131.79,131.18,131.28,2870.605
2025-12-11 16:55:00,131.28,131.4,131.14,131.33,1840.915
2025-12-11 17:00:00,131.33,131.43,131.16,131.3,2859.604
2025-12-11 17:05:00,131.3,131.43,130.82,130.92,2037.703
2025-12-11 17:10:00,130.92,131.24,130.9,131.04,1900.907
2025-12-11 17:15:00,131.04,131.23,130.95,131.12,1185.11
2025-12-11 17:20:00,131.12,131.65,131.12,131.57,2948.915
2025-12-11 17:25:00,131.57,132.14,131.57,131.99,7355.083
2025-12-11 17:30:00,131.99,132.19,131.84,131.94,3445.133
2025-12-11 17:35:00,131.94,132.38,131.76,132.25,6967.939
2025-12-11 17:40:00,132.25,132.33,132.1,132.3,2618.806
2025-12-11 17:45:00,132.3,132.56,132.21,132.24,7780.349
2025-12-11 17:50:00,132.24,132.44,131.99,132.37,3885.236
2025-12-11 17:55:00,132.37,132.5,132.2,132.35,2733.985
2025-12-11 18:00:00,132.35,132.9,132.02,132.87,7088.636
2025-12-11 18:05:00,132.87,133.16,132.76,132.86,9039.71
2025-12-11 18:10:00,132.86,133.56,132.81,133.44,10798.393
2025-12-11 18:15:00,133.44,133.87,133.36,133.83,10065.464
2025-12-11 18:20:00,133.83,134.2,133.8,134.01,22124.029
2025-12-11 18:25:00,134.01,134.22,133.68,134.02,9596.014
2025-12-11 18:30:00,134.02,134.11,133.65,133.8,7599.395
2025-12-11 18:35:00,133.8,134.61,133.8,134.36,14717.753
2025-12-11 18:40:00,134.36,135.35,134.08,135.35,19306.419
2025-12-11 18:45:00,135.35,135.55,134.63,134.8,17181.749
2025-12-11 18:50:00,134.8,135.03,133.85,134.27,12038.976
2025-12-11 18:55:00,134.27,134.46,133.98,134.42,8621.657
2025-12-11 19:00:00,134.42,134.99,134.33,134.6,7359.955
2025-12-11 19:05:00,134.6,134.63,133.67,133.76,7653.975
2025-12-11 19:10:00,133.76,134.08,133.61,134.06,4251.212
2025-12-11 19:15:00,134.06,134.84,133.94,134.66,9409.115
2025-12-11 19:20:00,134.66,135.47,134.2,134.99,11374.778
2025-12-11 19:25:00,134.99,135.09,134.54,134.77,8339.697
2025-12-11 19:30:00,134.77,135.07,134.63,134.93,7192.799
2025-12-11 19:35:00,134.93,135.27,134.8,134.84,7187.866
2025-12-11 19:40:00,134.84,134.98,134.61,134.87,4749.217
2025-12-11 19:45:00,134.87,134.98,134.75,134.96,3481.609
2025-12-11 19:50:00,134.96,135.03,134.11,134.12,8012.224
2025-12-11 19:55:00,134.12,134.42,133.7,133.9,6620.385
2025-12-11 20:00:00,133.9,134.2,133.84,134.14,4100.351
2025-12-11 20:05:00,134.14,134.57,134.0,134.48,2826.377
2025-12-11 20:10:00,134.48,134.9,134.4,134.73,4609.831
2025-12-11 20:15:00,134.73,135.02,134.6,134.6,3376.678
2025-12-11 20:20:00,134.6,134.87,134.34,134.47,4260.456
2025-12-11 20:25:00,134.47,134.49,134.15,134.26,2782.72
2025-12-11 20:30:00,134.26,135.13,134.22,134.95,5499.522
2025-12-11 20:35:00,134.95,135.11,134.66,135.05,5929.031
2025-12-11 20:40:00,135.05,135.5,134.99,135.14,5052.729
2025-12-11 20:45:00,135.14,135.27,134.76,134.81,4563.333
2025-12-11 20:50:00,134.81,135.17,134.81,134.94,5336.158
2025-12-11 20:55:00,134.94,136.95,134.93,136.05,18502.617
2025-12-11 21:00:00,136.05,136.98,136.05,136.94,11043.804
2025-12-11 21:05:00,136.94,137.77,136.76,137.0,17360.625
2025-12-11 21:10:00,137.0,137.44,136.77,137.08,11184.001
2025-12-11 21:15:00,137.08,137.73,137.03,137.08,16018.001
2025-12-11 21:20:00,137.08,137.21,136.72,136.95,6339.088
2025-12-11 21:25:00,136.95,137.12,136.71,137.07,6936.035
2025-12-11 21:30:00,137.07,137.7,137.07,137.32,9579.246
2025-12-11 21:35:00,137.32,137.48,136.78,136.99,6196.05
2025-12-11 21:40:00,136.99,137.3,136.84,137.26,4981.92
2025-12-11 21:45:00,137.26,137.46,137.05,137.13,6913.036
2025-12-11 21:50:00,137.13,137.31,136.86,137.04,4948.49
2025-12-11 21:55:00,137.04,137.29,136.8,137.0,7017.666
2025-12-11 22:00:00,137.0,137.46,137.0,137.23,7047.158
2025-12-11 22:05:00,137.23,137.44,137.05,137.09,4169.449
2025-12-11 22:10:00,137.09,137.38,136.98,137.25,9282.564
2025-12-11 22:15:00,137.25,137.39,136.7,136.85,7515.037
2025-12-11 22:20:00,136.85,136.88,136.06,136.13,5482.492
2025-12-11 22:25:00,136.13,136.77,136.08,136.76,10107.725
2025-12-11 22:30:00,136.76,137.21,136.72,137.21,8032.542
2025-12-11 22:35:00,137.21,137.28,136.83,136.95,4563.1
2025-12-11 22:40:00,136.95,137.16,136.27,136.53,6295.751
2025-12-11 22:45:00,136.53,136.55,135.9,136.11,11577.304
2025-12-11 22:50:00,136.11,136.19,135.82,136.0,3964.55
2025-12-11 22:55:00,136.0,136.28,135.93,136.15,3215.87
2025-12-11 23:00:00,136.15,136.52,135.89,135.91,4338.796
2025-12-11 23:05:00,135.91,136.26,135.84,135.88,3245.594
2025-12-11 23:10:00,135.88,136.47,135.66,136.07,4716.552
2025-12-11 23:15:00,136.07,136.29,135.88,135.88,2311.485
2025-12-11 23:20:00,135.88,136.23,135.84,135.96,2027.476
2025-12-11 23:25:00,135.96,136.08,135.91,136.0,1656.976
2025-12-11 23:30:00,136.0,136.36,135.93,136.34,2190.892
2025-12-11 23:35:00,136.34,136.65,136.3,136.58,3192.249
2025-12-11 23:40:00,136.58,136.79,136.48,136.67,2732.841
2025-12-11 23:45:00,136.67,136.67,136.39,136.45,2122.435
2025-12-11 23:50:00,136.45,136.7,136.11,136.24,2285.852
2025-12-11 23:55:00,136.24,136.46,136.23,136.46,1153.739
2025-12-12 00:00:00,136.46,136.84,136.32,136.33,5815.269
2025-12-12 00:05:00,136.33,136.9,136.29,136.7,2650.322
2025-12-12 00:10:00,136.7,137.01,136.68,136.72,3548.994
2025-12-12 00:15:00,136.72,137.21,136.7,137.08,2844.25
2025-12-12 00:20:00,137.08,137.45,136.96,137.15,5054.548
2025-12-12 00:25:00,137.15,137.17,136.89,136.98,2892.243
2025-12-12 00:30:00,136.98,137.12,136.83,136.85,2742.708
2025-12-12 00:35:00,136.85,136.86,136.58,136.61,5738.358
2025-12-12 00:40:00,136.61,136.76,136.43,136.47,4319.318
2025-12-12 00:45:00,136.47,136.66,136.1,136.14,4656.576
2025-12-12 00:50:00,136.14,136.25,135.93,135.98,3001.326
2025-12-12 00:55:00,135.98,136.5,135.35,135.48,6526.88
2025-12-12 01:00:00,135.48,136.22,135.48,135.81,8658.353
2025-12-12 01:05:00,135.81,136.4,135.81,136.27,8072.499
2025-12-12 01:10:00,136.27,136.48,136.06,136.23,3093.411
2025-12-12 01:15:00,136.23,136.74,136.23,136.67,3617.204
2025-12-12 01:20:00,136.67,137.21,136.66,137.14,3092.084
2025-12-12 01:25:00,137.14,137.18,136.78,136.9,1808.145
2025-12-12 01:30:00,136.9,137.15,136.8,137.14,2845.467
2025-12-12 01:35:00,137.14,137.2,136.91,136.95,2059.346
2025-12-12 01:40:00,136.95,137.19,136.87,136.99,1933.203
2025-12-12 01:45:00,136.99,137.07,136.64,136.67,3250.232
2025-12-12 01:50:00,136.67,136.75,136.51,136.62,3040.876
2025-12-12 01:55:00,136.62,136.82,136.54,136.71,4696.14
2025-12-12 02:00:00,136.71,136.81,136.53,136.72,3546.765
2025-12-12 02:05:00,136.72,137.19,136.65,137.12,2947.436
2025-12-12 02:10:00,137.12,137.94,137.1,137.69,7523.747
2025-12-12 02:15:00,137.69,137.73,137.2,137.22,4893.836
2025-12-12 02:20:00,137.22,137.5,137.2,137.39,2721.878
2025-12-12 02:25:00,137.39,137.5,137.23,137.32,2562.507
2025-12-12 02:30:00,137.32,137.41,137.15,137.24,2355.801
2025-12-12 02:35:00,137.24,137.28,137.02,137.05,2314.111
2025-12-12 02:40:00,137.05,137.13,136.97,137.12,2141.291
2025-12-12 02:45:00,137.12,137.47,136.82,137.41,3537.766
2025-12-12 02:50:00,137.41,137.42,137.03,137.29,2994.101
2025-12-12 02:55:00,137.29,137.46,137.13,137.2,4162.577
2025-12-12 03:00:00,137.2,137.42,137.15,137.33,3234.892
2025-12-12 03:05:00,137.33,137.43,137.19,137.3,2453.39
2025-12-12 03:10:00,137.3,137.41,137.12,137.17,2322.166
2025-12-12 03:15:00,137.17,137.24,136.78,136.82,3496.636
2025-12-12 03:20:00,136.82,136.89,136.53,136.74,3285.214
2025-12-12 03:25:00,136.74,136.91,136.71,136.83,1238.769
2025-12-12 03:30:00,136.83,136.85,136.62,136.71,2091.583
2025-12-12 03:35:00,136.71,136.99,136.68,136.97,2967.088
2025-12-12 03:40:00,136.97,137.21,136.88,137.14,2304.898
2025-12-12 03:45:00,137.14,137.22,137.04,137.06,1241.091
2025-12-12 03:50:00,137.06,137.37,137.01,137.21,1406.291
2025-12-12 03:55:00,137.21,137.23,137.05,137.07,2019.499
2025-12-12 04:00:00,137.07,137.1,136.82,136.93,2380.155
2025-12-12 04:05:00,136.93,137.02,136.84,136.98,2132.763
2025-12-12 04:10:00,136.98,137.01,136.88,136.94,783.254
2025-12-12 04:15:00,136.94,137.0,136.86,136.92,1668.947
2025-12-12 04:20:00,136.92,137.03,136.83,136.89,2576.993
2025-12-12 04:25:00,136.89,137.08,136.84,136.88,2078.017
2025-12-12 04:30:00,136.88,137.01,136.82,136.84,2614.628
2025-12-12 04:35:00,136.84,136.97,136.73,136.8,1963.091
2025-12-12 04:40:00,136.8,137.02,136.78,137.01,2677.044
2025-12-12 04:45:00,137.01,137.07,136.87,136.94,1244.379
2025-12-12 04:50:00,136.94,137.14,136.87,137.1,2722.781
2025-12-12 04:55:00,137.1,137.2,136.99,137.04,1454.516
2025-12-12 05:00:00,137.04,137.37,137.03,137.19,3276.601
2025-12-12 05:05:00,137.19,137.27,137.08,137.12,2513.409
2025-12-12 05:10:00,137.12,137.13,136.78,136.8,2547.637
2025-12-12 05:15:00,136.8,136.99,136.79,136.91,1239.654
2025-12-12 05:20:00,136.91,136.97,136.55,136.65,3332.46
2025-12-12 05:25:00,136.65,136.85,136.62,136.82,2274.132
2025-12-12 05:30:00,136.82,137.07,136.81,136.95,2241.122
2025-12-12 05:35:00,136.95,137.32,136.95,137.31,2547.886
2025-12-12 05:40:00,137.31,137.62,137.23,137.61,8107.372
2025-12-12 05:45:00,137.61,138.71,137.58,138.23,14656.871
2025-12-12 05:50:00,138.23,138.45,138.08,138.32,5606.376
2025-12-12 05:55:00,138.32,138.9,138.18,138.88,10082.362
2025-12-12 06:00:00,138.88,139.26,138.74,138.89,11031.194
2025-12-12 06:05:00,138.89,139.83,138.84,139.6,14120.861
2025-12-12 06:10:00,139.6,140.14,139.58,140.06,13625.953
2025-12-12 06:15:00,140.06,140.07,139.43,139.6,7678.78
2025-12-12 06:20:00,139.6,139.75,139.34,139.4,5642.128
2025-12-12 06:25:00,139.4,139.59,139.29,139.35,7243.463
2025-12-12 06:30:00,139.35,139.4,138.95,139.0,5134.829
2025-12-12 06:35:00,139.0,139.04,138.85,138.98,4526.964
2025-12-12 06:40:00,138.98,139.22,138.98,139.02,1876.329
2025-12-12 06:45:00,139.02,139.06,138.7,138.94,6443.974
2025-12-12 06:50:00,138.94,139.11,138.87,139.1,3071.668
2025-12-12 06:55:00,139.1,139.11,138.9,139.11,2712.22
2025-12-12 07:00:00,139.11,139.27,139.06,139.1,3250.467
2025-12-12 07:05:00,139.1,139.1,138.8,138.85,2379.945
2025-12-12 07:10:00,138.85,139.06,138.84,138.92,1467.311
2025-12-12 07:15:00,138.92,139.0,138.77,138.95,1887.114
2025-12-12 07:20:00,138.95,139.04,138.91,138.93,1799.337
2025-12-12 07:25:00,138.93,139.06,138.88,139.01,3405.705
2025-12-12 07:30:00,139.01,139.4,139.01,139.25,5198.791
2025-12-12 07:35:00,139.25,139.38,138.8,138.94,2335.011
2025-12-12 07:40:00,138.94,139.41,138.94,139.33,5437.381
2025-12-12 07:45:00,139.33,139.42,139.22,139.27,2355.742
2025-12-12 07:50:00,139.27,139.39,139.23,139.29,2037.816
2025-12-12 07:55:00,139.29,139.36,139.06,139.09,2327.875
2025-12-12 08:00:00,139.09,139.17,138.95,139.01,3192.755
2025-12-12 08:05:00,139.01,139.1,138.87,138.95,2900.574
2025-12-12 08:10:00,138.95,139.12,138.9,138.93,2139.0
2025-12-12 08:15:00,138.93,138.99,138.83,138.87,1831.93
2025-12-12 08:20:00,138.87,138.87,138.49,138.56,4007.696
2025-12-12 08:25:00,138.56,138.58,138.09,138.27,14132.212
2025-12-12 08:30:00,138.27,138.28,137.72,137.95,9990.3
2025-12-12 08:35:00,137.95,137.96,137.6,137.91,4048.285
2025-12-12 08:40:00,137.91,138.0,137.83,137.86,2935.134
2025-12-12 08:45:00,137.86,137.88,137.55,137.79,12953.696
2025-12-12 08:50:00,137.79,137.98,137.76,137.9,3256.69
2025-12-12 08:55:00,137.9,138.0,137.81,137.91,1802.248
2025-12-12 09:00:00,137.91,138.11,137.88,138.04,2445.927
2025-12-12 09:05:00,138.04,138.06,137.72,137.72,1750.824
2025-12-12 09:10:00,137.72,138.13,137.7,138.1,1935.795
2025-12-12 09:15:00,138.1,138.14,137.93,137.99,2130.488
2025-12-12 09:20:00,137.99,138.0,137.76,137.81,1206.348
2025-12-12 09:25:00,137.81,137.86,137.33,137.34,1889.136
2025-12-12 09:30:00,137.34,137.53,137.34,137.47,2822.657
2025-12-12 09:35:00,137.47,137.63,137.28,137.33,2940.306
2025-12-12 09:40:00,137.33,137.52,137.21,137.41,6988.875
2025-12-12 09:45:00,137.41,137.53,137.28,137.53,3887.551
2025-12-12 09:50:00,137.53,137.9,137.52,137.7,3452.416
2025-12-12 09:55:00,137.7,138.46,137.69,138.24,7695.191
2025-12-12 10:00:00,138.24,138.36,138.1,138.13,2537.141
2025-12-12 10:05:00,138.13,138.31,138.13,138.25,1343.194
2025-12-12 10:10:00,138.25,138.51,138.24,138.38,2998.513
2025-12-12 10:15:00,138.38,138.38,138.11,138.21,2138.696
2025-12-12 10:20:00,138.21,138.26,138.02,138.14,2502.95
2025-12-12 10:25:00,138.14,138.2,138.09,138.11,2049.529
2025-12-12 10:30:00,138.11,138.2,138.09,138.15,1802.783
2025-12-12 10:35:00,138.15,138.2,137.96,138.04,1749.673
2025-12-12 10:40:00,138.04,138.13,137.96,138.08,3282.331
2025-12-12 10:45:00,138.08,138.14,137.93,138.14,2097.527
2025-12-12 10:50:00,138.14,138.56,138.11,138.32,6217.411
2025-12-12 10:55:00,138.32,138.39,138.29,138.37,1938.364
2025-12-12 11:00:00,138.37,138.44,138.09,138.26,2139.639
2025-12-12 11:05:00,138.26,138.4,138.06,138.08,2025.396
2025-12-12 11:10:00,138.08,138.16,138.04,138.13,699.003
2025-12-12 11:15:00,138.13,138.14,137.86,137.89,2711.834
2025-12-12 11:20:00,137.89,138.32,137.86,138.13,1738.152
2025-12-12 11:25:00,138.13,138.5,138.12,138.45,2412.625
2025-12-12 11:30:00,138.45,138.5,138.36,138.39,976.587
2025-12-12 11:35:00,138.39,138.46,138.31,138.36,1437.106
2025-12-12 11:40:00,138.36,138.52,138.32,138.51,3298.019
2025-12-12 11:45:00,138.51,138.51,138.26,138.39,3075.512
2025-12-12 11:50:00,138.39,138.77,138.39,138.71,3714.519
2025-12-12 11:55:00,138.71,138.79,138.55,138.74,3216.034
2025-12-12 12:00:00,138.74,138.78,138.44,138.51,2595.835
2025-12-12 12:05:00,138.51,138.63,138.34,138.48,2003.286
2025-12-12 12:10:00,138.48,138.55,138.41,138.43,1280.628
2025-12-12 12:15:00,138.43,138.62,138.42,138.45,1769.391
2025-12-12 12:20:00,138.45,138.59,138.44,138.58,1542.717
2025-12-12 12:25:00,138.58,138.59,138.44,138.58,1545.269
2025-12-12 12:30:00,138.58,138.96,138.57,138.96,4696.909
2025-12-12 12:35:00,138.96,139.29,138.81,139.16,6719.048
2025-12-12 12:40:00,139.16,139.27,139.04,139.07,3588.588
2025-12-12 12:45:00,139.07,139.41,139.0,139.4,3792.561
2025-12-12 12:50:00,139.4,139.83,139.37,139.77,7790.543
2025-12-12 12:55:00,139.77,139.77,139.54,139.63,2962.577
2025-12-12 13:00:00,139.63,139.63,139.22,139.38,3291.414
2025-12-12 13:05:00,139.38,139.5,139.22,139.34,7069.86
2025-12-12 13:10:00,139.34,139.51,139.23,139.41,1599.848
2025-12-12 13:15:00,139.41,139.49,139.09,139.42,4871.936
2025-12-12 13:20:00,139.42,139.55,139.29,139.29,3013.882
2025-12-12 13:25:00,139.29,139.39,139.14,139.14,2431.176
2025-12-12 13:30:00,139.14,139.47,139.02,139.45,3146.212
2025-12-12 13:35:00,139.45,139.47,139.25,139.33,2260.688
2025-12-12 13:40:00,139.33,139.41,139.11,139.15,3511.563
2025-12-12 13:45:00,139.15,139.28,139.03,139.05,2516.93
2025-12-12 13:50:00,139.05,139.06,138.73,138.9,3434.168
2025-12-12 13:55:00,138.9,139.02,138.89,138.97,2289.615
2025-12-12 14:00:00,138.97,139.03,138.86,139.01,2389.407
2025-12-12 14:05:00,139.01,139.14,138.71,138.71,4340.273
2025-12-12 14:10:00,138.71,138.81,138.64,138.77,3618.461
2025-12-12 14:15:00,138.77,139.26,138.69,139.2,3996.57
2025-12-12 14:20:00,139.2,139.3,138.93,138.96,3749.275
2025-12-12 14:25:00,138.96,138.99,138.59,138.9,8560.534
2025-12-12 14:30:00,138.9,139.3,138.6,139.04,10351.396
2025-12-12 14:35:00,139.04,139.54,138.84,139.08,5903.058
2025-12-12 14:40:00,139.08,139.18,138.77,139.0,6087.704
2025-12-12 14:45:00,139.0,139.02,138.36,138.43,4686.385
2025-12-12 14:50:00,138.43,138.65,138.08,138.64,7068.931
2025-12-12 14:55:00,138.64,138.75,138.38,138.51,3148.367
2025-12-12 15:00:00,138.51,138.51,137.58,137.71,6993.109
2025-12-12 15:05:00,137.71,137.78,136.96,137.1,22336.887
2025-12-12 15:10:00,137.1,137.84,137.03,137.52,12488.949
2025-12-12 15:15:00,137.52,137.53,136.97,137.45,8234.324
2025-12-12 15:20:00,137.45,137.53,136.71,136.74,8957.027
2025-12-12 15:25:00,136.74,136.83,135.57,135.67,24685.654
2025-12-12 15:30:00,135.67,135.93,134.89,135.11,28943.287
2025-12-12 15:35:00,135.11,135.32,134.52,135.02,23433.946
2025-12-12 15:40:00,135.02,135.02,134.04,134.8,22909.124
2025-12-12 15:45:00,134.8,135.56,134.53,135.23,19710.571
2025-12-12 15:50:00,135.23,135.24,134.18,134.25,20892.952
2025-12-12 15:55:00,134.25,134.25,132.91,133.5,22247.861
2025-12-12 16:00:00,133.5,133.96,133.1,133.13,15311.553
2025-12-12 16:05:00,133.13,133.65,133.02,133.46,15039.155
2025-12-12 16:10:00,133.46,133.46,132.65,133.19,12381.218
2025-12-12 16:15:00,133.19,133.27,132.61,132.82,10128.705
2025-12-12 16:20:00,132.82,132.94,132.08,132.86,13604.372
2025-12-12 16:25:00,132.86,133.74,132.68,133.52,12910.473
2025-12-12 16:30:00,133.52,133.52,132.27,132.4,13383.094
2025-12-12 16:35:00,132.4,132.62,131.86,132.05,16008.699
2025-12-12 16:40:00,132.05,132.16,131.56,131.96,15254.283
2025-12-12 16:45:00,131.96,132.34,131.9,132.03,8293.998
2025-12-12 16:50:00,132.03,132.3,131.72,132.01,15833.816
2025-12-12 16:55:00,132.01,132.59,131.92,132.18,11983.836
2025-12-12 17:00:00,132.18,132.65,132.07,132.41,9381.229
2025-12-12 17:05:00,132.41,133.2,132.39,132.81,10342.124
2025-12-12 17:10:00,132.81,133.23,132.6,133.07,7414.248
2025-12-12 17:15:00,133.07,133.62,133.04,133.23,9476.944
2025-12-12 17:20:00,133.23,133.36,132.44,132.65,9446.48
2025-12-12 17:25:00,132.65,132.66,131.61,131.62,11118.529
2025-12-12 17:30:00,131.62,132.16,131.39,131.98,11827.109
2025-12-12 17:35:00,131.98,132.24,131.73,132.1,4578.559
2025-12-12 17:40:00,132.1,132.16,131.65,131.79,8036.525
2025-12-12 17:45:00,131.79,132.24,131.76,132.14,7285.502
2025-12-12 17:50:00,132.14,132.18,131.76,131.93,4457.991
2025-12-12 17:55:00,131.93,132.3,131.93,132.18,3459.144
2025-12-12 18:00:00,132.18,132.82,132.11,132.63,7805.927
2025-12-12 18:05:00,132.63,132.65,132.28,132.42,3946.785
2025-12-12 18:10:00,132.42,133.07,132.19,132.47,9459.427
2025-12-12 18:15:00,132.47,132.94,132.07,132.07,10085.703
2025-12-12 18:20:00,132.07,132.09,131.49,131.81,13085.877
2025-12-12 18:25:00,131.81,132.54,131.77,132.44,6875.46
2025-12-12 18:30:00,132.44,132.74,132.34,132.68,3994.449
2025-12-12 18:35:00,132.68,132.99,132.63,132.96,3271.369
2025-12-12 18:40:00,132.96,133.22,132.71,132.8,6360.027
2025-12-12 18:45:00,132.8,133.22,132.75,133.22,3218.865
2025-12-12 18:50:00,133.22,133.28,133.0,133.07,3535.31
2025-12-12 18:55:00,133.07,133.13,132.59,132.76,3020.98
2025-12-12 19:00:00,132.76,132.84,132.29,132.73,3079.697
2025-12-12 19:05:00,132.73,132.75,132.06,132.31,3162.772
2025-12-12 19:10:00,132.31,132.41,132.07,132.18,1702.483
2025-12-12 19:15:00,132.18,132.37,132.03,132.19,2571.445
2025-12-12 19:20:00,132.19,132.55,132.08,132.52,2468.171
2025-12-12 19:25:00,132.52,132.52,131.78,132.0,3333.286
2025-12-12 19:30:00,132.0,132.13,131.87,131.87,3189.235
2025-12-12 19:35:00,131.87,131.99,131.64,131.64,4124.501
2025-12-12 19:40:00,131.64,131.86,130.95,131.07,9252.319
2025-12-12 19:45:00,131.07,131.07,130.37,131.04,14866.739
2025-12-12 19:50:00,131.04,131.38,130.91,131.33,5008.558
2025-12-12 19:55:00,131.33,131.35,130.81,131.28,6072.131
2025-12-12 20:00:00,131.28,131.34,131.02,131.34,5052.124
2025-12-12 20:05:00,131.34,131.47,131.18,131.45,4176.741
2025-12-12 20:10:00,131.45,131.68,131.33,131.33,3669.857
2025-12-12 20:15:00,131.33,131.9,131.23,131.63,7278.78
2025-12-12 20:20:00,131.63,131.75,131.38,131.75,2676.082
2025-12-12 20:25:00,131.75,131.76,131.38,131.38,1535.694
2025-12-12 20:30:00,131.38,131.69,131.3,131.64,2799.743
2025-12-12 20:35:00,131.64,131.71,131.51,131.59,2865.709
2025-12-12 20:40:00,131.59,131.86,131.55,131.66,2514.63
2025-12-12 20:45:00,131.66,131.83,131.5,131.53,3605.443
2025-12-12 20:50:00,131.53,131.93,131.53,131.87,3037.676
2025-12-12 20:55:00,131.87,131.94,131.5,131.56,3508.125
2025-12-12 21:00:00,131.56,131.66,131.28,131.62,2891.081
2025-12-12 21:05:00,131.62,131.73,131.54,131.68,2651.229
2025-12-12 21:10:00,131.68,131.68,131.33,131.46,3352.641
2025-12-12 21:15:00,131.46,131.68,131.46,131.65,2109.995
2025-12-12 21:20:00,131.65,131.8,131.51,131.59,1642.263
2025-12-12 21:25:00,131.59,131.68,131.55,131.64,948.974
2025-12-12 21:30:00,131.64,131.85,131.62,131.79,1531.441
2025-12-12 21:35:00,131.79,131.92,131.79,131.9,1705.498
2025-12-12 21:40:00,131.9,131.95,131.8,131.87,1477.313
2025-12-12 21:45:00,131.87,132.09,131.82,132.04,2316.015
2025-12-12 21:50:00,132.04,132.09,131.83,131.88,2206.711
2025-12-12 21:55:00,131.88,131.95,131.79,131.89,1291.915
2025-12-12 22:00:00,131.89,132.12,131.82,132.11,2659.825
2025-12-12 22:05:00,132.11,132.28,132.05,132.28,2608.589
2025-12-12 22:10:00,132.28,132.66,132.26,132.5,7149.163
2025-12-12 22:15:00,132.5,132.62,132.37,132.6,3180.398
2025-12-12 22:20:00,132.6,132.86,132.6,132.76,3104.871
2025-12-12 22:25:00,132.76,132.77,132.47,132.57,3122.746
2025-12-12 22:30:00,132.57,132.66,132.32,132.6,4545.474
2025-12-12 22:35:00,132.6,132.71,132.53,132.57,4337.815
2025-12-12 22:40:00,132.57,132.75,132.51,132.66,3323.961
2025-12-12 22:45:00,132.66,132.71,132.47,132.51,2723.315
2025-12-12 22:50:00,132.51,132.58,132.44,132.58,2176.315
2025-12-12 22:55:00,132.58,132.82,132.56,132.76,1324.656
2025-12-12 23:00:00,132.76,132.94,132.7,132.81,2657.505
2025-12-12 23:05:00,132.81,133.06,132.76,132.76,8114.708
2025-12-12 23:10:00,132.76,132.86,132.63,132.84,2164.251
2025-12-12 23:15:00,132.84,132.89,132.69,132.74,791.515
2025-12-12 23:20:00,132.74,132.82,132.62,132.7,1275.96
2025-12-12 23:25:00,132.7,132.71,132.52,132.53,547.274
2025-12-12 23:30:00,132.53,132.71,132.5,132.7,858.057
2025-12-12 23:35:00,132.7,132.71,132.6,132.65,1313.487
2025-12-12 23:40:00,132.65,132.67,132.56,132.58,2321.659
2025-12-12 23:45:00,132.58,132.6,132.51,132.52,1426.143
2025-12-12 23:50:00,132.52,132.59,132.35,132.41,2483.828
2025-12-12 23:55:00,132.41,132.41,132.2,132.28,4309.211
2025-12-13 00:00:00,132.28,132.61,132.28,132.57,4700.196
2025-12-13 00:05:00,132.57,132.71,132.52,132.61,1624.451
2025-12-13 00:10:00,132.61,132.64,132.37,132.41,1964.596
2025-12-13 00:15:00,132.41,132.51,132.39,132.5,2535.822
2025-12-13 00:20:00,132.5,132.5,132.36,132.44,2407.468
2025-12-13 00:25:00,132.44,132.52,132.39,132.43,1803.65
2025-12-13 00:30:00,132.43,132.63,132.42,132.62,686.097
2025-12-13 00:35:00,132.62,132.76,132.62,132.73,1368.032
2025-12-13 00:40:00,132.73,132.74,132.52,132.56,8408.221
2025-12-13 00:45:00,132.56,132.64,132.38,132.51,2839.639
2025-12-13 00:50:00,132.51,132.57,132.48,132.56,2783.325
2025-12-13 00:55:00,132.56,132.65,132.56,132.61,1016.977
2025-12-13 01:00:00,132.61,132.84,132.6,132.74,1285.063
2025-12-13 01:05:00,132.74,132.86,132.65,132.86,2744.059
2025-12-13 01:10:00,132.86,132.93,132.75,132.78,2333.535
2025-12-13 01:15:00,132.78,132.88,132.74,132.85,921.928
2025-12-13 01:20:00,132.85,132.86,132.74,132.76,1663.069
2025-12-13 01:25:00,132.76,132.93,132.67,132.79,5823.822
2025-12-13 01:30:00,132.79,132.79,132.68,132.77,1830.577
2025-12-13 01:35:00,132.77,132.83,132.55,132.55,2097.227
2025-12-13 01:40:00,132.55,132.62,132.4,132.46,1180.842
2025-12-13 01:45:00,132.46,132.52,132.38,132.5,3339.813
2025-12-13 01:50:00,132.5,132.57,132.48,132.56,2360.03
2025-12-13 01:55:00,132.56,132.68,132.54,132.63,1004.642
2025-12-13 02:00:00,132.63,132.79,132.63,132.7,1343.176
2025-12-13 02:05:00,132.7,132.98,132.68,132.88,2229.782
2025-12-13 02:10:00,132.88,132.91,132.77,132.86,1659.315
2025-12-13 02:15:00,132.86,132.97,132.8,132.96,1191.032
2025-12-13 02:20:00,132.96,133.0,132.8,132.86,1794.313
2025-12-13 02:25:00,132.86,132.86,132.75,132.84,1365.925
2025-12-13 02:30:00,132.84,132.9,132.58,132.59,1066.874
2025-12-13 02:35:00,132.59,132.76,132.55,132.74,1022.995
2025-12-13 02:40:00,132.74,132.81,132.71,132.75,630.153
2025-12-13 02:45:00,132.75,132.77,132.6,132.61,1356.888
2025-12-13 02:50:00,132.61,132.72,132.58,132.61,1982.858
2025-12-13 02:55:00,132.61,132.68,132.58,132.64,646.429
2025-12-13 03:00:00,132.64,132.65,132.55,132.6,1090.268
2025-12-13 03:05:00,132.6,132.72,132.55,132.7,886.072
2025-12-13 03:10:00,132.7,132.77,132.56,132.73,818.583
2025-12-13 03:15:00,132.73,132.85,132.72,132.78,886.221
2025-12-13 03:20:00,132.78,132.95,132.77,132.94,984.779
2025-12-13 03:25:00,132.94,132.99,132.84,132.85,571.435
2025-12-13 03:30:00,132.85,132.96,132.77,132.91,1093.505
2025-12-13 03:35:00,132.91,133.0,132.9,132.99,1340.48
2025-12-13 03:40:00,132.99,133.0,132.85,132.95,1134.702
2025-12-13 03:45:00,132.95,132.97,132.84,132.87,994.562
2025-12-13 03:50:00,132.87,132.92,132.81,132.9,693.652
2025-12-13 03:55:00,132.9,132.92,132.86,132.89,617.734
2025-12-13 04:00:00,132.89,132.9,132.8,132.81,998.262
2025-12-13 04:05:00,132.81,132.86,132.68,132.72,1261.305
2025-12-13 04:10:00,132.72,132.82,132.67,132.77,1513.201
2025-12-13 04:15:00,132.77,132.79,132.69,132.72,325.958
2025-12-13 04:20:00,132.72,132.82,132.68,132.82,611.885
2025-12-13 04:25:00,132.82,132.87,132.77,132.8,487.255
2025-12-13 04:30:00,132.8,132.82,132.56,132.72,791.855
2025-12-13 04:35:00,132.72,132.88,132.66,132.85,1314.962
2025-12-13 04:40:00,132.85,132.87,132.76,132.81,587.161
2025-12-13 04:45:00,132.81,132.87,132.76,132.87,754.041
2025-12-13 04:50:00,132.87,132.93,132.85,132.91,3659.283
2025-12-13 04:55:00,132.91,132.92,132.84,132.88,765.867
2025-12-13 05:00:00,132.88,132.88,132.8,132.87,1715.895
2025-12-13 05:05:00,132.87,132.96,132.84,132.95,816.728
2025-12-13 05:10:00,132.95,132.97,132.86,132.9,745.979
2025-12-13 05:15:00,132.9,132.96,132.81,132.82,423.264
2025-12-13 05:20:00,132.82,132.82,132.67,132.74,1040.215
2025-12-13 05:25:00,132.74,132.77,132.68,132.73,686.932
2025-12-13 05:30:00,132.73,132.78,132.63,132.63,1032.976
2025-12-13 05:35:00,132.63,132.67,132.51,132.58,1753.171
2025-12-13 05:40:00,132.58,132.62,132.37,132.47,2502.46
2025-12-13 05:45:00,132.47,132.65,132.44,132.59,506.505
2025-12-13 05:50:00,132.59,132.65,132.52,132.58,1464.371
2025-12-13 05:55:00,132.58,132.7,132.58,132.68,511.049
2025-12-13 06:00:00,132.68,132.74,132.61,132.65,582.288
2025-12-13 06:05:00,132.65,132.75,132.57,132.59,991.92
2025-12-13 06:10:00,132.59,132.63,132.5,132.6,2689.459
2025-12-13 06:15:00,132.6,132.6,132.42,132.45,578.235
2025-12-13 06:20:00,132.45,132.52,132.4,132.42,690.858
2025-12-13 06:25:00,132.42,132.53,132.41,132.53,472.884
2025-12-13 06:30:00,132.53,132.61,132.5,132.59,378.707
2025-12-13 06:35:00,132.59,132.72,132.58,132.68,330.433
2025-12-13 06:40:00,132.68,132.88,132.68,132.76,774.822
2025-12-13 06:45:00,132.76,132.87,132.73,132.83,364.059
2025-12-13 06:50:00,132.83,132.96,132.8,132.84,2277.817
2025-12-13 06:55:00,132.84,132.9,132.76,132.9,1786.766
2025-12-13 07:00:00,132.9,132.93,132.84,132.89,288.245
2025-12-13 07:05:00,132.89,132.95,132.8,132.87,618.482
2025-12-13 07:10:00,132.87,132.88,132.8,132.83,737.161
2025-12-13 07:15:00,132.83,132.97,132.8,132.96,1662.225
2025-12-13 07:20:00,132.96,132.97,132.82,132.89,649.954
2025-12-13 07:25:00,132.89,132.93,132.85,132.92,1332.76
2025-12-13 07:30:00,132.92,132.95,132.85,132.91,532.541
2025-12-13 07:35:00,132.91,132.94,132.83,132.92,637.809
2025-12-13 07:40:00,132.92,133.01,132.9,132.96,1377.593
2025-12-13 07:45:00,132.96,132.99,132.85,132.91,810.12
2025-12-13 07:50:00,132.91,132.97,132.83,132.94,573.551
2025-12-13 07:55:00,132.94,132.95,132.85,132.92,1046.637
2025-12-13 08:00:00,132.92,133.17,132.92,133.13,3197.727
2025-12-13 08:05:00,133.13,133.22,133.07,133.15,1882.536
2025-12-13 08:10:00,133.15,133.22,133.1,133.21,2317.989
2025-12-13 08:15:00,133.21,133.7,133.14,133.68,8900.478
2025-12-13 08:20:00,133.68,133.93,133.57,133.58,10656.314
2025-12-13 08:25:00,133.58,133.84,133.52,133.74,6471.196
2025-12-13 08:30:00,133.74,133.76,133.52,133.62,2427.208
2025-12-13 08:35:00,133.62,133.65,133.48,133.56,2585.86
2025-12-13 08:40:00,133.56,133.62,133.41,133.54,3271.9
2025-12-13 08:45:00,133.54,133.97,133.52,133.95,2407.412
2025-12-13 08:50:00,133.95,134.2,133.93,134.12,3875.721
2025-12-13 08:55:00,134.12,134.12,133.97,134.0,3741.476
2025-12-13 09:00:00,134.0,134.26,133.98,134.15,5339.828
2025-12-13 09:05:00,134.15,134.27,134.13,134.16,2837.711
2025-12-13 09:10:00,134.16,134.18,133.98,133.98,2374.745
2025-12-13 09:15:00,133.98,133.99,133.73,133.9,2634.557
2025-12-13 09:20:00,133.9,133.93,133.76,133.79,1951.399
2025-12-13 09:25:00,133.79,133.79,133.61,133.75,1560.643
2025-12-13 09:30:00,133.75,133.78,133.53,133.55,1597.031
2025-12-13 09:35:00,133.55,133.86,133.53,133.78,1397.246
2025-12-13 09:40:00,133.78,133.8,133.68,133.69,809.868
2025-12-13 09:45:00,133.69,133.75,133.63,133.72,1726.693
2025-12-13 09:50:00,133.72,133.86,133.68,133.72,1329.977
2025-12-13 09:55:00,133.72,133.76,133.53,133.59,1687.59
2025-12-13 10:00:00,133.59,133.64,133.47,133.61,1469.619
2025-12-13 10:05:00,133.61,133.74,133.57,133.71,2184.842
2025-12-13 10:10:00,133.71,133.78,133.49,133.64,2433.953
2025-12-13 10:15:00,133.64,133.84,133.64,133.77,3029.464
2025-12-13 10:20:00,133.77,133.97,133.77,133.93,1188.98
2025-12-13 10:25:00,133.93,133.97,133.88,133.93,1134.958
2025-12-13 10:30:00,133.93,133.94,133.83,133.91,1361.178
2025-12-13 10:35:00,133.91,134.18,133.89,134.17,3175.142
2025-12-13 10:40:00,134.17,134.3,134.11,134.22,1890.505
2025-12-13 10:45:00,134.22,134.23,134.02,134.09,2570.046
2025-12-13 10:50:00,134.09,134.18,133.93,133.93,1678.007
2025-12-13 10:55:00,133.93,133.95,133.74,133.95,2182.468
2025-12-13 11:00:00,133.95,134.03,133.91,133.97,1543.309
2025-12-13 11:05:00,133.97,134.0,133.79,133.87,1664.506
2025-12-13 11:10:00,133.87,134.05,133.87,134.0,1019.767
2025-12-13 11:15:00,134.0,134.03,133.93,133.99,1758.49
2025-12-13 11:20:00,133.99,134.0,133.7,133.73,2315.001
2025-12-13 11:25:00,133.73,133.8,133.69,133.75,1016.15
2025-12-13 11:30:00,133.75,133.81,133.62,133.65,2184.341
2025-12-13 11:35:00,133.65,133.77,133.63,133.75,1202.484
2025-12-13 11:40:00,133.75,133.77,133.31,133.42,3514.798
2025-12-13 11:45:00,133.42,133.5,133.18,133.44,5423.593
2025-12-13 11:50:00,133.44,133.55,133.42,133.51,740.291
2025-12-13 11:55:00,133.51,133.53,133.29,133.32,1284.83
2025-12-13 12:00:00,133.32,133.45,133.3,133.43,1383.638
2025-12-13 12:05:00,133.43,133.62,133.41,133.6,1389.101
2025-12-13 12:10:00,133.6,133.67,133.6,133.6,771.269
2025-12-13 12:15:00,133.6,133.63,133.5,133.58,819.44
2025-12-13 12:20:00,133.58,133.6,133.25,133.33,1185.625
2025-12-13 12:25:00,133.33,133.37,132.87,132.91,2883.67
2025-12-13 12:30:00,132.91,133.13,132.91,133.09,939.354
2025-12-13 12:35:00,133.09,133.14,133.07,133.09,824.284
2025-12-13 12:40:00,133.09,133.14,132.7,132.71,5080.221
2025-12-13 12:45:00,132.71,132.9,132.59,132.85,1243.358
2025-12-13 12:50:00,132.85,133.0,132.85,132.9,2193.629
2025-12-13 12:55:00,132.9,133.03,132.85,132.98,1041.913
2025-12-13 13:00:00,132.98,133.18,132.96,133.11,1853.121
2025-12-13 13:05:00,133.11,133.26,133.06,133.1,1326.423
2025-12-13 13:10:00,133.1,133.1,132.9,132.97,1727.609
2025-12-13 13:15:00,132.97,133.2,132.91,133.2,1209.357
2025-12-13 13:20:00,133.2,133.37,133.06,133.11,1229.476
2025-12-13 13:25:00,133.11,133.17,132.65,132.68,1804.064
2025-12-13 13:30:00,132.68,133.11,132.64,133.08,2359.775
2025-12-13 13:35:00,133.08,133.15,132.94,133.04,878.021
2025-12-13 13:40:00,133.04,133.15,133.0,133.0,1076.923
2025-12-13 13:45:00,133.0,133.1,132.85,132.95,1100.623
2025-12-13 13:50:00,132.95,133.13,132.95,133.06,669.457
2025-12-13 13:55:00,133.06,133.18,133.04,133.15,470.689
2025-12-13 14:00:00,133.15,133.24,133.03,133.15,538.282
2025-12-13 14:05:00,133.15,133.25,133.12,133.18,913.904
2025-12-13 14:10:00,133.18,133.43,133.15,133.43,1375.683
2025-12-13 14:15:00,133.43,133.44,133.22,133.25,1054.852
2025-12-13 14:20:00,133.25,133.3,132.99,133.04,2232.042
2025-12-13 14:25:00,133.04,133.07,132.62,132.69,2984.734
2025-12-13 14:30:00,132.69,132.93,132.68,132.93,3850.93
2025-12-13 14:35:00,132.93,133.18,132.88,133.18,1791.918
2025-12-13 14:40:00,133.18,133.36,133.08,133.09,1684.004
2025-12-13 14:45:00,133.09,133.36,133.08,133.26,1534.45
2025-12-13 14:50:00,133.26,133.4,133.21,133.23,1893.795
2025-12-13 14:55:00,133.23,133.33,133.17,133.19,1780.605
2025-12-13 15:00:00,133.19,133.45,133.17,133.44,2008.992
2025-12-13 15:05:00,133.44,133.61,133.3,133.36,1867.494
2025-12-13 15:10:00,133.36,133.46,133.31,133.37,1350.017
2025-12-13 15:15:00,133.37,133.39,133.21,133.37,1258.316
2025-12-13 15:20:00,133.37,133.48,133.28,133.31,1715.003
2025-12-13 15:25:00,133.31,133.36,133.11,133.26,2025.302
2025-12-13 15:30:00,133.26,133.48,133.23,133.46,3857.183
2025-12-13 15:35:00,133.46,133.68,133.38,133.62,3693.581
2025-12-13 15:40:00,133.62,133.62,133.36,133.42,2630.957
2025-12-13 15:45:00,133.42,133.43,133.11,133.12,2008.419
2025-12-13 15:50:00,133.12,133.32,133.1,133.29,1777.621
2025-12-13 15:55:00,133.29,133.35,133.27,133.29,1578.446
2025-12-13 16:00:00,133.29,133.75,133.26,133.74,2421.588
2025-12-13 16:05:00,133.74,133.81,133.43,133.57,2313.209
2025-12-13 16:10:00,133.57,133.68,133.53,133.55,725.768
2025-12-13 16:15:00,133.55,133.57,133.21,133.25,1444.396
2025-12-13 16:20:00,133.25,133.25,133.09,133.18,1424.715
2025-12-13 16:25:00,133.18,133.21,133.08,133.11,822.882
2025-12-13 16:30:00,133.11,133.11,132.9,133.07,2309.911
2025-12-13 16:35:00,133.07,133.24,133.01,133.12,1164.262
2025-12-13 16:40:00,133.12,133.24,133.05,133.07,661.368
2025-12-13 16:45:00,133.07,133.23,132.97,133.14,1221.709
2025-12-13 16:50:00,133.14,133.22,133.09,133.21,831.559
2025-12-13 16:55:00,133.21,133.22,133.15,133.18,2793.751
2025-12-13 17:00:00,133.18,133.22,132.82,132.85,2028.836
2025-12-13 17:05:00,132.85,132.89,132.65,132.66,3633.605
2025-12-13 17:10:00,132.66,132.75,132.46,132.67,6909.844
2025-12-13 17:15:00,132.67,132.75,132.37,132.39,3220.604
2025-12-13 17:20:00,132.39,132.47,132.22,132.27,5170.859
2025-12-13 17:25:00,132.27,132.44,132.26,132.39,4450.363
2025-12-13 17:30:00,132.39,132.42,132.25,132.33,6398.52
2025-12-13 17:35:00,132.33,132.5,132.31,132.47,4653.082
2025-12-13 17:40:00,132.47,132.64,132.45,132.52,2500.591
2025-12-13 17:45:00,132.52,132.56,132.31,132.34,6452.549
2025-12-13 17:50:00,132.34,132.4,132.1,132.15,5709.607
2025-12-13 17:55:00,132.15,132.27,132.12,132.19,5244.823
2025-12-13 18:00:00,132.19,132.25,132.13,132.15,5792.601
2025-12-13 18:05:00,132.15,132.42,132.12,132.35,2031.532
2025-12-13 18:10:00,132.35,132.52,132.2,132.52,2542.666
2025-12-13 18:15:00,132.52,132.54,132.3,132.41,1603.897
2025-12-13 18:20:00,132.41,132.63,132.37,132.61,1897.837
2025-12-13 18:25:00,132.61,132.66,132.52,132.57,943.547
2025-12-13 18:30:00,132.57,132.67,132.5,132.6,692.109
2025-12-13 18:35:00,132.6,132.68,132.6,132.68,754.731
2025-12-13 18:40:00,132.68,132.78,132.66,132.73,1534.006
2025-12-13 18:45:00,132.73,132.73,132.49,132.49,838.478
2025-12-13 18:50:00,132.49,132.51,132.41,132.41,1195.177
2025-12-13 18:55:00,132.41,132.43,132.19,132.3,4117.772
2025-12-13 19:00:00,132.3,132.44,132.28,132.35,1020.581
2025-12-13 19:05:00,132.35,132.44,132.29,132.41,1160.501
2025-12-13 19:10:00,132.41,132.65,132.4,132.65,1715.463
2025-12-13 19:15:00,132.65,132.69,132.52,132.57,1000.019
2025-12-13 19:20:00,132.57,132.73,132.57,132.69,680.572
2025-12-13 19:25:00,132.69,132.7,132.4,132.45,842.164
2025-12-13 19:30:00,132.45,132.67,132.36,132.65,1228.823
2025-12-13 19:35:00,132.65,132.74,132.58,132.74,814.475
2025-12-13 19:40:00,132.74,132.96,132.7,132.87,1099.582
2025-12-13 19:45:00,132.87,132.95,132.83,132.85,1075.034
2025-12-13 19:50:00,132.85,132.91,132.75,132.81,778.807
2025-12-13 19:55:00,132.81,132.83,132.72,132.76,391.663
2025-12-13 20:00:00,132.76,132.94,132.75,132.91,1468.027
2025-12-13 20:05:00,132.91,132.91,132.74,132.83,559.957
2025-12-13 20:10:00,132.83,132.87,132.77,132.82,637.538
2025-12-13 20:15:00,132.82,132.97,132.78,132.96,631.399
2025-12-13 20:20:00,132.96,133.0,132.83,132.84,614.574
2025-12-13 20:25:00,132.84,132.93,132.8,132.93,551.23
2025-12-13 20:30:00,132.93,132.93,132.78,132.84,646.097
2025-12-13 20:35:00,132.84,132.9,132.73,132.83,610.613
2025-12-13 20:40:00,132.83,132.89,132.62,132.63,647.446
2025-12-13 20:45:00,132.63,132.68,132.56,132.59,881.269
2025-12-13 20:50:00,132.59,132.59,132.29,132.32,1884.383
2025-12-13 20:55:00,132.32,132.38,132.23,132.29,1386.615
2025-12-13 21:00:00,132.29,132.39,132.24,132.28,1080.435
2025-12-13 21:05:00,132.28,132.34,132.15,132.24,1205.723
2025-12-13 21:10:00,132.24,132.24,132.08,132.16,1952.407
2025-12-13 21:15:00,132.16,132.36,132.16,132.31,1057.489
2025-12-13 21:20:00,132.31,132.37,132.22,132.22,1855.796
2025-12-13 21:25:00,132.22,132.26,132.17,132.2,1450.085
2025-12-13 21:30:00,132.2,132.22,131.62,132.11,12923.486
2025-12-13 21:35:00,132.11,132.43,132.1,132.42,1893.566
2025-12-13 21:40:00,132.42,132.43,132.24,132.33,1201.097
2025-12-13 21:45:00,132.33,132.35,132.17,132.17,1029.885
2025-12-13 21:50:00,132.17,132.39,132.16,132.36,1376.105
2025-12-13 21:55:00,132.36,132.74,132.27,132.69,1421.164
2025-12-13 22:00:00,132.69,132.89,132.68,132.77,1647.558
2025-12-13 22:05:00,132.77,132.88,132.62,132.66,3036.711
2025-12-13 22:10:00,132.66,132.71,132.21,132.29,1977.311
2025-12-13 22:15:00,132.29,132.64,132.26,132.53,907.769
2025-12-13 22:20:00,132.53,132.74,132.48,132.49,864.048
2025-12-13 22:25:00,132.49,132.57,132.38,132.57,725.75
2025-12-13 22:30:00,132.57,132.78,132.53,132.78,456.204
2025-12-13 22:35:00,132.78,132.9,132.69,132.8,1735.224
2025-12-13 22:40:00,132.8,132.9,132.72,132.84,1570.035
2025-12-13 22:45:00,132.84,132.96,132.83,132.88,3614.546
2025-12-13 22:50:00,132.88,133.06,132.86,132.99,1715.566
2025-12-13 22:55:00,132.99,132.99,132.6,132.86,2572.918
2025-12-13 23:00:00,132.86,132.87,132.61,132.66,1624.272
2025-12-13 23:05:00,132.66,132.91,132.63,132.83,1021.999
2025-12-13 23:10:00,132.83,132.96,132.83,132.93,911.403
2025-12-13 23:15:00,132.93,132.94,132.82,132.94,1073.138
2025-12-13 23:20:00,132.94,133.08,132.93,132.95,3384.221
2025-12-13 23:25:00,132.95,132.98,132.88,132.9,977.348
2025-12-13 23:30:00,132.9,132.95,132.88,132.89,1178.5
2025-12-13 23:35:00,132.89,133.21,132.88,133.15,1527.005
2025-12-13 23:40:00,133.15,133.25,133.03,133.06,3772.674
2025-12-13 23:45:00,133.06,133.24,133.06,133.12,1646.324
2025-12-13 23:50:00,133.12,133.29,133.12,133.19,1469.978
2025-12-13 23:55:00,133.19,133.26,133.15,133.17,1227.798
2025-12-14 00:00:00,133.17,133.17,132.77,132.81,4480.004
2025-12-14 00:05:00,132.81,132.89,132.72,132.78,860.167
2025-12-14 00:10:00,132.78,133.15,132.76,133.13,3965.904
2025-12-14 00:15:00,133.13,133.35,133.07,133.32,3618.7
2025-12-14 00:20:00,133.32,133.34,133.02,133.14,2485.681
2025-12-14 00:25:00,133.14,133.36,133.12,133.34,2344.872
2025-12-14 00:30:00,133.34,133.53,133.29,133.48,3291.926
2025-12-14 00:35:00,133.48,133.6,133.48,133.51,4483.899
2025-12-14 00:40:00,133.51,133.54,133.3,133.54,1259.642
2025-12-14 00:45:00,133.54,133.65,133.34,133.39,3206.355
2025-12-14 00:50:00,133.39,133.45,133.31,133.33,1010.128
2025-12-14 00:55:00,133.33,133.38,133.22,133.28,1065.954
2025-12-14 01:00:00,133.28,133.34,133.16,133.22,556.95
2025-12-14 01:05:00,133.22,133.35,133.21,133.32,199.565
2025-12-14 01:10:00,133.32,133.53,133.32,133.46,1167.885
2025-12-14 01:15:00,133.46,133.56,133.41,133.56,207.863
2025-12-14 01:20:00,133.56,133.56,133.39,133.44,999.053
2025-12-14 01:25:00,133.44,133.58,133.42,133.53,699.348
2025-12-14 01:30:00,133.53,133.54,133.2,133.21,507.176
2025-12-14 01:35:00,133.21,133.24,133.04,133.11,1073.845
2025-12-14 01:40:00,133.11,133.17,133.01,133.07,1141.959
2025-12-14 01:45:00,133.07,133.18,133.0,133.1,594.98
2025-12-14 01:50:00,133.1,133.21,133.1,133.2,537.575
2025-12-14 01:55:00,133.2,133.36,133.18,133.31,329.763
2025-12-14 02:00:00,133.31,133.45,133.29,133.41,441.613
2025-12-14 02:05:00,133.41,133.49,133.38,133.39,323.554
2025-12-14 02:10:00,133.39,133.41,133.34,133.37,413.096
2025-12-14 02:15:00,133.37,133.38,133.21,133.33,343.999
2025-12-14 02:20:00,133.33,133.45,133.32,133.41,525.836
2025-12-14 02:25:00,133.41,133.55,133.4,133.47,1245.828
2025-12-14 02:30:00,133.47,133.47,133.37,133.46,602.849
2025-12-14 02:35:00,133.46,133.47,133.1,133.24,2030.673
2025-12-14 02:40:00,133.24,133.32,133.24,133.32,492.797
2025-12-14 02:45:00,133.32,133.44,133.27,133.4,1395.406
2025-12-14 02:50:00,133.4,133.43,133.24,133.26,2056.924
2025-12-14 02:55:00,133.26,133.34,133.25,133.33,1103.153
2025-12-14 03:00:00,133.33,133.38,133.27,133.38,730.151
2025-12-14 03:05:00,133.38,133.47,133.22,133.23,510.113
2025-12-14 03:10:00,133.23,133.31,133.19,133.21,929.588
2025-12-14 03:15:00,133.21,133.25,133.15,133.21,933.167
2025-12-14 03:20:00,133.21,133.24,133.03,133.05,539.613
2025-12-14 03:25:00,133.05,133.08,133.0,133.01,661.054
2025-12-14 03:30:00,133.01,133.03,132.84,132.9,5287.639
2025-12-14 03:35:00,132.9,133.08,132.9,133.04,763.383
2025-12-14 03:40:00,133.04,133.15,133.0,133.12,896.009
2025-12-14 03:45:00,133.12,133.16,132.97,132.99,311.047
2025-12-14 03:50:00,132.99,133.1,132.93,132.95,607.764
2025-12-14 03:55:00,132.95,132.99,132.88,132.94,773.123
2025-12-14 04:00:00,132.94,133.09,132.93,133.09,715.957
2025-12-14 04:05:00,133.09,133.19,132.97,132.99,581.014
2025-12-14 04:10:00,132.99,133.15,132.96,133.11,332.543
2025-12-14 04:15:00,133.11,133.16,133.08,133.13,247.917
2025-12-14 04:20:00,133.13,133.18,133.07,133.07,280.824
2025-12-14 04:25:00,133.07,133.12,132.8,132.85,1326.756
2025-12-14 04:30:00,132.85,132.86,132.71,132.79,815.572
2025-12-14 04:35:00,132.79,132.8,132.59,132.63,676.127
2025-12-14 04:40:00,132.63,132.66,132.49,132.55,1462.388
2025-12-14 04:45:00,132.55,132.67,132.41,132.57,3119.058
2025-12-14 04:50:00,132.57,132.63,132.51,132.57,1360.741
2025-12-14 04:55:00,132.57,132.58,132.46,132.51,1925.951
2025-12-14 05:00:00,132.51,132.51,132.38,132.5,2041.015
2025-12-14 05:05:00,132.5,132.55,132.37,132.37,2184.544
2025-12-14 05:10:00,132.37,132.37,132.21,132.33,6782.216
2025-12-14 05:15:00,132.33,132.33,132.18,132.24,2585.098
2025-12-14 05:20:00,132.24,132.31,132.19,132.27,2182.175
2025-12-14 05:25:00,132.27,132.36,132.18,132.24,2696.533
2025-12-14 05:30:00,132.24,132.25,132.12,132.2,1977.955
2025-12-14 05:35:00,132.2,132.45,132.1,132.43,2592.383
2025-12-14 05:40:00,132.43,132.57,132.43,132.53,1308.72
2025-12-14 05:45:00,132.53,132.69,132.51,132.64,1392.132
2025-12-14 05:50:00,132.64,132.67,132.54,132.58,695.065
2025-12-14 05:55:00,132.58,132.71,132.51,132.66,824.026
2025-12-14 06:00:00,132.66,132.66,132.47,132.6,840.315
2025-12-14 06:05:00,132.6,132.6,132.48,132.48,344.494
2025-12-14 06:10:00,132.48,132.73,132.48,132.72,1739.999
2025-12-14 06:15:00,132.72,133.0,132.66,132.88,2114.983
2025-12-14 06:20:00,132.88,132.9,132.69,132.79,1354.257
2025-12-14 06:25:00,132.79,132.8,132.62,132.67,336.274
2025-12-14 06:30:00,132.67,132.67,132.5,132.53,820.701
2025-12-14 06:35:00,132.53,132.7,132.49,132.7,662.642
2025-12-14 06:40:00,132.7,133.04,132.69,133.0,632.789
2025-12-14 06:45:00,133.0,133.03,132.83,132.9,647.002
2025-12-14 06:50:00,132.9,132.95,132.86,132.93,388.202
2025-12-14 06:55:00,132.93,132.98,132.88,132.95,438.421
2025-12-14 07:00:00,132.95,133.01,132.87,133.0,413.354
2025-12-14 07:05:00,133.0,133.01,132.82,132.83,886.657
2025-12-14 07:10:00,132.83,133.03,132.82,133.01,709.583
2025-12-14 07:15:00,133.01,133.02,132.92,132.99,470.935
2025-12-14 07:20:00,132.99,133.12,132.95,133.11,854.283
2025-12-14 07:25:00,133.11,133.16,133.0,133.01,642.811
2025-12-14 07:30:00,133.01,133.09,132.9,132.91,658.663
2025-12-14 07:35:00,132.91,132.97,132.88,132.93,1100.226
2025-12-14 07:40:00,132.93,132.98,132.91,132.95,362.397
2025-12-14 07:45:00,132.95,133.13,132.93,133.13,424.902
2025-12-14 07:50:00,133.13,133.4,133.07,133.12,2256.306
2025-12-14 07:55:00,133.12,133.26,133.1,133.26,1523.476
2025-12-14 08:00:00,133.26,133.44,133.24,133.37,1663.965
2025-12-14 08:05:00,133.37,133.4,133.31,133.36,2073.339
2025-12-14 08:10:00,133.36,133.44,133.31,133.43,3131.314
2025-12-14 08:15:00,133.43,133.45,133.22,133.32,3562.666
2025-12-14 08:20:00,133.32,133.45,133.3,133.45,1081.182
2025-12-14 08:25:00,133.45,133.5,133.34,133.35,2806.724
2025-12-14 08:30:00,133.35,133.42,133.26,133.26,2240.75
2025-12-14 08:35:00,133.26,133.32,133.15,133.16,3242.383
2025-12-14 08:40:00,133.16,133.19,132.99,133.01,2407.698
2025-12-14 08:45:00,133.01,133.01,132.74,132.75,2326.412
2025-12-14 08:50:00,132.75,132.98,132.74,132.98,807.807
2025-12-14 08:55:00,132.98,132.98,132.65,132.67,870.168
2025-12-14 09:00:00,132.67,132.76,132.6,132.66,953.783
2025-12-14 09:05:00,132.66,132.79,132.66,132.76,492.969
2025-12-14 09:10:00,132.76,132.76,132.51,132.6,1210.475
2025-12-14 09:15:00,132.6,132.7,132.57,132.67,532.332
2025-12-14 09:20:00,132.67,132.74,132.5,132.57,872.682
2025-12-14 09:25:00,132.57,132.57,132.5,132.5,842.559
2025-12-14 09:30:00,132.5,132.67,132.42,132.63,4229.106
2025-12-14 09:35:00,132.63,132.66,132.54,132.55,1966.596
2025-12-14 09:40:00,132.55,132.55,132.4,132.43,2112.89
2025-12-14 09:45:00,132.43,132.52,132.4,132.47,4697.027
2025-12-14 09:50:00,132.47,132.53,132.45,132.49,1350.632
2025-12-14 09:55:00,132.49,132.5,132.33,132.36,1054.242
2025-12-14 10:00:00,132.36,132.49,132.28,132.38,4541.345
2025-12-14 10:05:00,132.38,132.62,132.37,132.52,1400.723
2025-12-14 10:10:00,132.52,132.52,131.0,131.41,6492.657
2025-12-14 10:15:00,131.41,131.79,131.37,131.68,6271.798
2025-12-14 10:20:00,131.68,132.13,131.59,132.13,7613.464
2025-12-14 10:25:00,132.13,132.16,131.61,131.62,2277.859
2025-12-14 10:30:00,131.62,131.75,131.2,131.75,4849.364
2025-12-14 10:35:00,131.75,131.82,131.59,131.73,2300.674
2025-12-14 10:40:00,131.73,131.87,131.65,131.86,1417.517
2025-12-14 10:45:00,131.86,131.97,131.74,131.83,3497.355
2025-12-14 10:50:00,131.83,131.91,131.79,131.84,2277.722
2025-12-14 10:55:00,131.84,131.84,131.68,131.8,2540.846
2025-12-14 11:00:00,131.8,131.96,131.45,131.45,6107.207
2025-12-14 11:05:00,131.45,131.88,131.45,131.73,2137.446
2025-12-14 11:10:00,131.73,131.83,131.55,131.73,2059.475
2025-12-14 11:15:00,131.73,131.85,131.4,131.41,3737.669
2025-12-14 11:20:00,131.41,131.68,131.39,131.51,2754.002
2025-12-14 11:25:00,131.51,131.56,131.28,131.42,1744.038
2025-12-14 11:30:00,131.42,131.63,131.17,131.36,4070.615
2025-12-14 11:35:00,131.36,131.39,130.89,131.27,5050.223
2025-12-14 11:40:00,131.27,131.31,130.5,130.55,6876.191
2025-12-14 11:45:00,130.55,131.28,130.16,131.17,11950.483
2025-12-14 11:50:00,131.17,131.63,131.08,131.49,3183.251
2025-12-14 11:55:00,131.49,131.65,131.41,131.5,3803.174
2025-12-14 12:00:00,131.5,131.5,130.89,130.97,4680.943
2025-12-14 12:05:00,130.97,131.27,130.91,131.22,1717.239
2025-12-14 12:10:00,131.22,131.64,131.22,131.38,2024.934
2025-12-14 12:15:00,131.38,131.88,131.38,131.86,3421.71
2025-12-14 12:20:00,131.86,131.92,131.6,131.71,4121.6
2025-12-14 12:25:00,131.71,131.72,131.4,131.42,1960.224
2025-12-14 12:30:00,131.42,131.67,131.41,131.51,1733.734
2025-12-14 12:35:00,131.51,131.68,131.47,131.65,939.718
2025-12-14 12:40:00,131.65,131.81,131.62,131.69,1966.107
2025-12-14 12:45:00,131.69,131.87,131.59,131.63,1541.119
2025-12-14 12:50:00,131.63,131.81,131.56,131.71,2698.585
2025-12-14 12:55:00,131.71,131.79,131.36,131.38,2203.398
2025-12-14 13:00:00,131.38,131.4,131.07,131.15,1745.243
2025-12-14 13:05:00,131.15,131.21,130.93,131.2,2976.434
2025-12-14 13:10:00,131.2,131.35,131.15,131.25,3058.714
2025-12-14 13:15:00,131.25,131.34,131.05,131.13,1943.782
2025-12-14 13:20:00,131.13,131.34,131.11,131.12,1217.158
2025-12-14 13:25:00,131.12,131.28,131.01,131.24,1193.513
2025-12-14 13:30:00,131.24,131.44,131.14,131.25,1365.084
2025-12-14 13:35:00,131.25,131.38,131.02,131.19,1360.611
2025-12-14 13:40:00,131.19,131.24,131.1,131.12,1197.111
2025-12-14 13:45:00,131.12,131.25,131.03,131.25,1029.811
2025-12-14 13:50:00,131.25,131.37,131.2,131.35,1247.327
2025-12-14 13:55:00,131.35,131.68,131.3,131.63,2038.462
2025-12-14 14:00:00,131.63,131.8,131.5,131.58,1703.265
2025-12-14 14:05:00,131.58,131.62,131.48,131.54,809.036
2025-12-14 14:10:00,131.54,131.62,131.37,131.37,766.224
2025-12-14 14:15:00,131.37,131.6,131.34,131.6,1879.696
2025-12-14 14:20:00,131.6,131.65,131.51,131.55,331.265
2025-12-14 14:25:00,131.55,131.56,131.26,131.43,1123.012
2025-12-14 14:30:00,131.43,131.45,130.75,130.87,2228.033
2025-12-14 14:35:00,130.87,131.02,130.62,130.84,4664.35
2025-12-14 14:40:00,130.84,130.88,130.62,130.73,1740.102
2025-12-14 14:45:00,130.73,130.96,130.73,130.81,1336.546
2025-12-14 14:50:00,130.81,130.91,130.44,130.9,3027.166
2025-12-14 14:55:00,130.9,130.98,130.82,130.9,1720.648
2025-12-14 15:00:00,130.9,131.0,130.73,130.9,1267.495
2025-12-14 15:05:00,130.9,131.07,130.62,130.65,2086.633
2025-12-14 15:10:00,130.65,130.88,130.62,130.76,779.9
2025-12-14 15:15:00,130.76,130.87,130.67,130.77,1331.11
2025-12-14 15:20:00,130.77,130.86,130.32,130.81,2808.115
2025-12-14 15:25:00,130.81,130.87,130.4,130.54,2602.508
2025-12-14 15:30:00,130.54,130.72,130.43,130.53,1576.365
2025-12-14 15:35:00,130.53,130.66,130.52,130.64,932.675
2025-12-14 15:40:00,130.64,130.87,130.63,130.75,1330.984
2025-12-14 15:45:00,130.75,130.81,130.62,130.7,1108.25
2025-12-14 15:50:00,130.7,130.86,130.65,130.76,661.28
2025-12-14 15:55:00,130.76,130.82,130.64,130.66,787.133
2025-12-14 16:00:00,130.66,130.83,130.48,130.76,903.531
2025-12-14 16:05:00,130.76,130.82,130.56,130.63,1619.071
2025-12-14 16:10:00,130.63,130.85,130.62,130.83,579.487
2025-12-14 16:15:00,130.83,131.04,130.77,131.01,1076.145
2025-12-14 16:20:00,131.01,131.61,131.01,131.18,3174.334
2025-12-14 16:25:00,131.18,131.4,131.08,131.4,1108.959
2025-12-14 16:30:00,131.4,131.51,130.91,130.93,2030.813
2025-12-14 16:35:00,130.93,131.08,130.82,130.84,1447.769
2025-12-14 16:40:00,130.84,130.99,130.54,130.67,1467.695
2025-12-14 16:45:00,130.67,130.97,130.61,130.89,3327.02
2025-12-14 16:50:00,130.89,131.0,130.82,130.95,1774.803
2025-12-14 16:55:00,130.95,131.09,130.62,131.0,3584.344
2025-12-14 17:00:00,131.0,131.23,130.96,130.96,955.324
2025-12-14 17:05:00,130.96,131.01,130.78,130.81,857.009
2025-12-14 17:10:00,130.81,130.84,129.44,129.96,13410.234
2025-12-14 17:15:00,129.96,130.18,129.7,130.07,6230.536
2025-12-14 17:20:00,130.07,130.22,129.87,130.18,2900.19
2025-12-14 17:25:00,130.18,130.22,129.68,129.97,4093.516
2025-12-14 17:30:00,129.97,129.97,129.55,129.73,3424.582
2025-12-14 17:35:00,129.73,129.99,129.69,129.89,1612.82
2025-12-14 17:40:00,129.89,130.27,129.89,130.12,4532.238
2025-12-14 17:45:00,130.12,130.12,129.83,130.06,1508.892
2025-12-14 17:50:00,130.06,130.22,130.02,130.2,2045.464
2025-12-14 17:55:00,130.2,130.27,129.98,130.02,1290.941
2025-12-14 18:00:00,130.02,130.23,129.86,130.2,1389.563
2025-12-14 18:05:00,130.2,130.47,130.13,130.34,1211.814
2025-12-14 18:10:00,130.34,130.49,130.27,130.38,1160.227
2025-12-14 18:15:00,130.38,130.72,130.32,130.69,2370.488
2025-12-14 18:20:00,130.69,130.71,130.37,130.39,1032.787
2025-12-14 18:25:00,130.39,130.4,129.97,130.19,1552.118
2025-12-14 18:30:00,130.19,130.36,130.18,130.36,1355.82
2025-12-14 18:35:00,130.36,130.46,130.2,130.43,1662.258
2025-12-14 18:40:00,130.43,130.45,130.24,130.26,495.424
2025-12-14 18:45:00,130.26,130.35,130.09,130.3,1206.247
2025-12-14 18:50:00,130.3,130.48,130.24,130.47,1627.895
2025-12-14 18:55:00,130.47,130.69,130.4,130.63,1335.109
2025-12-14 19:00:00,130.63,130.63,130.42,130.43,1124.002
2025-12-14 19:05:00,130.43,130.49,130.27,130.33,827.149
2025-12-14 19:10:00,130.33,130.34,130.04,130.18,1085.119
2025-12-14 19:15:00,130.18,130.19,129.99,130.19,1355.021
2025-12-14 19:20:00,130.19,130.23,130.0,130.09,1124.438
2025-12-14 19:25:00,130.09,130.21,130.03,130.2,1528.127
2025-12-14 19:30:00,130.2,130.33,130.16,130.3,591.049
2025-12-14 19:35:00,130.3,130.38,130.08,130.14,1421.4
2025-12-14 19:40:00,130.14,130.33,130.07,130.28,1488.362
2025-12-14 19:45:00,130.28,130.42,130.22,130.29,785.033
2025-12-14 19:50:00,130.29,130.36,130.15,130.3,1503.24
2025-12-14 19:55:00,130.3,130.36,130.21,130.3,1179.791
2025-12-14 20:00:00,130.3,130.53,130.22,130.39,1144.438
2025-12-14 20:05:00,130.39,130.44,130.11,130.24,1001.948
2025-12-14 20:10:00,130.24,130.7,129.87,130.65,7080.802
2025-12-14 20:15:00,130.65,130.71,130.08,130.31,4870.446
2025-12-14 20:20:00,130.31,130.44,130.21,130.23,2448.805
2025-12-14 20:25:00,130.23,130.33,130.08,130.17,1923.59
2025-12-14 20:30:00,130.17,130.25,129.97,130.16,1276.098
2025-12-14 20:35:00,130.16,130.25,130.09,130.2,1222.27
2025-12-14 20:40:00,130.2,130.21,130.04,130.18,1114.899
2025-12-14 20:45:00,130.18,130.24,130.12,130.22,706.054
2025-12-14 20:50:00,130.22,130.22,130.06,130.1,1102.318
2025-12-14 20:55:00,130.1,130.12,130.0,130.04,943.659
2025-12-14 21:00:00,130.04,130.05,129.72,129.78,1999.424
2025-12-14 21:05:00,129.78,129.79,129.55,129.68,1634.803
2025-12-14 21:10:00,129.68,129.95,129.66,129.92,888.565
2025-12-14 21:15:00,129.92,130.22,129.92,130.16,1612.458
2025-12-14 21:20:00,130.16,130.34,130.16,130.26,1193.019
2025-12-14 21:25:00,130.26,130.3,130.06,130.08,1093.82
2025-12-14 21:30:00,130.08,130.08,129.91,129.95,1668.89
2025-12-14 21:35:00,129.95,129.97,129.85,129.87,1083.007
2025-12-14 21:40:00,129.87,130.01,129.79,129.88,988.058
2025-12-14 21:45:00,129.88,129.9,129.64,129.84,1800.577
2025-12-14 21:50:00,129.84,129.97,129.73,129.97,746.746
2025-12-14 21:55:00,129.97,129.98,129.74,129.89,924.642
2025-12-14 22:00:00,129.89,130.27,129.87,130.12,1422.236
2025-12-14 22:05:00,130.12,130.21,130.05,130.08,769.718
2025-12-14 22:10:00,130.08,130.12,129.95,130.09,2093.437
2025-12-14 22:15:00,130.09,130.15,129.85,129.97,1060.506
2025-12-14 22:20:00,129.97,130.05,129.82,129.95,1005.364
2025-12-14 22:25:00,129.95,130.07,129.93,129.99,774.051
2025-12-14 22:30:00,129.99,130.0,129.6,129.85,3318.536
2025-12-14 22:35:00,129.85,130.01,129.6,129.62,2542.677
2025-12-14 22:40:00,129.62,129.97,129.62,129.82,2219.128
2025-12-14 22:45:00,129.82,129.95,129.67,129.75,1230.731
2025-12-14 22:50:00,129.75,130.16,129.72,130.08,1499.334
2025-12-14 22:55:00,130.08,130.23,129.91,130.18,1121.087
2025-12-14 23:00:00,130.18,130.76,129.69,129.98,3751.357
2025-12-14 23:05:00,129.98,130.07,129.74,129.89,1431.556
2025-12-14 23:10:00,129.89,129.95,129.66,129.94,1680.51
2025-12-14 23:15:00,129.94,130.1,129.63,129.74,1346.473
2025-12-14 23:20:00,129.74,129.77,129.34,129.53,3773.376
2025-12-14 23:25:00,129.53,129.55,129.14,129.48,3818.108
2025-12-14 23:30:00,129.48,129.57,128.0,129.26,16810.744
2025-12-14 23:35:00,129.26,129.68,128.88,129.6,4742.958
2025-12-14 23:40:00,129.6,129.69,129.31,129.43,2577.283
2025-12-14 23:45:00,129.43,129.59,129.18,129.54,2331.069
2025-12-14 23:50:00,129.54,129.75,129.49,129.64,1992.45
2025-12-14 23:55:00,129.64,129.7,129.24,129.39,3289.948
2025-12-15 00:00:00,129.39,130.37,129.29,129.95,8513.884
2025-12-15 00:05:00,129.95,130.06,129.6,129.62,1754.527
2025-12-15 00:10:00,129.62,129.71,129.31,129.47,2162.394
2025-12-15 00:15:00,129.47,130.06,129.45,129.94,3846.194
2025-12-15 00:20:00,129.94,130.37,129.72,130.28,2419.032
2025-12-15 00:25:00,130.28,130.36,129.88,129.98,1679.023
2025-12-15 00:30:00,129.98,130.36,129.95,130.1,2751.034
2025-12-15 00:35:00,130.1,130.11,129.42,129.52,1970.638
2025-12-15 00:40:00,129.52,129.63,129.32,129.58,1133.587
2025-12-15 00:45:00,129.58,129.8,129.48,129.79,990.388
2025-12-15 00:50:00,129.79,129.97,129.6,129.94,2086.707
2025-12-15 00:55:00,129.94,130.32,129.93,130.14,4058.765
2025-12-15 01:00:00,130.14,130.28,129.97,130.03,2686.407
2025-12-15 01:05:00,130.03,130.23,129.9,130.08,1436.626
2025-12-15 01:10:00,130.08,130.19,130.03,130.14,927.119
2025-12-15 01:15:00,130.14,130.14,129.83,129.99,926.145
2025-12-15 01:20:00,129.99,130.17,129.91,130.13,933.861
2025-12-15 01:25:00,130.13,130.13,129.91,130.02,1439.06
2025-12-15 01:30:00,130.02,130.63,129.88,130.63,2536.758
2025-12-15 01:35:00,130.63,131.56,130.63,131.14,7957.752
2025-12-15 01:40:00,131.14,131.18,130.71,130.9,4500.836
2025-12-15 01:45:00,130.9,131.07,130.72,131.06,2303.746
2025-12-15 01:50:00,131.06,131.29,130.95,131.03,4209.121
2025-12-15 01:55:00,131.03,131.23,131.03,131.19,2009.451
2025-12-15 02:00:00,131.19,132.0,131.18,131.86,5787.59
2025-12-15 02:05:00,131.86,132.19,131.64,131.97,5775.218
2025-12-15 02:10:00,131.97,131.99,131.78,131.92,3815.996
2025-12-15 02:15:00,131.92,133.21,131.84,132.83,10043.064
2025-12-15 02:20:00,132.83,133.24,132.69,132.77,11152.144
2025-12-15 02:25:00,132.77,132.9,132.5,132.76,4102.051
2025-12-15 02:30:00,132.76,132.8,132.48,132.73,6840.584
2025-12-15 02:35:00,132.73,132.83,132.26,132.3,4407.734
2025-12-15 02:40:00,132.3,132.41,131.87,132.0,6289.418
2025-12-15 02:45:00,132.0,132.07,131.67,131.86,4731.24
2025-12-15 02:50:00,131.86,131.93,131.65,131.65,3394.791
2025-12-15 02:55:00,131.65,131.71,131.5,131.54,3894.583
2025-12-15 03:00:00,131.54,131.68,131.3,131.4,2832.955
2025-12-15 03:05:00,131.4,131.52,131.0,131.2,2971.835
2025-12-15 03:10:00,131.2,131.3,131.05,131.17,1099.188
2025-12-15 03:15:00,131.17,131.57,131.13,131.56,1446.2
2025-12-15 03:20:00,131.56,131.67,131.36,131.39,1049.009
2025-12-15 03:25:00,131.39,131.58,131.39,131.45,739.494
2025-12-15 03:30:00,131.45,131.68,131.25,131.41,2713.619
2025-12-15 03:35:00,131.41,131.41,131.08,131.32,1349.697
2025-12-15 03:40:00,131.32,131.38,131.06,131.21,750.684
2025-12-15 03:45:00,131.21,131.33,131.13,131.16,1504.943
2025-12-15 03:50:00,131.16,131.27,131.14,131.25,1073.712
2025-12-15 03:55:00,131.25,131.29,131.11,131.14,697.593
2025-12-15 04:00:00,131.14,131.48,131.08,131.48,1109.424
2025-12-15 04:05:00,131.48,131.55,131.21,131.42,1224.766
2025-12-15 04:10:00,131.42,131.52,131.4,131.46,613.018
2025-12-15 04:15:00,131.46,131.61,131.36,131.39,1548.883
2025-12-15 04:20:00,131.39,131.49,131.05,131.13,1180.875
2025-12-15 04:25:00,131.13,131.13,130.89,130.98,1187.602
2025-12-15 04:30:00,130.98,131.39,130.89,131.26,1339.46
2025-12-15 04:35:00,131.26,131.52,131.25,131.52,1923.679
2025-12-15 04:40:00,131.52,131.64,131.39,131.62,3772.337
2025-12-15 04:45:00,131.62,131.7,131.53,131.6,1928.309
2025-12-15 04:50:00,131.6,132.0,131.56,131.92,2634.113
2025-12-15 04:55:00,131.92,132.02,131.79,131.84,8401.113
2025-12-15 05:00:00,131.84,131.88,131.68,131.68,1303.721
2025-12-15 05:05:00,131.68,131.91,131.68,131.86,1550.005
2025-12-15 05:10:00,131.86,131.93,131.73,131.87,1299.121
2025-12-15 05:15:00,131.87,132.01,131.77,131.89,2407.73
2025-12-15 05:20:00,131.89,131.97,131.78,131.95,1110.247
2025-12-15 05:25:00,131.95,132.16,131.94,132.0,3055.91
2025-12-15 05:30:00,132.0,132.0,131.82,131.86,1479.468
2025-12-15 05:35:00,131.86,131.95,131.72,131.83,1200.426
2025-12-15 05:40:00,131.83,131.86,131.7,131.72,890.432
2025-12-15 05:45:00,131.72,131.87,131.7,131.8,965.363
2025-12-15 05:50:00,131.8,131.88,131.68,131.86,1387.281
2025-12-15 05:55:00,131.86,132.0,131.83,132.0,1418.24
2025-12-15 06:00:00,132.0,132.02,131.89,131.98,1597.081
2025-12-15 06:05:00,131.98,132.16,131.82,131.85,4827.272
2025-12-15 06:10:00,131.85,131.89,131.69,131.79,1334.76
2025-12-15 06:15:00,131.79,132.01,131.75,131.99,1614.882
2025-12-15 06:20:00,131.99,132.01,131.83,131.89,2267.966
2025-12-15 06:25:00,131.89,131.98,131.88,131.92,2462.41
2025-12-15 06:30:00,131.92,132.1,131.9,132.1,1877.947
2025-12-15 06:35:00,132.1,132.21,131.84,132.15,3427.496
2025-12-15 06:40:00,132.15,132.3,132.15,132.24,1923.862
2025-12-15 06:45:00,132.24,132.47,132.23,132.47,3176.256
2025-12-15 06:50:00,132.47,132.69,132.41,132.42,4165.121
2025-12-15 06:55:00,132.42,132.46,132.33,132.4,1713.524
2025-12-15 07:00:00,132.4,132.65,132.11,132.16,4417.048
2025-12-15 07:05:00,132.16,132.25,132.04,132.17,1699.984
2025-12-15 07:10:00,132.17,132.17,131.87,131.95,2657.476
2025-12-15 07:15:00,131.95,132.11,131.94,131.97,1072.688
2025-12-15 07:20:00,131.97,132.21,131.97,132.12,1076.65
2025-12-15 07:25:00,132.12,132.19,132.06,132.11,819.626
2025-12-15 07:30:00,132.11,132.21,132.06,132.12,1844.037
2025-12-15 07:35:00,132.12,132.29,131.82,131.96,2041.512
2025-12-15 07:40:00,131.96,132.23,131.96,132.2,1551.068
2025-12-15 07:45:00,132.2,132.23,132.14,132.16,1873.19
2025-12-15 07:50:00,132.16,132.36,132.15,132.27,2520.96
2025-12-15 07:55:00,132.27,132.42,132.27,132.37,2454.759
2025-12-15 08:00:00,132.37,132.37,132.14,132.26,3035.636
2025-12-15 08:05:00,132.26,132.6,132.26,132.35,3483.61
2025-12-15 08:10:00,132.35,132.35,132.15,132.2,1771.886
2025-12-15 08:15:00,132.2,132.49,132.17,132.49,945.579
2025-12-15 08:20:00,132.49,132.57,132.42,132.53,1566.163
2025-12-15 08:25:00,132.53,132.7,132.53,132.62,3102.776
2025-12-15 08:30:00,132.62,132.65,132.47,132.51,2047.896
2025-12-15 08:35:00,132.51,132.55,132.42,132.43,2000.6
2025-12-15 08:40:00,132.43,132.55,132.4,132.53,1160.605
2025-12-15 08:45:00,132.53,132.58,132.26,132.36,3959.494
2025-12-15 08:50:00,132.36,132.46,132.28,132.31,1844.428
2025-12-15 08:55:00,132.31,132.42,132.3,132.37,1591.264
2025-12-15 09:00:00,132.37,132.51,132.31,132.5,2138.422
2025-12-15 09:05:00,132.5,132.7,132.46,132.52,2066.229
2025-12-15 09:10:00,132.52,132.52,132.15,132.3,1744.015
2025-12-15 09:15:00,132.3,132.35,132.18,132.22,1207.916
2025-12-15 09:20:00,132.22,132.35,132.17,132.34,703.653
2025-12-15 09:25:00,132.34,132.65,132.33,132.52,1735.109
2025-12-15 09:30:00,132.52,132.67,132.38,132.55,1678.654
2025-12-15 09:35:00,132.55,132.6,132.47,132.5,1085.059
2025-12-15 09:40:00,132.5,132.62,132.48,132.52,2061.901
2025-12-15 09:45:00,132.52,132.59,132.47,132.59,830.939
2025-12-15 09:50:00,132.59,133.0,132.55,132.78,4995.828
2025-12-15 09:55:00,132.78,132.83,132.65,132.72,1482.669
2025-12-15 10:00:00,132.72,132.82,132.55,132.72,1848.115
2025-12-15 10:05:00,132.72,132.78,132.35,132.46,1183.729
2025-12-15 10:10:00,132.46,132.52,132.41,132.47,1343.965
2025-12-15 10:15:00,132.47,132.53,132.31,132.39,1277.716
2025-12-15 10:20:00,132.39,132.49,132.35,132.44,1658.132
2025-12-15 10:25:00,132.44,132.95,132.44,132.78,4732.264
2025-12-15 10:30:00,132.78,133.0,132.78,132.9,2079.064
2025-12-15 10:35:00,132.9,132.93,132.42,132.43,2442.883
2025-12-15 10:40:00,132.43,132.56,132.41,132.48,945.612
2025-12-15 10:45:00,132.48,132.54,132.45,132.46,857.878
2025-12-15 10:50:00,132.46,132.64,132.45,132.61,791.138
2025-12-15 10:55:00,132.61,132.65,132.56,132.65,475.414
2025-12-15 11:00:00,132.65,132.65,132.48,132.5,1045.909
2025-12-15 11:05:00,132.5,132.7,132.47,132.66,2128.698
2025-12-15 11:10:00,132.66,132.7,132.52,132.55,705.595
2025-12-15 11:15:00,132.55,132.63,132.51,132.52,3705.054
2025-12-15 11:20:00,132.52,132.68,132.52,132.66,2610.69
2025-12-15 11:25:00,132.66,132.78,132.66,132.76,2118.891
2025-12-15 11:30:00,132.76,132.82,132.7,132.79,1829.839
2025-12-15 11:35:00,132.79,132.8,132.68,132.69,1945.902
2025-12-15 11:40:00,132.69,132.7,132.07,132.14,5715.846
2025-12-15 11:45:00,132.14,132.31,132.04,132.11,6944.326
2025-12-15 11:50:00,132.11,132.29,132.11,132.28,1756.084
2025-12-15 11:55:00,132.28,132.29,132.21,132.25,1407.407
2025-12-15 12:00:00,132.25,132.27,131.77,131.79,3179.403
2025-12-15 12:05:00,131.79,132.08,131.78,131.88,3083.246
2025-12-15 12:10:00,131.88,132.0,131.83,131.89,1916.517
2025-12-15 12:15:00,131.89,132.22,131.86,132.08,2221.009
2025-12-15 12:20:00,132.08,132.23,132.06,132.18,1280.861
2025-12-15 12:25:00,132.18,132.27,132.09,132.25,1970.178
2025-12-15 12:30:00,132.25,132.83,132.23,132.69,4390.324
2025-12-15 12:35:00,132.69,132.98,132.65,132.96,1672.745
2025-12-15 12:40:00,132.96,133.14,132.89,132.96,4864.559
2025-12-15 12:45:00,132.96,132.99,132.77,132.78,2726.62
2025-12-15 12:50:00,132.78,132.87,132.67,132.84,2744.257
2025-12-15 12:55:00,132.84,132.86,132.74,132.77,966.558
2025-12-15 13:00:00,132.77,132.91,132.16,132.18,4401.576
2025-12-15 13:05:00,132.18,132.25,131.75,131.77,6760.031
2025-12-15 13:10:00,131.77,133.02,131.72,132.7,6216.484
2025-12-15 13:15:00,132.7,133.02,132.6,132.6,8594.477
2025-12-15 13:20:00,132.6,132.71,132.35,132.36,2267.289
2025-12-15 13:25:00,132.36,132.62,132.36,132.59,3848.546
2025-12-15 13:30:00,132.59,132.84,132.44,132.54,2271.765
2025-12-15 13:35:00,132.54,132.87,132.21,132.87,4098.747
2025-12-15 13:40:00,132.87,133.25,132.71,132.73,10821.119
2025-12-15 13:45:00,132.73,132.97,132.73,132.93,3392.43
2025-12-15 13:50:00,132.93,132.99,132.69,132.74,2757.524
2025-12-15 13:55:00,132.74,132.85,132.62,132.62,1267.233
2025-12-15 14:00:00,132.62,132.88,132.56,132.72,2569.013
2025-12-15 14:05:00,132.72,132.83,132.54,132.79,1925.848
2025-12-15 14:10:00,132.79,133.87,132.77,133.8,13412.569
2025-12-15 14:15:00,133.8,135.43,133.73,134.39,14141.772
2025-12-15 14:20:00,134.39,134.53,132.86,132.87,9428.372
2025-12-15 14:25:00,132.87,133.26,132.63,132.96,9027.464
2025-12-15 14:30:00,132.96,133.24,132.2,132.44,7526.723
2025-12-15 14:35:00,132.44,133.83,132.4,132.93,10730.94
2025-12-15 14:40:00,132.93,133.27,132.63,132.67,4114.588
2025-12-15 14:45:00,132.67,132.84,131.45,131.68,16518.739
2025-12-15 14:50:00,131.68,131.87,131.13,131.19,13199.813
2025-12-15 14:55:00,131.19,131.19,129.62,130.49,29064.335
2025-12-15 15:00:00,130.49,130.49,128.93,129.34,26549.828
2025-12-15 15:05:00,129.34,130.55,129.16,129.84,21461.91
2025-12-15 15:10:00,129.84,129.89,129.38,129.44,7478.833
2025-12-15 15:15:00,129.44,129.44,128.11,128.34,18885.878
2025-12-15 15:20:00,128.34,128.67,127.12,127.12,31046.525
2025-12-15 15:25:00,127.12,127.65,126.77,127.58,27795.16
2025-12-15 15:30:00,127.58,128.27,127.17,127.8,24458.837
2025-12-15 15:35:00,127.8,127.87,126.95,126.95,14843.961
2025-12-15 15:40:00,126.95,127.76,126.77,127.76,13386.939
2025-12-15 15:45:00,127.76,128.35,127.51,127.79,16411.579
2025-12-15 15:50:00,127.79,127.85,126.46,126.77,20856.508
2025-12-15 15:55:00,126.77,127.08,126.5,126.9,11205.143
2025-12-15 16:00:00,126.9,126.99,126.35,126.87,13089.601
2025-12-15 16:05:00,126.87,127.22,126.36,127.22,12414.617
2025-12-15 16:10:00,127.22,127.29,125.98,126.64,14780.489
2025-12-15 16:15:00,126.64,127.13,126.49,126.81,11068.674
2025-12-15 16:20:00,126.81,126.9,126.39,126.58,7613.959
2025-12-15 16:25:00,126.58,126.92,126.58,126.7,4952.781
2025-12-15 16:30:00,126.7,126.74,126.17,126.17,8832.941
2025-12-15 16:35:00,126.17,126.5,125.74,125.91,15936.244
2025-12-15 16:40:00,125.91,126.25,125.55,125.87,9260.137
2025-12-15 16:45:00,125.87,126.09,125.6,125.91,8166.88
2025-12-15 16:50:00,125.91,126.54,125.86,126.46,5306.473
2025-12-15 16:55:00,126.46,126.77,126.02,126.49,7498.217
2025-12-15 17:00:00,126.49,126.77,126.3,126.43,6741.488
2025-12-15 17:05:00,126.43,126.66,126.22,126.26,4027.993
2025-12-15 17:10:00,126.26,126.45,125.92,126.07,4048.244
2025-12-15 17:15:00,126.07,126.15,125.93,125.96,3183.657
2025-12-15 17:20:00,125.96,126.29,125.92,126.25,4380.892
2025-12-15 17:25:00,126.25,126.29,126.1,126.15,6127.852
2025-12-15 17:30:00,126.15,126.25,125.29,125.3,9252.048
2025-12-15 17:35:00,125.3,125.55,125.27,125.48,6544.242
2025-12-15 17:40:00,125.48,125.87,125.45,125.58,4262.128
2025-12-15 17:45:00,125.58,125.68,125.26,125.26,4696.289
2025-12-15 17:50:00,125.26,125.36,124.55,125.04,14438.308
2025-12-15 17:55:00,125.04,125.1,124.79,124.94,4712.837
2025-12-15 18:00:00,124.94,125.05,124.57,124.62,4549.437
2025-12-15 18:05:00,124.62,125.26,124.61,124.99,3336.016
2025-12-15 18:10:00,124.99,125.29,124.83,125.16,4897.636
2025-12-15 18:15:00,125.16,125.24,124.8,124.85,3362.807
2025-12-15 18:20:00,124.85,124.85,124.37,124.53,4616.105
2025-12-15 18:25:00,124.53,124.74,124.29,124.44,2726.478
2025-12-15 18:30:00,124.44,124.5,124.17,124.18,5235.28
2025-12-15 18:35:00,124.18,124.56,123.66,123.94,11530.612
2025-12-15 18:40:00,123.94,124.93,123.9,124.43,6819.744
2025-12-15 18:45:00,124.43,124.62,124.33,124.55,4827.659
2025-12-15 18:50:00,124.55,124.65,124.41,124.64,5355.92
2025-12-15 18:55:00,124.64,125.07,124.56,124.89,14807.568
2025-12-15 19:00:00,124.89,125.85,124.69,125.72,17735.714
2025-12-15 19:05:00,125.72,125.73,124.94,124.95,9091.95
2025-12-15 19:10:00,124.95,124.95,124.68,124.9,5785.677
2025-12-15 19:15:00,124.9,125.5,124.79,125.39,8264.775
2025-12-15 19:20:00,125.39,125.81,125.17,125.7,5254.188
2025-12-15 19:25:00,125.7,125.7,125.4,125.47,4082.716
2025-12-15 19:30:00,125.47,125.85,125.43,125.78,4125.762
2025-12-15 19:35:00,125.78,125.82,125.54,125.63,4337.97
2025-12-15 19:40:00,125.63,125.65,125.3,125.38,6002.493
2025-12-15 19:45:00,125.38,125.38,124.89,125.19,5796.103
2025-12-15 19:50:00,125.19,125.26,124.91,125.2,4977.575
2025-12-15 19:55:00,125.2,125.28,125.0,125.01,3109.116
2025-12-15 20:00:00,125.01,125.01,124.44,124.83,11715.604
2025-12-15 20:05:00,124.83,124.86,124.47,124.5,6160.862
2025-12-15 20:10:00,124.5,124.56,124.13,124.22,6958.989
2025-12-15 20:15:00,124.22,124.32,123.95,124.06,8236.231
2025-12-15 20:20:00,124.06,124.28,123.88,124.23,4649.155
2025-12-15 20:25:00,124.23,124.28,124.04,124.08,4755.685
2025-12-15 20:30:00,124.08,124.78,123.98,124.78,5602.506
2025-12-15 20:35:00,124.78,125.48,124.63,125.34,5946.504
2025-12-15 20:40:00,125.34,125.42,125.16,125.17,2199.957
2025-12-15 20:45:00,125.17,125.2,124.84,125.02,3085.987
2025-12-15 20:50:00,125.02,125.49,124.94,125.33,2520.608
2025-12-15 20:55:00,125.33,125.6,125.0,125.0,8182.525
2025-12-15 21:00:00,125.0,125.25,125.0,125.16,4392.13
2025-12-15 21:05:00,125.16,125.22,124.97,125.15,4345.652
2025-12-15 21:10:00,125.15,125.28,124.99,125.07,2892.147
2025-12-15 21:15:00,125.07,125.25,125.0,125.25,3656.427
2025-12-15 21:20:00,125.25,125.7,125.24,125.59,3601.943
2025-12-15 21:25:00,125.59,125.98,125.57,125.85,9398.287
2025-12-15 21:30:00,125.85,126.0,125.72,125.98,3899.362
2025-12-15 21:35:00,125.98,126.46,125.94,126.36,5924.405
2025-12-15 21:40:00,126.36,126.36,125.73,125.73,3890.866
2025-12-15 21:45:00,125.73,125.86,125.61,125.68,2438.851
2025-12-15 21:50:00,125.68,125.83,125.67,125.82,2142.008
2025-12-15 21:55:00,125.82,126.04,125.64,125.84,2878.05
2025-12-15 22:00:00,125.84,125.88,125.62,125.76,1931.236
2025-12-15 22:05:00,125.76,125.98,125.72,125.89,2078.377
2025-12-15 22:10:00,125.89,126.13,125.83,125.88,2278.723
2025-12-15 22:15:00,125.88,126.15,125.87,126.14,3915.519
2025-12-15 22:20:00,126.14,126.16,125.86,126.02,1730.503
2025-12-15 22:25:00,126.02,126.33,125.97,126.27,1463.163
2025-12-15 22:30:00,126.27,126.38,126.05,126.3,3030.559
2025-12-15 22:35:00,126.3,126.43,126.15,126.15,1994.209
2025-12-15 22:40:00,126.15,126.15,125.9,125.99,2851.156
2025-12-15 22:45:00,125.99,126.15,125.9,125.91,3165.98
2025-12-15 22:50:00,125.91,126.23,125.7,126.22,1634.115
2025-12-15 22:55:00,126.22,126.44,126.21,126.36,1419.418
2025-12-15 23:00:00,126.36,126.77,126.29,126.61,4982.219
2025-12-15 23:05:00,126.61,126.87,126.54,126.85,3553.415
2025-12-15 23:10:00,126.85,127.15,126.82,127.13,4595.958
2025-12-15 23:15:00,127.13,127.27,126.91,127.06,4804.413
2025-12-15 23:20:00,127.06,127.07,126.66,126.83,2742.904
2025-12-15 23:25:00,126.83,127.03,126.79,126.96,2619.52
2025-12-15 23:30:00,126.96,127.29,126.84,127.28,2318.659
2025-12-15 23:35:00,127.28,127.68,127.27,127.63,4073.499
2025-12-15 23:40:00,127.63,127.76,127.56,127.71,2992.472
2025-12-15 23:45:00,127.71,127.89,127.64,127.74,4893.116
2025-12-15 23:50:00,127.74,127.75,127.5,127.68,1741.71
2025-12-15 23:55:00,127.68,127.81,127.67,127.8,2176.563
2025-12-16 00:00:00,127.8,127.81,127.42,127.68,3068.158
2025-12-16 00:05:00,127.68,127.96,127.6,127.66,3029.632
2025-12-16 00:10:00,127.66,127.84,127.61,127.76,1739.335
2025-12-16 00:15:00,127.76,127.84,127.44,127.79,3083.583
2025-12-16 00:20:00,127.79,128.04,127.76,127.94,7174.375
2025-12-16 00:25:00,127.94,127.96,127.54,127.61,1972.382
2025-12-16 00:30:00,127.61,127.62,127.16,127.16,2639.849
2025-12-16 00:35:00,127.16,127.22,126.88,127.01,4018.169
2025-12-16 00:40:00,127.01,127.06,126.86,127.01,1444.343
2025-12-16 00:45:00,127.01,127.12,126.9,127.01,8017.537
2025-12-16 00:50:00,127.01,127.01,126.57,126.66,4350.571
2025-12-16 00:55:00,126.66,126.68,126.15,126.2,3501.447
2025-12-16 01:00:00,126.2,126.55,126.02,126.38,3602.586
2025-12-16 01:05:00,126.38,126.47,126.17,126.3,1160.217
2025-12-16 01:10:00,126.3,126.85,126.3,126.59,1887.914
2025-12-16 01:15:00,126.59,126.78,126.05,126.06,5871.424
2025-12-16 01:20:00,126.06,126.39,125.93,126.22,2807.23
2025-12-16 01:25:00,126.22,126.27,125.57,125.63,3710.474
2025-12-16 01:30:00,125.63,126.41,125.62,126.12,4994.327
2025-12-16 01:35:00,126.12,126.28,125.59,126.09,4341.963
2025-12-16 01:40:00,126.09,126.62,125.92,126.54,4365.632
2025-12-16 01:45:00,126.54,126.83,126.26,126.34,2808.592
2025-12-16 01:50:00,126.34,126.65,126.31,126.44,1121.474
2025-12-16 01:55:00,126.44,126.48,126.31,126.38,703.12
2025-12-16 02:00:00,126.38,126.46,126.2,126.26,1237.869
2025-12-16 02:05:00,126.26,126.54,125.96,126.14,1427.92
2025-12-16 02:10:00,126.14,126.59,126.14,126.45,2878.766
2025-12-16 02:15:00,126.45,126.69,126.26,126.36,1555.203
2025-12-16 02:20:00,126.36,126.59,126.26,126.52,808.573
2025-12-16 02:25:00,126.52,127.31,126.46,127.17,3812.857
2025-12-16 02:30:00,127.17,127.25,126.85,126.91,2822.101
2025-12-16 02:35:00,126.91,126.94,126.73,126.74,1666.383
2025-12-16 02:40:00,126.74,126.89,126.69,126.79,963.364
2025-12-16 02:45:00,126.79,127.11,126.76,127.06,1341.378
2025-12-16 02:50:00,127.06,127.22,126.71,126.73,2545.404
2025-12-16 02:55:00,126.73,126.82,126.66,126.76,2354.386
2025-12-16 03:00:00,126.76,126.94,126.61,126.62,1502.374
2025-12-16 03:05:00,126.62,126.63,126.2,126.36,2770.142
2025-12-16 03:10:00,126.36,126.38,125.94,125.98,3676.93
2025-12-16 03:15:00,125.98,126.11,125.89,125.92,4461.949
2025-12-16 03:20:00,125.92,126.11,125.79,125.84,1291.483
2025-12-16 03:25:00,125.84,125.91,125.71,125.89,2334.75
2025-12-16 03:30:00,125.89,125.91,124.95,125.58,5884.534
2025-12-16 03:35:00,125.58,125.77,125.41,125.67,2558.855
2025-12-16 03:40:00,125.67,126.11,125.67,126.02,3122.319
2025-12-16 03:45:00,126.02,126.14,126.0,126.01,2098.228
2025-12-16 03:50:00,126.01,126.26,125.97,126.26,1412.288
2025-12-16 03:55:00,126.26,126.51,126.2,126.5,1996.992
2025-12-16 04:00:00,126.5,126.8,126.38,126.41,2029.083
2025-12-16 04:05:00,126.41,126.6,126.35,126.43,2611.743
2025-12-16 04:10:00,126.43,126.57,126.2,126.21,1400.214
2025-12-16 04:15:00,126.21,126.23,125.98,126.11,1755.908
2025-12-16 04:20:00,126.11,126.16,125.76,125.99,1815.566
2025-12-16 04:25:00,125.99,126.08,125.73,125.82,4130.365
2025-12-16 04:30:00,125.82,125.92,125.6,125.62,2287.819
2025-12-16 04:35:00,125.62,125.91,125.48,125.65,4014.278
2025-12-16 04:40:00,125.65,125.84,125.65,125.78,1454.843
2025-12-16 04:45:00,125.78,125.87,124.89,125.22,9546.967
2025-12-16 04:50:00,125.22,125.94,125.22,125.76,4810.914
2025-12-16 04:55:00,125.76,126.16,125.71,126.13,2177.07
2025-12-16 05:00:00,126.13,126.33,126.08,126.24,2659.503
2025-12-16 05:05:00,126.24,126.34,126.12,126.22,1272.115
2025-12-16 05:10:00,126.22,126.36,125.93,126.02,1460.832
2025-12-16 05:15:00,126.02,126.29,126.01,126.26,1058.362
2025-12-16 05:20:00,126.26,126.27,126.09,126.22,966.714
2025-12-16 05:25:00,126.22,126.39,126.13,126.17,4493.285
2025-12-16 05:30:00,126.17,126.19,126.07,126.16,2794.33
2025-12-16 05:35:00,126.16,126.33,126.1,126.29,806.342
2025-12-16 05:40:00,126.29,126.66,126.21,126.5,2635.462
2025-12-16 05:45:00,126.5,126.66,126.35,126.38,1750.347
2025-12-16 05:50:00,126.38,126.49,126.27,126.39,948.166
2025-12-16 05:55:00,126.39,126.55,126.35,126.4,4314.074
2025-12-16 06:00:00,126.4,126.53,126.31,126.46,4338.254
2025-12-16 06:05:00,126.46,126.81,126.46,126.8,3417.174
2025-12-16 06:10:00,126.8,126.81,126.59,126.6,1702.138
2025-12-16 06:15:00,126.6,126.72,126.59,126.7,1326.616
2025-12-16 06:20:00,126.7,127.02,126.68,126.99,2768.581
2025-12-16 06:25:00,126.99,127.18,126.98,127.1,2330.866
2025-12-16 06:30:00,127.1,127.15,127.0,127.08,1553.934
2025-12-16 06:35:00,127.08,127.27,127.04,127.18,1499.577
2025-12-16 06:40:00,127.18,127.19,127.0,127.05,979.053
2025-12-16 06:45:00,127.05,127.21,127.0,127.07,1258.068
2025-12-16 06:50:00,127.07,127.35,127.05,127.31,1167.579
2025-12-16 06:55:00,127.31,127.49,127.27,127.34,1293.708
2025-12-16 07:00:00,127.34,127.4,127.23,127.36,1379.049
2025-12-16 07:05:00,127.36,127.38,127.21,127.25,1944.458
2025-12-16 07:10:00,127.25,127.27,126.91,126.95,2010.817
2025-12-16 07:15:00,126.95,127.06,126.8,126.87,2716.575
2025-12-16 07:20:00,126.87,126.88,126.59,126.68,1316.408
2025-12-16 07:25:00,126.68,126.76,126.6,126.71,1268.779
2025-12-16 07:30:00,126.71,126.78,126.51,126.63,1348.66
2025-12-16 07:35:00,126.63,126.69,126.32,126.34,1853.229
2025-12-16 07:40:00,126.34,126.37,125.72,125.76,5920.134
2025-12-16 07:45:00,125.76,125.96,125.7,125.89,1755.623
2025-12-16 07:50:00,125.89,125.89,125.58,125.72,2533.481
2025-12-16 07:55:00,125.72,125.86,125.58,125.58,2167.739
2025-12-16 08:00:00,125.58,125.87,125.45,125.72,3607.344
2025-12-16 08:05:00,125.72,126.09,125.66,126.09,4268.792
2025-12-16 08:10:00,126.09,126.28,126.02,126.09,3076.907
2025-12-16 08:15:00,126.09,126.1,125.7,125.82,2373.011
2025-12-16 08:20:00,125.82,126.08,125.77,126.07,2026.328
2025-12-16 08:25:00,126.07,126.25,125.96,126.22,1629.631
2025-12-16 08:30:00,126.22,126.26,126.07,126.1,1201.239
2025-12-16 08:35:00,126.1,126.32,125.78,125.81,1639.336
2025-12-16 08:40:00,125.81,126.38,125.78,126.37,2244.487
2025-12-16 08:45:00,126.37,126.63,126.26,126.32,2860.42
2025-12-16 08:50:00,126.32,126.4,126.09,126.16,2201.778
2025-12-16 08:55:00,126.16,126.23,125.54,126.01,4026.759
2025-12-16 09:00:00,126.01,126.02,125.89,125.94,1490.272
2025-12-16 09:05:00,125.94,126.12,125.9,126.05,3454.481
2025-12-16 09:10:00,126.05,126.32,126.02,126.2,2820.561
2025-12-16 09:15:00,126.2,126.29,125.99,126.25,1687.403
2025-12-16 09:20:00,126.25,126.46,126.24,126.31,1726.524
2025-12-16 09:25:00,126.31,126.31,126.05,126.14,1473.955
2025-12-16 09:30:00,126.14,126.5,126.12,126.33,2388.719
2025-12-16 09:35:00,126.33,126.37,126.09,126.31,2119.236
2025-12-16 09:40:00,126.31,126.45,126.26,126.44,1286.445
2025-12-16 09:45:00,126.44,126.51,126.22,126.22,1588.491
2025-12-16 09:50:00,126.22,126.24,126.03,126.18,1371.932
2025-12-16 09:55:00,126.18,126.31,126.1,126.29,879.533
2025-12-16 10:00:00,126.29,126.47,126.13,126.46,3115.661
2025-12-16 10:05:00,126.46,126.52,126.35,126.47,3835.725
2025-12-16 10:10:00,126.47,126.72,126.45,126.62,2547.727
2025-12-16 10:15:00,126.62,126.82,126.61,126.69,3021.84
2025-12-16 10:20:00,126.69,126.82,126.49,126.8,2321.959
2025-12-16 10:25:00,126.8,127.0,126.76,126.81,3132.761
2025-12-16 10:30:00,126.81,126.99,126.79,126.99,2359.727
2025-12-16 10:35:00,126.99,127.86,126.98,127.6,7567.35
2025-12-16 10:40:00,127.6,128.41,127.54,128.14,9526.766
2025-12-16 10:45:00,128.14,128.88,128.14,128.29,7491.655
2025-12-16 10:50:00,128.29,128.45,127.96,128.4,4764.592
2025-12-16 10:55:00,128.4,128.71,128.37,128.48,4341.551
2025-12-16 11:00:00,128.48,128.62,128.1,128.48,5144.223
2025-12-16 11:05:00,128.48,128.49,128.18,128.32,3624.869
2025-12-16 11:10:00,128.32,128.42,128.21,128.42,2176.62
2025-12-16 11:15:00,128.42,128.81,128.3,128.33,5851.348
2025-12-16 11:20:00,128.33,128.57,128.23,128.49,3782.517
2025-12-16 11:25:00,128.49,128.5,128.17,128.49,3181.696
2025-12-16 11:30:00,128.49,128.83,128.42,128.51,7163.178
2025-12-16 11:35:00,128.51,128.51,128.05,128.1,3327.184
2025-12-16 11:40:00,128.1,128.33,127.94,128.28,3664.64
2025-12-16 11:45:00,128.28,128.56,128.28,128.34,1336.924
2025-12-16 11:50:00,128.34,129.02,128.3,128.78,5470.379
2025-12-16 11:55:00,128.78,128.84,128.58,128.61,3591.369
2025-12-16 12:00:00,128.61,128.85,128.49,128.84,3112.277
2025-12-16 12:05:00,128.84,128.89,128.61,128.66,3050.29
2025-12-16 12:10:00,128.66,128.85,128.6,128.7,1746.326
2025-12-16 12:15:00,128.7,128.73,128.42,128.71,1890.948
2025-12-16 12:20:00,128.71,128.77,128.37,128.39,2328.405
2025-12-16 12:25:00,128.39,128.49,128.32,128.35,5611.032
2025-12-16 12:30:00,128.35,128.48,128.23,128.44,4365.457
2025-12-16 12:35:00,128.44,128.48,128.21,128.32,2269.226
2025-12-16 12:40:00,128.32,128.58,128.32,128.56,1699.921
2025-12-16 12:45:00,128.56,128.99,128.56,128.64,2272.175
2025-12-16 12:50:00,128.64,128.7,128.41,128.64,2432.009
2025-12-16 12:55:00,128.64,128.73,128.61,128.63,1761.883
2025-12-16 13:00:00,128.63,128.69,128.34,128.58,2360.648
2025-12-16 13:05:00,128.58,128.71,128.33,128.54,2880.424
2025-12-16 13:10:00,128.54,128.66,128.38,128.63,1526.046
2025-12-16 13:15:00,128.63,128.9,128.63,128.83,2460.634
2025-12-16 13:20:00,128.83,129.28,128.75,128.98,4405.687
2025-12-16 13:25:00,128.98,129.3,128.79,129.02,3889.92
2025-12-16 13:30:00,129.02,129.88,127.28,127.28,21010.249
2025-12-16 13:35:00,127.28,127.97,127.0,127.66,15532.981
2025-12-16 13:40:00,127.66,128.18,127.35,127.51,5131.148
2025-12-16 13:45:00,127.51,127.81,127.41,127.7,4342.377
2025-12-16 13:50:00,127.7,127.98,127.45,127.5,4060.214
2025-12-16 13:55:00,127.5,127.86,126.77,126.77,6373.118
2025-12-16 14:00:00,126.77,127.11,126.15,126.63,19814.564
2025-12-16 14:05:00,126.63,127.93,126.58,127.69,10007.439
2025-12-16 14:10:00,127.69,127.76,127.43,127.66,4258.16
2025-12-16 14:15:00,127.66,127.96,127.4,127.65,3868.28
2025-12-16 14:20:00,127.65,128.57,127.63,128.0,7442.858
2025-12-16 14:25:00,128.0,128.62,127.76,128.46,6390.091
2025-12-16 14:30:00,128.46,129.16,128.39,128.77,19275.635
2025-12-16 14:35:00,128.77,129.07,128.55,128.89,10492.474
2025-12-16 14:40:00,128.89,129.03,128.26,128.38,5494.618
2025-12-16 14:45:00,128.38,128.69,127.76,128.33,11835.071
2025-12-16 14:50:00,128.33,129.77,128.29,128.93,24813.402
2025-12-16 14:55:00,128.93,129.12,128.24,128.61,12950.329
2025-12-16 15:00:00,128.61,128.84,127.69,127.98,6148.807
2025-12-16 15:05:00,127.98,128.88,127.82,128.31,4640.8
2025-12-16 15:10:00,128.31,128.48,128.01,128.18,2450.471
2025-12-16 15:15:00,128.18,128.29,127.49,128.04,6152.361
2025-12-16 15:20:00,128.04,128.19,127.71,127.95,4249.64
2025-12-16 15:25:00,127.95,127.97,127.3,127.76,4439.68
2025-12-16 15:30:00,127.76,128.36,127.68,128.16,2801.006
2025-12-16 15:35:00,128.16,128.47,127.85,128.12,7419.153
2025-12-16 15:40:00,128.12,128.37,127.91,128.37,4664.422
2025-12-16 15:45:00,128.37,129.36,128.22,128.99,10232.256
2025-12-16 15:50:00,128.99,129.72,128.75,129.59,8616.971
2025-12-16 15:55:00,129.59,130.12,129.5,129.74,9730.299
2025-12-16 16:00:00,129.74,129.87,129.16,129.17,5174.928
2025-12-16 16:05:00,129.17,129.41,128.83,128.95,12997.095
2025-12-16 16:10:00,128.95,129.11,128.67,128.86,4315.857
2025-12-16 16:15:00,128.86,129.06,128.56,128.9,5777.263
2025-12-16 16:20:00,128.9,129.31,128.71,129.03,3884.733
2025-12-16 16:25:00,129.03,129.23,128.81,128.87,2751.08
2025-12-16 16:30:00,128.87,128.87,128.18,128.22,4101.3
2025-12-16 16:35:00,128.22,128.46,127.96,128.13,5586.339
2025-12-16 16:40:00,128.13,128.22,127.79,128.09,2993.915
2025-12-16 16:45:00,128.09,128.45,128.04,128.41,8636.7
2025-12-16 16:50:00,128.41,128.76,128.23,128.39,3015.965
2025-12-16 16:55:00,128.39,128.5,128.29,128.35,2243.182
2025-12-16 17:00:00,128.35,128.59,128.17,128.41,2576.297
2025-12-16 17:05:00,128.41,128.55,128.22,128.32,3098.035
2025-12-16 17:10:00,128.32,128.46,128.01,128.31,2333.64
2025-12-16 17:15:00,128.31,128.42,128.11,128.19,2999.617
2025-12-16 17:20:00,128.19,128.21,127.8,127.81,2339.492
2025-12-16 17:25:00,127.81,127.81,127.3,127.44,4377.994
2025-12-16 17:30:00,127.44,127.72,127.41,127.59,2408.93
2025-12-16 17:35:00,127.59,127.84,127.31,127.45,4788.655
2025-12-16 17:40:00,127.45,127.49,127.13,127.37,3472.848
2025-12-16 17:45:00,127.37,127.53,127.3,127.42,2363.262
2025-12-16 17:50:00,127.42,127.51,127.28,127.45,1431.701
2025-12-16 17:55:00,127.45,127.53,127.19,127.29,3517.905
2025-12-16 18:00:00,127.29,127.63,127.05,127.58,4855.41
2025-12-16 18:05:00,127.58,127.77,127.43,127.72,2110.312
2025-12-16 18:10:00,127.72,127.76,127.47,127.59,2471.918
2025-12-16 18:15:00,127.59,127.65,127.24,127.29,3074.218
2025-12-16 18:20:00,127.29,127.48,127.17,127.41,2210.808
2025-12-16 18:25:00,127.41,127.51,126.96,127.09,6848.638
2025-12-16 18:30:00,127.09,127.89,127.08,127.75,4780.235
2025-12-16 18:35:00,127.75,127.82,127.41,127.61,4450.299
2025-12-16 18:40:00,127.61,128.26,127.6,128.17,4927.976
2025-12-16 18:45:00,128.17,128.46,128.05,128.2,3384.444
2025-12-16 18:50:00,128.2,128.6,128.13,128.27,4819.5
2025-12-16 18:55:00,128.27,128.3,127.98,128.02,3836.389
2025-12-16 19:00:00,128.02,128.02,127.4,127.42,3398.028
2025-12-16 19:05:00,127.42,127.5,127.24,127.33,3897.465
2025-12-16 19:10:00,127.33,127.33,127.02,127.02,2422.456
2025-12-16 19:15:00,127.02,127.03,126.77,126.85,3572.608
2025-12-16 19:20:00,126.85,127.21,126.82,127.1,1812.459
2025-12-16 19:25:00,127.1,127.3,126.92,127.02,3286.875
2025-12-16 19:30:00,127.02,127.16,126.91,127.16,1970.17
2025-12-16 19:35:00,127.16,127.5,127.16,127.27,2676.525
2025-12-16 19:40:00,127.27,127.51,127.18,127.49,969.235
2025-12-16 19:45:00,127.49,127.75,127.39,127.66,3756.785
2025-12-16 19:50:00,127.66,128.1,127.61,127.79,3223.079
2025-12-16 19:55:00,127.79,127.81,127.61,127.72,1662.816
2025-12-16 20:00:00,127.72,127.96,127.69,127.9,1913.495
2025-12-16 20:05:00,127.9,128.0,127.56,127.86,2500.621
2025-12-16 20:10:00,127.86,127.96,127.61,127.74,2754.919
2025-12-16 20:15:00,127.74,127.78,127.47,127.58,2634.326
2025-12-16 20:20:00,127.58,127.89,127.45,127.82,2819.223
2025-12-16 20:25:00,127.82,128.09,127.77,127.94,3399.412
2025-12-16 20:30:00,127.94,128.06,127.79,127.93,2693.719
2025-12-16 20:35:00,127.93,128.33,127.87,128.1,3084.191
2025-12-16 20:40:00,128.1,128.18,128.01,128.12,2071.673
2025-12-16 20:45:00,128.12,128.2,127.55,127.64,2871.304
2025-12-16 20:50:00,127.64,128.52,127.51,128.5,5352.735
2025-12-16 20:55:00,128.5,128.91,128.23,128.41,6330.844
2025-12-16 21:00:00,128.41,128.47,128.27,128.3,1794.81
2025-12-16 21:05:00,128.3,128.41,128.05,128.38,2122.803
2025-12-16 21:10:00,128.38,128.49,128.31,128.4,3421.401
2025-12-16 21:15:00,128.4,128.49,128.19,128.21,1199.176
2025-12-16 21:20:00,128.21,128.38,128.0,128.14,2289.561
2025-12-16 21:25:00,128.14,128.24,128.09,128.17,1085.446
2025-12-16 21:30:00,128.17,128.57,128.16,128.51,2063.857
2025-12-16 21:35:00,128.51,128.63,128.38,128.48,878.291
2025-12-16 21:40:00,128.48,128.73,128.44,128.66,1219.0
2025-12-16 21:45:00,128.66,128.72,128.56,128.57,1453.632
2025-12-16 21:50:00,128.57,128.65,128.42,128.46,764.915
2025-12-16 21:55:00,128.46,128.6,128.28,128.5,2122.547
2025-12-16 22:00:00,128.5,129.02,128.49,128.86,2274.639
2025-12-16 22:05:00,128.86,128.86,128.63,128.63,1013.377
2025-12-16 22:10:00,128.63,128.65,128.27,128.39,1812.199
2025-12-16 22:15:00,128.39,128.63,128.37,128.61,1090.741
2025-12-16 22:20:00,128.61,128.76,128.58,128.68,1156.175
2025-12-16 22:25:00,128.68,128.82,128.58,128.7,2208.462
2025-12-16 22:30:00,128.7,128.72,128.52,128.54,965.131
2025-12-16 22:35:00,128.54,128.7,128.48,128.61,2170.596
2025-12-16 22:40:00,128.61,128.9,128.56,128.75,2207.417
2025-12-16 22:45:00,128.75,128.78,128.5,128.63,1337.094
2025-12-16 22:50:00,128.63,128.67,128.55,128.6,730.473
2025-12-16 22:55:00,128.6,128.7,128.5,128.61,1491.235
2025-12-16 23:00:00,128.61,128.63,128.13,128.32,1687.821
2025-12-16 23:05:00,128.32,128.54,128.3,128.49,1499.981
2025-12-16 23:10:00,128.49,128.57,128.4,128.55,583.469
2025-12-16 23:15:00,128.55,128.75,128.45,128.71,1078.121
2025-12-16 23:20:00,128.71,128.87,128.6,128.65,1883.691
2025-12-16 23:25:00,128.65,128.67,128.41,128.49,1347.369
2025-12-16 23:30:00,128.49,128.55,128.41,128.54,2519.317
2025-12-16 23:35:00,128.54,128.61,128.45,128.45,817.079
2025-12-16 23:40:00,128.45,128.64,128.45,128.63,603.916
2025-12-16 23:45:00,128.63,128.72,128.46,128.46,748.308
2025-12-16 23:50:00,128.46,129.3,128.37,129.19,6150.591
2025-12-16 23:55:00,129.19,129.5,129.05,129.12,10033.476
2025-12-17 00:00:00,129.12,129.16,128.7,128.72,2424.796
2025-12-17 00:05:00,128.72,128.83,128.65,128.73,1556.963
2025-12-17 00:10:00,128.73,128.83,128.38,128.49,1416.896
2025-12-17 00:15:00,128.49,128.69,128.44,128.49,1843.278
2025-12-17 00:20:00,128.49,128.56,128.38,128.55,1825.833
2025-12-17 00:25:00,128.55,128.69,128.46,128.51,1629.054
2025-12-17 00:30:00,128.51,128.54,128.27,128.39,1530.885
2025-12-17 00:35:00,128.39,128.84,128.38,128.52,1985.003
2025-12-17 00:40:00,128.52,128.6,128.38,128.41,1367.872
2025-12-17 00:45:00,128.41,128.68,128.32,128.65,1981.27
2025-12-17 00:50:00,128.65,129.01,128.65,128.94,1811.068
2025-12-17 00:55:00,128.94,129.13,128.91,128.92,1499.741
2025-12-17 01:00:00,128.92,129.09,128.85,129.05,2050.93
2025-12-17 01:05:00,129.05,129.14,128.97,128.98,1008.539
2025-12-17 01:10:00,128.98,129.0,128.75,128.77,1748.441
2025-12-17 01:15:00,128.77,129.8,128.76,129.44,4262.992
2025-12-17 01:20:00,129.44,129.49,129.04,129.34,3016.726
2025-12-17 01:25:00,129.34,129.49,129.29,129.4,1594.363
2025-12-17 01:30:00,129.4,129.72,129.31,129.35,2347.089
2025-12-17 01:35:00,129.35,129.49,129.14,129.16,1327.944
2025-12-17 01:40:00,129.16,129.25,129.1,129.2,1066.126
2025-12-17 01:45:00,129.2,129.29,129.08,129.09,3447.594
2025-12-17 01:50:00,129.09,129.24,128.81,128.94,1819.759
2025-12-17 01:55:00,128.94,129.2,128.84,129.16,848.985
2025-12-17 02:00:00,129.16,129.24,129.05,129.07,1527.9
2025-12-17 02:05:00,129.07,129.18,128.69,128.73,1502.386
2025-12-17 02:10:00,128.73,128.8,128.5,128.64,7422.511
2025-12-17 02:15:00,128.64,128.83,128.47,128.75,1836.376
2025-12-17 02:20:00,128.75,128.93,128.7,128.8,734.211
2025-12-17 02:25:00,128.8,128.94,128.78,128.86,1164.794
2025-12-17 02:30:00,128.86,129.02,128.61,128.72,2538.255
2025-12-17 02:35:00,128.72,128.92,128.71,128.84,1390.603
2025-12-17 02:40:00,128.84,128.99,128.76,128.99,1067.331
2025-12-17 02:45:00,128.99,129.29,128.88,129.29,1782.228
2025-12-17 02:50:00,129.29,129.5,129.22,129.35,6787.698
2025-12-17 02:55:00,129.35,129.36,129.1,129.28,2834.83
2025-12-17 03:00:00,129.28,129.63,129.25,129.51,1644.723
2025-12-17 03:05:00,129.51,129.56,129.4,129.43,1469.504
2025-12-17 03:10:00,129.43,129.43,129.14,129.16,1080.821
2025-12-17 03:15:00,129.16,129.23,129.07,129.12,1640.595
2025-12-17 03:20:00,129.12,129.23,129.08,129.12,565.126
2025-12-17 03:25:00,129.12,129.23,128.97,128.98,810.377
2025-12-17 03:30:00,128.98,129.0,128.74,128.75,4763.02
2025-12-17 03:35:00,128.75,128.79,128.51,128.54,3083.44
2025-12-17 03:40:00,128.54,128.68,128.52,128.57,2244.386
2025-12-17 03:45:00,128.57,128.65,128.55,128.57,1287.713
2025-12-17 03:50:00,128.57,128.58,128.45,128.47,1309.769
2025-12-17 03:55:00,128.47,128.47,128.2,128.24,2291.709
2025-12-17 04:00:00,128.24,128.33,128.18,128.21,2065.45
2025-12-17 04:05:00,128.21,128.46,128.19,128.19,1636.703
2025-12-17 04:10:00,128.19,128.33,128.08,128.24,1855.072
2025-12-17 04:15:00,128.24,128.24,127.81,127.86,2929.189
2025-12-17 04:20:00,127.86,128.0,127.64,127.96,2755.457
2025-12-17 04:25:00,127.96,128.16,127.62,127.62,3084.772
2025-12-17 04:30:00,127.62,127.82,127.47,127.48,2784.112
2025-12-17 04:35:00,127.48,127.61,127.43,127.55,1279.534
2025-12-17 04:40:00,127.55,127.84,127.55,127.6,1997.518
2025-12-17 04:45:00,127.6,127.83,127.51,127.83,1672.637
2025-12-17 04:50:00,127.83,127.87,127.69,127.86,1248.342
2025-12-17 04:55:00,127.86,127.96,127.81,127.84,1350.795
2025-12-17 05:00:00,127.84,127.87,127.43,127.65,2431.65
2025-12-17 05:05:00,127.65,127.93,127.65,127.92,1406.75
2025-12-17 05:10:00,127.92,128.08,127.83,127.9,2894.288
2025-12-17 05:15:00,127.9,128.01,127.66,127.69,2294.912
2025-12-17 05:20:00,127.69,127.7,127.31,127.38,1692.628
2025-12-17 05:25:00,127.38,127.42,127.01,127.33,3583.088
2025-12-17 05:30:00,127.33,127.45,127.24,127.4,1443.502
2025-12-17 05:35:00,127.4,127.43,127.09,127.27,1204.935
2025-12-17 05:40:00,127.27,127.47,127.22,127.43,965.475
2025-12-17 05:45:00,127.43,127.85,127.38,127.74,1805.792
2025-12-17 05:50:00,127.74,127.74,127.54,127.65,703.279
2025-12-17 05:55:00,127.65,127.68,127.59,127.62,483.629
2025-12-17 06:00:00,127.62,127.97,127.56,127.91,1566.793
2025-12-17 06:05:00,127.91,127.91,127.6,127.9,900.218
2025-12-17 06:10:00,127.9,128.0,127.79,127.9,1073.916
2025-12-17 06:15:00,127.9,127.98,127.78,127.93,951.797
2025-12-17 06:20:00,127.93,128.0,127.73,127.97,754.048
2025-12-17 06:25:00,127.97,127.99,127.8,127.89,625.151
2025-12-17 06:30:00,127.89,128.0,127.87,127.9,1069.751
2025-12-17 06:35:00,127.9,127.95,127.72,127.73,1445.911
2025-12-17 06:40:00,127.73,127.78,127.65,127.69,1660.989
2025-12-17 06:45:00,127.69,127.78,127.59,127.69,1386.34
2025-12-17 06:50:00,127.69,127.79,127.66,127.78,602.365
2025-12-17 06:55:00,127.78,127.8,127.62,127.75,613.792
2025-12-17 07:00:00,127.75,127.97,127.67,127.97,931.847
2025-12-17 07:05:00,127.97,128.2,127.89,127.99,1626.725
2025-12-17 07:10:00,127.99,128.0,127.75,127.83,682.67
2025-12-17 07:15:00,127.83,127.89,127.63,127.65,647.524
2025-12-17 07:20:00,127.65,128.07,127.65,127.95,1381.136
2025-12-17 07:25:00,127.95,127.97,127.87,127.89,550.487
2025-12-17 07:30:00,127.89,128.42,127.87,128.34,2420.744
2025-12-17 07:35:00,128.34,128.57,128.27,128.4,2832.819
2025-12-17 07:40:00,128.4,128.4,128.18,128.22,2153.675
2025-12-17 07:45:00,128.22,128.28,128.1,128.18,3529.726
2025-12-17 07:50:00,128.18,128.3,128.14,128.28,1728.928
2025-12-17 07:55:00,128.28,128.34,128.24,128.26,827.362
2025-12-17 08:00:00,128.26,128.26,127.92,127.99,1690.936
2025-12-17 08:05:00,127.99,128.05,127.93,127.94,884.094
2025-12-17 08:10:00,127.94,128.0,127.91,127.93,2301.321
2025-12-17 08:15:00,127.93,127.95,127.69,127.71,3497.393
2025-12-17 08:20:00,127.71,127.71,127.35,127.47,4554.23
2025-12-17 08:25:00,127.47,127.47,127.18,127.28,3420.554
2025-12-17 08:30:00,127.28,127.46,127.02,127.09,2029.996
2025-12-17 08:35:00,127.09,127.14,126.8,126.84,3661.258
2025-12-17 08:40:00,126.84,127.04,126.82,127.02,1249.591
2025-12-17 08:45:00,127.02,127.07,126.88,126.9,1344.235
2025-12-17 08:50:00,126.9,127.08,126.88,126.94,1269.895
2025-12-17 08:55:00,126.94,127.02,126.87,126.92,1375.169
2025-12-17 09:00:00,126.92,127.01,126.75,126.77,1852.807
2025-12-17 09:05:00,126.77,126.9,126.59,126.85,1796.333
2025-12-17 09:10:00,126.85,126.86,126.52,126.84,2181.512
2025-12-17 09:15:00,126.84,127.02,126.83,126.93,2905.914
2025-12-17 09:20:00,126.93,126.93,126.45,126.53,2794.425
2025-12-17 09:25:00,126.53,126.59,126.2,126.29,2706.443
2025-12-17 09:30:00,126.29,126.55,125.98,126.52,6586.433
2025-12-17 09:35:00,126.52,126.7,126.45,126.65,3089.416
2025-12-17 09:40:00,126.65,126.76,126.58,126.73,1696.61
2025-12-17 09:45:00,126.73,126.83,126.7,126.78,809.706
2025-12-17 09:50:00,126.78,126.82,126.74,126.78,516.446
2025-12-17 09:55:00,126.78,126.8,126.71,126.74,785.348
2025-12-17 10:00:00,126.74,126.77,126.38,126.46,2075.971
2025-12-17 10:05:00,126.46,126.52,126.28,126.47,2091.754
2025-12-17 10:10:00,126.47,126.92,126.44,126.79,1592.29
2025-12-17 10:15:00,126.79,126.83,126.62,126.69,1029.937
2025-12-17 10:20:00,126.69,126.85,126.61,126.78,874.562
2025-12-17 10:25:00,126.78,126.78,126.45,126.46,837.204
2025-12-17 10:30:00,126.46,126.86,126.45,126.79,1944.47
2025-12-17 10:35:00,126.79,126.97,126.47,126.52,3871.93
2025-12-17 10:40:00,126.52,126.67,126.35,126.66,2631.478
2025-12-17 10:45:00,126.66,126.86,126.64,126.65,2622.21
2025-12-17 10:50:00,126.65,126.75,126.55,126.55,4123.37
2025-12-17 10:55:00,126.55,126.68,126.48,126.56,2567.965
2025-12-17 11:00:00,126.56,126.71,126.48,126.6,2133.179
2025-12-17 11:05:00,126.6,126.94,126.6,126.94,2048.7
2025-12-17 11:10:00,126.94,127.42,126.88,127.29,3264.095
2025-12-17 11:15:00,127.29,127.51,127.24,127.27,5288.201
2025-12-17 11:20:00,127.27,127.48,127.26,127.43,2077.986
2025-12-17 11:25:00,127.43,127.48,127.32,127.36,4280.224
2025-12-17 11:30:00,127.36,127.53,127.33,127.5,2100.803
2025-12-17 11:35:00,127.5,127.74,127.45,127.73,5573.758
2025-12-17 11:40:00,127.73,127.78,127.69,127.71,2960.548
2025-12-17 11:45:00,127.71,127.73,127.6,127.67,5566.688
2025-12-17 11:50:00,127.67,127.93,127.57,127.63,7955.314
2025-12-17 11:55:00,127.63,127.67,127.46,127.61,3213.524
2025-12-17 12:00:00,127.61,127.87,127.59,127.87,5791.021
2025-12-17 12:05:00,127.87,127.97,127.71,127.84,5770.26
2025-12-17 12:10:00,127.84,127.87,127.65,127.83,2630.41
2025-12-17 12:15:00,127.83,127.84,127.56,127.73,4977.403
2025-12-17 12:20:00,127.73,127.74,127.51,127.67,4466.787
2025-12-17 12:25:00,127.67,127.73,127.53,127.64,4180.737
2025-12-17 12:30:00,127.64,127.82,127.5,127.73,3931.161
2025-12-17 12:35:00,127.73,128.01,127.73,127.93,2940.57
2025-12-17 12:40:00,127.93,127.94,127.43,127.44,5684.486
2025-12-17 12:45:00,127.44,127.85,127.4,127.81,3121.67
2025-12-17 12:50:00,127.81,128.18,127.8,127.93,7111.647
2025-12-17 12:55:00,127.93,127.99,127.88,127.96,2849.052
2025-12-17 13:00:00,127.96,128.08,127.85,128.06,3586.022
2025-12-17 13:05:00,128.06,128.35,127.8,127.87,3624.44
2025-12-17 13:10:00,127.87,128.0,127.7,127.75,3573.464
2025-12-17 13:15:00,127.75,127.85,127.55,127.59,3014.507
2025-12-17 13:20:00,127.59,127.96,127.59,127.95,1906.117
2025-12-17 13:25:00,127.95,128.06,127.84,128.03,2529.437
2025-12-17 13:30:00,128.03,128.08,127.86,127.97,3106.475
2025-12-17 13:35:00,127.97,128.14,127.87,128.09,2997.088
2025-12-17 13:40:00,128.09,128.65,128.07,128.64,3402.734
2025-12-17 13:45:00,128.64,129.43,128.61,128.84,16030.336
2025-12-17 13:50:00,128.84,128.97,128.67,128.85,5192.788
2025-12-17 13:55:00,128.85,129.46,128.83,129.2,10723.312
2025-12-17 14:00:00,129.2,129.61,129.15,129.4,8822.216
2025-12-17 14:05:00,129.4,129.55,129.16,129.42,5729.813
2025-12-17 14:10:00,129.42,129.48,129.17,129.19,3688.12
2025-12-17 14:15:00,129.19,129.78,129.19,129.71,16359.429
2025-12-17 14:20:00,129.71,129.79,129.33,129.41,2926.628
2025-12-17 14:25:00,129.41,129.45,128.98,129.01,2670.242
2025-12-17 14:30:00,129.01,129.35,128.71,128.84,7060.668
2025-12-17 14:35:00,128.84,129.03,128.37,128.47,7354.02
2025-12-17 14:40:00,128.47,128.84,128.09,128.31,3122.171
2025-12-17 14:45:00,128.31,128.48,127.01,127.84,20918.246
2025-12-17 14:50:00,127.84,131.21,127.84,131.03,29898.773
2025-12-17 14:55:00,131.03,132.65,130.85,132.65,36428.097
2025-12-17 15:00:00,132.65,133.37,131.99,132.79,29484.076
2025-12-17 15:05:00,132.79,133.97,132.52,132.83,31741.828
2025-12-17 15:10:00,132.83,133.53,132.61,133.46,13959.782
2025-12-17 15:15:00,133.46,133.49,132.6,132.69,18184.558
2025-12-17 15:20:00,132.69,132.92,131.92,131.95,14143.389
2025-12-17 15:25:00,131.95,132.03,130.9,131.65,13606.32
2025-12-17 15:30:00,131.65,131.79,131.29,131.38,9904.288
2025-12-17 15:35:00,131.38,131.38,130.01,130.08,16131.175
2025-12-17 15:40:00,130.08,130.23,128.69,129.06,24168.98
2025-12-17 15:45:00,129.06,129.25,127.97,128.46,18590.745
2025-12-17 15:50:00,128.46,128.46,126.69,127.08,28221.377
2025-12-17 15:55:00,127.08,127.61,126.61,126.79,18645.058
2025-12-17 16:00:00,126.79,127.99,126.66,127.92,10665.11
2025-12-17 16:05:00,127.92,127.95,127.07,127.23,13049.818
2025-12-17 16:10:00,127.23,127.63,126.48,126.48,8971.333
2025-12-17 16:15:00,126.48,126.63,125.75,125.99,14378.887
2025-12-17 16:20:00,125.99,126.17,125.31,125.46,19483.609
2025-12-17 16:25:00,125.46,126.05,125.32,125.33,9255.629
2025-12-17 16:30:00,125.33,125.76,124.74,125.41,20205.611
2025-12-17 16:35:00,125.41,126.0,124.27,124.27,17023.258
2025-12-17 16:40:00,124.27,124.51,123.83,124.36,26293.201
2025-12-17 16:45:00,124.36,124.74,124.13,124.67,13044.859
2025-12-17 16:50:00,124.67,124.84,124.01,124.71,11358.046
2025-12-17 16:55:00,124.71,124.94,124.27,124.94,8824.993
2025-12-17 17:00:00,124.94,125.22,122.8,123.04,15907.892
2025-12-17 17:05:00,123.04,123.3,122.6,123.14,17697.418
2025-12-17 17:10:00,123.14,123.45,122.93,122.96,13708.869
2025-12-17 17:15:00,122.96,123.69,122.73,123.53,9877.597
2025-12-17 17:20:00,123.53,124.2,123.53,124.12,9573.144
2025-12-17 17:25:00,124.12,124.43,123.99,124.05,15051.792
2025-12-17 17:30:00,124.05,124.31,123.77,123.88,9424.182
2025-12-17 17:35:00,123.88,124.0,123.52,123.52,6269.688
2025-12-17 17:40:00,123.52,123.53,123.19,123.2,5933.643
2025-12-17 17:45:00,123.2,123.3,122.78,123.22,15063.718
2025-12-17 17:50:00,123.22,123.53,122.79,122.82,7755.434
2025-12-17 17:55:00,122.82,123.13,122.75,123.03,5828.857
2025-12-17 18:00:00,123.03,123.56,123.03,123.32,7131.226
2025-12-17 18:05:00,123.32,123.73,123.22,123.62,4249.459
2025-12-17 18:10:00,123.62,123.64,123.27,123.41,4042.867
2025-12-17 18:15:00,123.41,123.53,123.1,123.43,5560.761
2025-12-17 18:20:00,123.43,123.97,123.36,123.93,6076.08
2025-12-17 18:25:00,123.93,123.93,123.13,123.19,7556.668
2025-12-17 18:30:00,123.19,123.36,122.79,123.31,11519.12
2025-12-17 18:35:00,123.31,123.42,123.0,123.0,5638.286
2025-12-17 18:40:00,123.0,123.0,122.12,122.36,22032.66
2025-12-17 18:45:00,122.36,122.57,121.74,122.15,13675.154
2025-12-17 18:50:00,122.15,122.46,121.91,122.24,7712.086
2025-12-17 18:55:00,122.24,122.28,121.87,122.12,7795.51
2025-12-17 19:00:00,122.12,122.21,121.67,121.81,7146.157
2025-12-17 19:05:00,121.81,122.13,121.63,121.78,9232.331
2025-12-17 19:10:00,121.78,122.03,121.45,121.89,8621.895
2025-12-17 19:15:00,121.89,122.43,121.82,122.2,6620.696
2025-12-17 19:20:00,122.2,122.39,121.95,122.26,5921.12
2025-12-17 19:25:00,122.26,122.39,122.0,122.01,4580.756
2025-12-17 19:30:00,122.01,122.19,121.39,121.55,7656.699
2025-12-17 19:35:00,121.55,122.04,121.37,122.0,4990.261
2025-12-17 19:40:00,122.0,122.0,121.61,121.73,4617.784
2025-12-17 19:45:00,121.73,122.17,121.69,122.17,4948.412
2025-12-17 19:50:00,122.17,122.51,121.95,122.43,4508.735
2025-12-17 19:55:00,122.43,122.48,122.26,122.41,3008.902
2025-12-17 20:00:00,122.41,122.54,122.23,122.39,4609.816
2025-12-17 20:05:00,122.39,122.44,122.09,122.22,4452.002
2025-12-17 20:10:00,122.22,122.34,122.07,122.07,2242.57
2025-12-17 20:15:00,122.07,123.32,122.03,123.27,9615.672
2025-12-17 20:20:00,123.27,123.49,122.99,123.46,6853.48
2025-12-17 20:25:00,123.46,123.77,123.3,123.66,13975.519
2025-12-17 20:30:00,123.66,123.66,123.11,123.19,6305.914
2025-12-17 20:35:00,123.19,123.41,123.01,123.03,7605.556
2025-12-17 20:40:00,123.03,123.37,122.94,123.3,3887.117
2025-12-17 20:45:00,123.3,123.3,123.1,123.22,2022.786
2025-12-17 20:50:00,123.22,123.27,122.89,122.96,3482.427
2025-12-17 20:55:00,122.96,123.06,122.58,123.01,3617.731
2025-12-17 21:00:00,123.01,123.13,122.88,123.03,1883.236
2025-12-17 21:05:00,123.03,123.03,122.73,122.8,2106.044
2025-12-17 21:10:00,122.8,122.98,122.75,122.84,2611.939
2025-12-17 21:15:00,122.84,122.84,122.54,122.58,2114.735
2025-12-17 21:20:00,122.58,122.63,122.18,122.24,2769.092
2025-12-17 21:25:00,122.24,122.36,122.24,122.3,3445.677
2025-12-17 21:30:00,122.3,122.45,121.98,122.17,3801.462
2025-12-17 21:35:00,122.17,122.36,122.15,122.19,3682.474
2025-12-17 21:40:00,122.19,122.46,122.19,122.44,1153.843
2025-12-17 21:45:00,122.44,122.48,122.35,122.37,655.058
2025-12-17 21:50:00,122.37,122.55,122.15,122.48,1092.241
2025-12-17 21:55:00,122.48,122.53,122.37,122.4,1676.659
2025-12-17 22:00:00,122.4,122.45,122.15,122.28,1042.948
2025-12-17 22:05:00,122.28,122.55,122.08,122.53,2273.756
2025-12-17 22:10:00,122.53,122.83,122.41,122.64,1786.953
2025-12-17 22:15:00,122.64,122.93,122.62,122.65,3994.137
2025-12-17 22:20:00,122.65,122.91,122.37,122.89,3838.887
2025-12-17 22:25:00,122.89,123.24,122.75,122.96,3583.893
2025-12-17 22:30:00,122.96,123.08,122.86,122.86,1311.852
2025-12-17 22:35:00,122.86,122.98,122.79,122.9,1290.104
2025-12-17 22:40:00,122.9,123.12,122.78,123.1,1875.475
2025-12-17 22:45:00,123.1,123.1,122.8,122.96,1939.976
2025-12-17 22:50:00,122.96,123.55,122.88,123.48,3191.676
2025-12-17 22:55:00,123.48,123.55,123.37,123.47,7798.736
2025-12-17 23:00:00,123.47,123.5,123.12,123.17,3435.581
2025-12-17 23:05:00,123.17,123.2,122.92,123.08,8243.699
2025-12-17 23:10:00,123.08,123.15,122.92,122.92,2023.133
2025-12-17 23:15:00,122.92,123.01,122.82,122.88,1119.946
2025-12-17 23:20:00,122.88,123.05,122.8,122.9,1798.986
2025-12-17 23:25:00,122.9,123.06,122.8,123.05,769.39
2025-12-17 23:30:00,123.05,123.08,122.89,123.04,2104.945
2025-12-17 23:35:00,123.04,123.27,123.03,123.23,1180.98
2025-12-17 23:40:00,123.23,123.29,123.15,123.16,1011.235
2025-12-17 23:45:00,123.16,123.23,123.1,123.14,1198.078
2025-12-17 23:50:00,123.14,123.18,123.01,123.13,1323.672
2025-12-17 23:55:00,123.13,123.3,123.08,123.25,956.761
2025-12-18 00:00:00,123.25,123.43,123.06,123.23,1699.675
2025-12-18 00:05:00,123.23,123.24,123.05,123.23,1300.894
2025-12-18 00:10:00,123.23,123.49,123.09,123.47,2548.829
2025-12-18 00:15:00,123.47,123.64,123.29,123.31,3249.295
2025-12-18 00:20:00,123.31,123.42,123.18,123.4,1063.548
2025-12-18 00:25:00,123.4,123.58,123.33,123.55,1671.321
2025-12-18 00:30:00,123.55,123.6,123.42,123.59,2070.116
2025-12-18 00:35:00,123.59,123.64,123.48,123.63,1250.78
2025-12-18 00:40:00,123.63,123.63,123.28,123.41,1673.116
2025-12-18 00:45:00,123.41,123.72,123.41,123.72,6272.951
2025-12-18 00:50:00,123.72,123.77,123.53,123.7,1471.575
2025-12-18 00:55:00,123.7,123.77,123.63,123.7,1264.201
2025-12-18 01:00:00,123.7,123.7,123.36,123.37,1635.85
2025-12-18 01:05:00,123.37,123.38,123.0,123.0,2899.771
2025-12-18 01:10:00,123.0,123.28,123.0,123.22,1187.356
2025-12-18 01:15:00,123.22,123.37,122.99,123.29,2658.431
2025-12-18 01:20:00,123.29,123.79,123.27,123.64,2875.763
2025-12-18 01:25:00,123.64,123.68,123.46,123.47,937.958
2025-12-18 01:30:00,123.47,123.58,123.39,123.39,786.685
2025-12-18 01:35:00,123.39,123.62,123.23,123.29,805.724
2025-12-18 01:40:00,123.29,123.51,123.27,123.44,527.51
2025-12-18 01:45:00,123.44,123.68,123.44,123.63,1125.721
2025-12-18 01:50:00,123.63,123.65,123.15,123.29,2810.172
2025-12-18 01:55:00,123.29,123.51,123.26,123.38,1829.201
2025-12-18 02:00:00,123.38,123.49,123.09,123.41,3266.406
2025-12-18 02:05:00,123.41,123.87,123.38,123.55,3569.698
2025-12-18 02:10:00,123.55,124.08,123.5,123.79,2454.093
2025-12-18 02:15:00,123.79,124.14,123.7,123.83,3436.749
2025-12-18 02:20:00,123.83,123.98,123.45,123.48,2856.048
2025-12-18 02:25:00,123.48,123.59,123.31,123.52,1522.574
2025-12-18 02:30:00,123.52,123.83,123.5,123.79,1661.267
2025-12-18 02:35:00,123.79,124.01,123.78,123.91,1760.033
2025-12-18 02:40:00,123.91,123.91,123.67,123.83,1125.842
2025-12-18 02:45:00,123.83,123.9,123.69,123.73,1821.389
2025-12-18 02:50:00,123.73,123.88,123.65,123.88,1404.682
2025-12-18 02:55:00,123.88,123.9,123.64,123.72,1144.076
2025-12-18 03:00:00,123.72,123.91,123.48,123.88,2241.938
2025-12-18 03:05:00,123.88,123.96,123.75,123.83,2291.629
2025-12-18 03:10:00,123.83,123.92,123.71,123.73,1415.177
2025-12-18 03:15:00,123.73,123.73,123.34,123.53,1708.6
2025-12-18 03:20:00,123.53,123.54,123.3,123.34,1218.72
2025-12-18 03:25:00,123.34,123.35,123.11,123.21,2719.099
2025-12-18 03:30:00,123.21,123.4,123.03,123.24,3305.125
2025-12-18 03:35:00,123.24,123.39,123.2,123.38,4211.7
2025-12-18 03:40:00,123.38,123.48,123.31,123.33,997.119
2025-12-18 03:45:00,123.33,123.49,123.31,123.39,746.003
2025-12-18 03:50:00,123.39,123.72,123.38,123.64,1507.233
2025-12-18 03:55:00,123.64,123.8,123.61,123.63,1781.606
2025-12-18 04:00:00,123.63,124.15,123.6,124.07,5918.165
2025-12-18 04:05:00,124.07,124.13,123.76,123.8,3551.241
2025-12-18 04:10:00,123.8,123.85,123.69,123.81,965.521
2025-12-18 04:15:00,123.81,123.83,123.65,123.75,1634.598
2025-12-18 04:20:00,123.75,123.83,123.65,123.74,1550.699
2025-12-18 04:25:00,123.74,123.74,123.58,123.64,1119.508
2025-12-18 04:30:00,123.64,123.78,123.62,123.69,3657.014
2025-12-18 04:35:00,123.69,123.83,123.62,123.7,1088.444
2025-12-18 04:40:00,123.7,123.82,123.64,123.78,1900.62
2025-12-18 04:45:00,123.78,123.8,123.61,123.63,1127.95
2025-12-18 04:50:00,123.63,123.71,123.62,123.69,1022.682
2025-12-18 04:55:00,123.69,123.74,123.6,123.63,888.202
2025-12-18 05:00:00,123.63,123.66,123.46,123.52,1105.587
2025-12-18 05:05:00,123.52,123.57,123.34,123.37,1607.58
2025-12-18 05:10:00,123.37,123.37,123.15,123.17,7045.258
2025-12-18 05:15:00,123.17,123.26,122.67,122.69,5343.214
2025-12-18 05:20:00,122.69,122.8,122.57,122.75,3268.304
2025-12-18 05:25:00,122.75,122.78,122.58,122.6,2092.116
2025-12-18 05:30:00,122.6,122.65,122.36,122.48,3386.179
2025-12-18 05:35:00,122.48,122.6,122.38,122.59,4441.914
2025-12-18 05:40:00,122.59,122.94,122.56,122.84,2191.92
2025-12-18 05:45:00,122.84,122.89,122.42,122.66,3493.153
2025-12-18 05:50:00,122.66,122.68,122.37,122.46,1377.117
2025-12-18 05:55:00,122.46,122.53,122.38,122.42,1114.555
2025-12-18 06:00:00,122.42,122.52,122.2,122.51,2487.929
2025-12-18 06:05:00,122.51,122.66,122.41,122.57,1617.145
2025-12-18 06:10:00,122.57,122.69,122.55,122.66,1053.034
2025-12-18 06:15:00,122.66,122.82,122.53,122.57,1841.791
2025-12-18 06:20:00,122.57,122.66,122.52,122.61,693.637
2025-12-18 06:25:00,122.61,122.67,122.58,122.63,1194.48
2025-12-18 06:30:00,122.63,122.88,122.52,122.58,1821.036
2025-12-18 06:35:00,122.58,122.85,122.58,122.81,994.455
2025-12-18 06:40:00,122.81,122.85,122.71,122.72,984.886
2025-12-18 06:45:00,122.72,122.76,122.38,122.52,1729.077
2025-12-18 06:50:00,122.52,122.7,122.52,122.58,697.01
2025-12-18 06:55:00,122.58,122.84,122.54,122.79,1077.957
2025-12-18 07:00:00,122.79,123.02,122.77,122.77,1381.948
2025-12-18 07:05:00,122.77,122.82,122.66,122.8,1194.305
2025-12-18 07:10:00,122.8,123.17,122.79,123.03,1006.43
2025-12-18 07:15:00,123.03,123.22,123.01,123.09,2865.626
2025-12-18 07:20:00,123.09,123.34,123.08,123.31,1729.918
2025-12-18 07:25:00,123.31,123.41,123.21,123.26,1099.965
2025-12-18 07:30:00,123.26,123.28,123.17,123.17,1452.309
2025-12-18 07:35:00,123.17,123.23,122.8,122.81,3903.79
2025-12-18 07:40:00,122.81,122.82,122.45,122.64,4499.12
2025-12-18 07:45:00,122.64,122.83,122.6,122.8,1577.987
2025-12-18 07:50:00,122.8,122.86,122.64,122.78,1310.886
2025-12-18 07:55:00,122.78,122.88,122.7,122.85,1012.027
2025-12-18 08:00:00,122.85,122.95,122.54,122.75,2359.562
2025-12-18 08:05:00,122.75,122.96,122.67,122.75,2445.17
2025-12-18 08:10:00,122.75,122.76,122.46,122.67,1423.504
2025-12-18 08:15:00,122.67,122.99,122.67,122.89,1157.428
2025-12-18 08:20:00,122.89,123.4,122.78,123.3,4560.733
2025-12-18 08:25:00,123.3,123.38,123.02,123.11,2195.839
2025-12-18 08:30:00,123.11,123.35,123.05,123.26,2045.177
2025-12-18 08:35:00,123.26,123.27,123.09,123.15,1192.84
2025-12-18 08:40:00,123.15,123.16,122.81,122.86,1584.899
2025-12-18 08:45:00,122.86,123.02,122.64,122.99,2105.852
2025-12-18 08:50:00,122.99,123.06,122.92,122.93,1694.434
2025-12-18 08:55:00,122.93,123.05,122.81,123.05,3029.351
2025-12-18 09:00:00,123.05,123.09,122.7,122.88,2293.362
2025-12-18 09:05:00,122.88,122.91,122.76,122.88,1147.858
2025-12-18 09:10:00,122.88,122.9,122.68,122.77,2423.32
2025-12-18 09:15:00,122.77,122.88,122.71,122.76,1065.888
2025-12-18 09:20:00,122.76,123.24,122.76,123.18,1468.749
2025-12-18 09:25:00,123.18,123.18,123.08,123.12,565.394
2025-12-18 09:30:00,123.12,123.53,123.09,123.53,2628.707
2025-12-18 09:35:00,123.53,123.62,123.23,123.34,1544.864
2025-12-18 09:40:00,123.34,123.66,123.34,123.65,1607.843
2025-12-18 09:45:00,123.65,123.77,123.54,123.77,2254.168
2025-12-18 09:50:00,123.77,123.9,123.67,123.69,2610.43
2025-12-18 09:55:00,123.69,123.75,123.67,123.67,1491.997
2025-12-18 10:00:00,123.67,123.75,123.39,123.72,2731.429
2025-12-18 10:05:00,123.72,123.83,123.64,123.81,1798.846
2025-12-18 10:10:00,123.81,123.83,123.67,123.73,4184.048
2025-12-18 10:15:00,123.73,123.76,123.55,123.71,3886.119
2025-12-18 10:20:00,123.71,123.85,123.68,123.76,3090.118
2025-12-18 10:25:00,123.76,123.83,123.72,123.8,2699.597
2025-12-18 10:30:00,123.8,124.17,123.79,124.15,6836.839
2025-12-18 10:35:00,124.15,124.15,123.97,124.0,1465.025
2025-12-18 10:40:00,124.0,124.01,123.83,123.97,3194.877
2025-12-18 10:45:00,123.97,124.04,123.91,123.98,1894.693
2025-12-18 10:50:00,123.98,124.01,123.8,123.83,1599.469
2025-12-18 10:55:00,123.83,123.92,123.81,123.91,1446.692
2025-12-18 11:00:00,123.91,123.94,123.56,123.57,2242.113
2025-12-18 11:05:00,123.57,123.68,123.52,123.58,2418.827
2025-12-18 11:10:00,123.58,123.97,123.42,123.47,6454.442
2025-12-18 11:15:00,123.47,123.51,123.35,123.38,4892.082
2025-12-18 11:20:00,123.38,123.49,123.35,123.42,2816.866
2025-12-18 11:25:00,123.42,123.49,123.21,123.49,2424.733
2025-12-18 11:30:00,123.49,123.7,123.48,123.49,3043.828
2025-12-18 11:35:00,123.49,123.57,123.47,123.53,1257.38
2025-12-18 11:40:00,123.53,123.68,123.52,123.65,757.387
2025-12-18 11:45:00,123.65,123.99,123.64,123.94,4984.034
2025-12-18 11:50:00,123.94,123.95,123.82,123.82,2208.946
2025-12-18 11:55:00,123.82,124.02,123.82,124.02,1662.704
2025-12-18 12:00:00,124.02,124.27,124.02,124.12,2608.116
2025-12-18 12:05:00,124.12,124.17,123.94,124.0,1786.795
2025-12-18 12:10:00,124.0,124.04,123.71,123.72,1832.967
2025-12-18 12:15:00,123.72,123.81,123.65,123.78,1683.135
2025-12-18 12:20:00,123.78,123.94,123.78,123.87,1808.986
2025-12-18 12:25:00,123.87,123.89,123.72,123.77,1659.833
2025-12-18 12:30:00,123.77,124.14,123.74,124.07,2721.115
2025-12-18 12:35:00,124.07,124.5,124.01,124.43,4512.479
2025-12-18 12:40:00,124.43,124.52,124.35,124.39,2228.389
2025-12-18 12:45:00,124.39,124.42,123.99,124.01,2578.316
2025-12-18 12:50:00,124.01,124.07,123.81,123.85,2835.703
2025-12-18 12:55:00,123.85,124.03,123.85,123.97,1329.964
2025-12-18 13:00:00,123.97,124.81,123.96,124.65,6240.351
2025-12-18 13:05:00,124.65,124.8,124.18,124.67,3157.291
2025-12-18 13:10:00,124.67,124.95,124.36,124.77,10398.235
2025-12-18 13:15:00,124.77,124.88,124.4,124.71,9190.103
2025-12-18 13:20:00,124.71,124.97,124.56,124.58,7146.816
2025-12-18 13:25:00,124.58,124.65,124.4,124.51,5223.707
2025-12-18 13:30:00,124.51,125.69,124.51,125.26,17760.61
2025-12-18 13:35:00,125.26,125.54,124.66,125.46,9239.584
2025-12-18 13:40:00,125.46,126.32,125.44,126.09,17998.046
2025-12-18 13:45:00,126.09,126.72,125.9,126.63,15093.601
2025-12-18 13:50:00,126.63,126.88,126.37,126.52,21834.124
2025-12-18 13:55:00,126.52,126.68,126.33,126.4,7745.792
2025-12-18 14:00:00,126.4,127.57,126.39,127.43,16699.959
2025-12-18 14:05:00,127.43,127.92,127.09,127.11,24371.292
2025-12-18 14:10:00,127.11,127.14,125.25,125.42,19452.972
2025-12-18 14:15:00,125.42,126.66,125.41,126.51,13612.523
2025-12-18 14:20:00,126.51,126.81,126.1,126.32,6974.159
2025-12-18 14:25:00,126.32,126.42,125.87,126.35,7898.474
2025-12-18 14:30:00,126.35,127.37,125.86,126.18,23770.974
2025-12-18 14:35:00,126.18,126.35,125.19,125.62,12004.339
2025-12-18 14:40:00,125.62,125.88,124.81,124.94,12078.771
2025-12-18 14:45:00,124.94,125.8,124.78,125.3,10943.126
2025-12-18 14:50:00,125.3,126.07,125.25,126.06,6323.883
2025-12-18 14:55:00,126.06,126.07,125.67,125.88,3885.416
2025-12-18 15:00:00,125.88,126.48,125.61,126.38,18808.249
2025-12-18 15:05:00,126.38,127.24,126.35,126.81,16399.607
2025-12-18 15:10:00,126.81,126.89,125.75,125.97,9550.054
2025-12-18 15:15:00,125.97,127.18,125.86,127.08,15725.444
2025-12-18 15:20:00,127.08,127.48,127.02,127.18,12727.048
2025-12-18 15:25:00,127.18,128.33,127.12,128.33,17098.686
2025-12-18 15:30:00,128.33,128.74,127.85,128.12,17090.939
2025-12-18 15:35:00,128.12,129.02,128.12,128.89,21306.342
2025-12-18 15:40:00,128.89,128.92,128.2,128.27,14559.015
2025-12-18 15:45:00,128.27,128.31,127.82,127.86,9222.591
2025-12-18 15:50:00,127.86,128.06,127.52,127.74,5473.733
2025-12-18 15:55:00,127.74,127.87,127.24,127.39,7076.291
2025-12-18 16:00:00,127.39,127.49,126.95,127.07,12347.984
2025-12-18 16:05:00,127.07,127.34,126.8,127.05,6365.847
2025-12-18 16:10:00,127.05,127.25,126.69,126.75,4849.657
2025-12-18 16:15:00,126.75,127.02,126.27,126.38,7982.142
2025-12-18 16:20:00,126.38,126.68,126.27,126.41,3727.183
2025-12-18 16:25:00,126.41,126.57,126.09,126.56,10732.01
2025-12-18 16:30:00,126.56,126.77,126.41,126.47,4454.549
2025-12-18 16:35:00,126.47,127.25,126.46,127.06,8202.004
2025-12-18 16:40:00,127.06,127.21,127.0,127.09,5657.144
2025-12-18 16:45:00,127.09,127.18,126.79,126.79,4267.37
2025-12-18 16:50:00,126.79,127.18,126.74,127.02,2507.207
2025-12-18 16:55:00,127.02,127.11,126.7,126.85,2773.044
2025-12-18 17:00:00,126.85,126.9,126.14,126.31,6913.538
2025-12-18 17:05:00,126.31,126.31,123.92,123.92,25067.986
2025-12-18 17:10:00,123.92,124.28,123.2,123.53,23079.82
2025-12-18 17:15:00,123.53,123.54,122.0,122.77,42002.062
2025-12-18 17:20:00,122.77,122.84,120.81,121.18,29012.344
2025-12-18 17:25:00,121.18,122.26,120.6,122.04,27616.81
2025-12-18 17:30:00,122.04,122.62,121.53,122.6,11916.6
2025-12-18 17:35:00,122.6,122.6,121.91,122.34,6659.56
2025-12-18 17:40:00,122.34,123.28,122.34,123.04,11303.356
2025-12-18 17:45:00,123.04,123.19,122.81,122.85,10552.721
2025-12-18 17:50:00,122.85,123.06,122.38,122.88,8816.689
2025-12-18 17:55:00,122.88,123.09,122.61,122.98,4799.233
2025-12-18 18:00:00,122.98,123.11,122.8,123.03,3514.136
2025-12-18 18:05:00,123.03,123.27,122.89,123.21,4163.996
2025-12-18 18:10:00,123.21,123.94,123.07,123.62,13343.133
2025-12-18 18:15:00,123.62,123.63,123.12,123.3,4329.064
2025-12-18 18:20:00,123.3,123.58,123.0,123.23,2559.304
2025-12-18 18:25:00,123.23,123.3,122.63,122.76,3137.759
2025-12-18 18:30:00,122.76,122.92,122.43,122.51,6322.905
2025-12-18 18:35:00,122.51,123.16,122.49,123.09,3348.754
2025-12-18 18:40:00,123.09,123.15,122.73,122.74,6104.938
2025-12-18 18:45:00,122.74,122.74,122.13,122.32,4624.204
2025-12-18 18:50:00,122.32,122.4,121.22,121.43,10168.966
2025-12-18 18:55:00,121.43,121.66,121.22,121.55,7406.023
2025-12-18 19:00:00,121.55,121.65,120.69,120.71,21270.208
2025-12-18 19:05:00,120.71,121.56,120.67,121.53,8698.835
2025-12-18 19:10:00,121.53,121.55,121.02,121.06,3461.307
2025-12-18 19:15:00,121.06,121.29,120.44,120.99,21245.733
2025-12-18 19:20:00,120.99,121.22,120.66,120.69,6704.206
2025-12-18 19:25:00,120.69,121.0,120.53,120.85,5718.935
2025-12-18 19:30:00,120.85,121.13,120.2,120.23,8568.988
2025-12-18 19:35:00,120.23,120.23,118.34,118.51,23994.005
2025-12-18 19:40:00,118.51,118.68,117.55,118.22,20729.456
2025-12-18 19:45:00,118.22,118.5,117.6,118.22,15278.328
2025-12-18 19:50:00,118.22,118.28,117.43,118.09,13183.043
2025-12-18 19:55:00,118.09,118.11,117.52,117.57,8355.544
2025-12-18 20:00:00,117.57,118.83,117.54,118.65,13486.332
2025-12-18 20:05:00,118.65,119.0,117.98,118.05,8562.613
2025-12-18 20:10:00,118.05,118.58,118.05,118.31,8569.281
2025-12-18 20:15:00,118.31,118.31,118.0,118.08,5552.256
2025-12-18 20:20:00,118.08,118.31,118.0,118.22,5640.289
2025-12-18 20:25:00,118.22,118.28,117.63,117.76,7696.71
2025-12-18 20:30:00,117.76,117.91,117.51,117.83,6306.001
2025-12-18 20:35:00,117.83,117.89,117.48,117.72,4817.843
2025-12-18 20:40:00,117.72,118.17,117.52,117.93,3268.954
2025-12-18 20:45:00,117.93,118.04,117.57,117.85,7112.943
2025-12-18 20:50:00,117.85,117.94,117.5,117.65,6615.914
2025-12-18 20:55:00,117.65,117.67,116.91,117.26,11747.425
2025-12-18 21:00:00,117.26,118.2,117.11,118.0,16432.121
2025-12-18 21:05:00,118.0,118.06,117.61,117.87,4623.103
2025-12-18 21:10:00,117.87,117.95,117.57,117.92,3883.729
2025-12-18 21:15:00,117.92,118.34,117.82,118.17,10832.806
2025-12-18 21:20:00,118.17,118.32,117.89,117.99,4960.877
2025-12-18 21:25:00,117.99,118.8,117.95,118.77,15586.133
2025-12-18 21:30:00,118.77,119.24,118.69,119.1,15763.949
2025-12-18 21:35:00,119.1,119.16,118.52,118.52,5425.242
2025-12-18 21:40:00,118.52,118.73,118.26,118.71,4915.204
2025-12-18 21:45:00,118.71,119.48,118.6,119.37,8829.21
2025-12-18 21:50:00,119.37,119.58,119.2,119.31,8375.029
2025-12-18 21:55:00,119.31,120.21,119.16,120.09,19263.016
2025-12-18 22:00:00,120.09,120.11,119.6,119.72,4015.875
2025-12-18 22:05:00,119.72,120.0,119.6,119.85,3711.92
2025-12-18 22:10:00,119.85,119.87,119.26,119.38,2429.651
2025-12-18 22:15:00,119.38,119.48,119.31,119.39,1884.221
2025-12-18 22:20:00,119.39,119.44,119.2,119.38,2861.307
2025-12-18 22:25:00,119.38,119.59,119.21,119.57,3187.996
2025-12-18 22:30:00,119.57,119.86,119.53,119.68,3509.602
2025-12-18 22:35:00,119.68,120.04,119.55,119.87,5769.559
2025-12-18 22:40:00,119.87,120.12,119.76,119.91,2806.007
2025-12-18 22:45:00,119.91,120.04,119.72,120.02,2378.705
2025-12-18 22:50:00,120.02,120.07,119.9,119.98,5102.774
2025-12-18 22:55:00,119.98,120.05,119.75,119.8,1450.26
2025-12-18 23:00:00,119.8,119.87,119.62,119.62,2168.311
2025-12-18 23:05:00,119.62,119.82,119.53,119.74,2339.603
2025-12-18 23:10:00,119.74,119.96,119.74,119.93,7409.092
2025-12-18 23:15:00,119.93,119.97,119.79,119.79,1507.381
2025-12-18 23:20:00,119.79,119.8,119.35,119.54,3461.208
2025-12-18 23:25:00,119.54,119.57,119.42,119.53,3103.654
2025-12-18 23:30:00,119.53,119.83,119.51,119.65,2658.294
2025-12-18 23:35:00,119.65,119.76,119.55,119.58,2824.087
2025-12-18 23:40:00,119.58,119.58,119.31,119.39,2519.21
2025-12-18 23:45:00,119.39,119.48,119.32,119.4,4823.962
2025-12-18 23:50:00,119.4,119.72,119.32,119.68,4584.768
2025-12-18 23:55:00,119.68,119.69,119.59,119.62,814.525
2025-12-19 00:00:00,119.62,119.9,119.46,119.48,3676.998
2025-12-19 00:05:00,119.48,119.73,119.39,119.65,3264.813
2025-12-19 00:10:00,119.65,119.83,119.51,119.54,1939.269
2025-12-19 00:15:00,119.54,119.82,119.51,119.52,1862.958
2025-12-19 00:20:00,119.52,119.76,119.28,119.39,1697.932
2025-12-19 00:25:00,119.39,119.41,119.23,119.23,2118.552
2025-12-19 00:30:00,119.23,119.27,118.78,118.81,4090.362
2025-12-19 00:35:00,118.81,118.85,118.61,118.64,2643.32
2025-12-19 00:40:00,118.64,118.67,118.18,118.21,4001.823
2025-12-19 00:45:00,118.21,118.32,117.91,117.91,3956.52
2025-12-19 00:50:00,117.91,118.61,117.91,118.22,2965.491
2025-12-19 00:55:00,118.22,118.46,118.18,118.45,1795.216
2025-12-19 01:00:00,118.45,118.45,117.93,117.97,2034.36
2025-12-19 01:05:00,117.97,118.34,117.92,118.13,4462.598
2025-12-19 01:10:00,118.13,118.47,118.11,118.28,2703.843
2025-12-19 01:15:00,118.28,118.57,118.25,118.28,1874.565
2025-12-19 01:20:00,118.28,118.3,117.92,118.18,1859.947
2025-12-19 01:25:00,118.18,118.21,117.69,117.7,3338.32
2025-12-19 01:30:00,117.7,117.96,117.66,117.94,2896.617
2025-12-19 01:35:00,117.94,118.13,117.86,118.12,2677.1
2025-12-19 01:40:00,118.12,118.12,117.87,117.94,1271.748
2025-12-19 01:45:00,117.94,118.01,117.64,117.8,2465.837
2025-12-19 01:50:00,117.8,118.57,117.79,118.44,5280.845
2025-12-19 01:55:00,118.44,118.54,118.29,118.35,6446.181
2025-12-19 02:00:00,118.35,118.36,117.98,118.08,1428.78
2025-12-19 02:05:00,118.08,118.38,118.06,118.06,2585.778
2025-12-19 02:10:00,118.06,118.38,117.94,118.09,3271.827
2025-12-19 02:15:00,118.09,118.2,118.02,118.04,1785.226
2025-12-19 02:20:00,118.04,118.37,117.89,118.36,2037.906
2025-12-19 02:25:00,118.36,118.57,118.25,118.48,1786.063
2025-12-19 02:30:00,118.48,118.7,118.43,118.46,3598.98
2025-12-19 02:35:00,118.46,118.52,118.32,118.49,1272.84
2025-12-19 02:40:00,118.49,118.74,118.4,118.67,2715.541
2025-12-19 02:45:00,118.67,119.1,118.67,119.04,3516.689
2025-12-19 02:50:00,119.04,119.21,118.88,119.18,3703.136
2025-12-19 02:55:00,119.18,119.2,118.93,118.97,1318.561
2025-12-19 03:00:00,118.97,120.0,118.91,119.97,4858.852
2025-12-19 03:05:00,119.97,120.09,119.58,119.68,6923.455
2025-12-19 03:10:00,119.68,120.48,119.5,120.31,6221.633
2025-12-19 03:15:00,120.31,120.63,119.86,119.88,10757.857
2025-12-19 03:20:00,119.88,120.65,119.42,120.61,9401.207
2025-12-19 03:25:00,120.61,121.92,120.61,121.76,22663.584
2025-12-19 03:30:00,121.76,122.49,121.6,121.68,19324.283
2025-12-19 03:35:00,121.68,121.82,120.71,121.2,16620.682
2025-12-19 03:40:00,121.2,122.0,121.15,121.59,4887.538
2025-12-19 03:45:00,121.59,122.17,121.55,121.98,7907.733
2025-12-19 03:50:00,121.98,122.02,121.65,121.65,4594.003
2025-12-19 03:55:00,121.65,121.72,121.15,121.57,9413.95
2025-12-19 04:00:00,121.57,121.93,121.35,121.43,9684.982
2025-12-19 04:05:00,121.43,121.92,121.36,121.86,7726.257
2025-12-19 04:10:00,121.86,122.15,121.79,122.08,7839.968
2025-12-19 04:15:00,122.08,122.31,122.06,122.13,3861.698
2025-12-19 04:20:00,122.13,122.17,121.72,121.73,3128.172
2025-12-19 04:25:00,121.73,122.02,121.72,121.93,2136.145
2025-12-19 04:30:00,121.93,122.39,121.86,122.13,4404.611
2025-12-19 04:35:00,122.13,122.19,121.89,122.18,2481.307
2025-12-19 04:40:00,122.18,122.36,122.16,122.26,2344.751
2025-12-19 04:45:00,122.26,122.75,122.25,122.69,3424.614
2025-12-19 04:50:00,122.69,122.97,122.6,122.97,4545.58
2025-12-19 04:55:00,122.97,123.03,122.77,122.81,5757.921
2025-12-19 05:00:00,122.81,122.84,122.17,122.31,2869.476
2025-12-19 05:05:00,122.31,122.33,121.97,122.09,4795.348
2025-12-19 05:10:00,122.09,122.89,122.06,122.89,5878.659
2025-12-19 05:15:00,122.89,123.35,122.49,122.72,11516.921
2025-12-19 05:20:00,122.72,122.95,122.64,122.64,6144.093
2025-12-19 05:25:00,122.64,122.74,122.52,122.61,3365.618
2025-12-19 05:30:00,122.61,122.84,122.45,122.5,2787.645
2025-12-19 05:35:00,122.5,122.73,122.49,122.71,1915.371
2025-12-19 05:40:00,122.71,122.8,122.54,122.56,7377.733
2025-12-19 05:45:00,122.56,122.63,121.96,122.34,3659.86
2025-12-19 05:50:00,122.34,122.68,122.33,122.45,4467.141
2025-12-19 05:55:00,122.45,122.62,122.41,122.61,2578.674
2025-12-19 06:00:00,122.61,122.62,122.19,122.19,4960.691
2025-12-19 06:05:00,122.19,122.53,122.19,122.42,1799.152
2025-12-19 06:10:00,122.42,122.47,122.34,122.41,1440.14
2025-12-19 06:15:00,122.41,122.53,122.24,122.25,2064.73
2025-12-19 06:20:00,122.25,122.89,122.25,122.82,5732.474
2025-12-19 06:25:00,122.82,123.25,122.81,123.05,6648.261
2025-12-19 06:30:00,123.05,123.05,122.8,122.88,2440.465
2025-12-19 06:35:00,122.88,122.92,122.73,122.74,3185.879
2025-12-19 06:40:00,122.74,122.87,122.67,122.81,2384.538
2025-12-19 06:45:00,122.81,122.82,122.65,122.65,2457.782
2025-12-19 06:50:00,122.65,122.84,122.65,122.82,2509.828
2025-12-19 06:55:00,122.82,123.63,122.82,123.44,12801.482
2025-12-19 07:00:00,123.44,124.15,123.44,124.09,11297.131
2025-12-19 07:05:00,124.09,124.96,124.06,124.94,13451.873
2025-12-19 07:10:00,124.94,125.31,124.57,124.61,16290.41
2025-12-19 07:15:00,124.61,124.67,123.81,124.07,17849.053
2025-12-19 07:20:00,124.07,124.33,123.91,124.18,4709.044
2025-12-19 07:25:00,124.18,124.47,124.0,124.14,4386.137
2025-12-19 07:30:00,124.14,124.4,123.87,124.09,6935.922
2025-12-19 07:35:00,124.09,124.51,124.07,124.3,4949.189
2025-12-19 07:40:00,124.3,124.44,124.23,124.29,3283.466
2025-12-19 07:45:00,124.29,124.4,124.17,124.29,3124.75
2025-12-19 07:50:00,124.29,124.54,124.25,124.36,7719.485
2025-12-19 07:55:00,124.36,124.47,124.3,124.47,2875.47
2025-12-19 08:00:00,124.47,124.77,124.34,124.43,3949.555
2025-12-19 08:05:00,124.43,124.56,124.28,124.37,2394.728
2025-12-19 08:10:00,124.37,124.43,124.12,124.36,2761.554
2025-12-19 08:15:00,124.36,124.5,124.18,124.34,2275.602
2025-12-19 08:20:00,124.34,124.46,124.28,124.28,2271.138
2025-12-19 08:25:00,124.28,124.41,123.96,123.97,4658.77
2025-12-19 08:30:00,123.97,124.7,123.87,124.63,6202.127
2025-12-19 08:35:00,124.63,124.98,124.63,124.71,5364.627
2025-12-19 08:40:00,124.71,124.77,124.6,124.68,2772.19
2025-12-19 08:45:00,124.68,125.22,124.65,125.22,7067.549
2025-12-19 08:50:00,125.22,125.62,125.12,125.34,8589.01
2025-12-19 08:55:00,125.34,125.34,124.96,124.97,3605.151
2025-12-19 09:00:00,124.97,125.01,124.61,124.86,4227.378
2025-12-19 09:05:00,124.86,125.07,124.86,124.94,3404.123
2025-12-19 09:10:00,124.94,125.04,124.77,124.77,2375.34
2025-12-19 09:15:00,124.77,124.98,124.68,124.89,4225.365
2025-12-19 09:20:00,124.89,124.9,124.52,124.7,3491.271
2025-12-19 09:25:00,124.7,124.82,124.62,124.62,2262.376
2025-12-19 09:30:00,124.62,124.76,124.44,124.44,2489.691
2025-12-19 09:35:00,124.44,124.56,124.37,124.5,2070.729
2025-12-19 09:40:00,124.5,124.6,124.38,124.6,1525.377
2025-12-19 09:45:00,124.6,124.78,124.56,124.74,2482.959
2025-12-19 09:50:00,124.74,125.0,124.72,124.72,4696.25
2025-12-19 09:55:00,124.72,124.74,124.6,124.71,2120.697
2025-12-19 10:00:00,124.71,124.99,124.7,124.96,4144.217
2025-12-19 10:05:00,124.96,125.0,124.58,124.65,6049.656
2025-12-19 10:10:00,124.65,124.95,124.64,124.9,2388.085
2025-12-19 10:15:00,124.9,125.0,124.76,124.77,1745.266
2025-12-19 10:20:00,124.77,124.8,124.6,124.7,1867.769
2025-12-19 10:25:00,124.7,124.84,124.53,124.55,2311.144
2025-12-19 10:30:00,124.55,124.73,124.55,124.58,1799.005
2025-12-19 10:35:00,124.58,124.65,124.55,124.6,1236.767
2025-12-19 10:40:00,124.6,124.78,124.55,124.66,1904.869
2025-12-19 10:45:00,124.66,124.83,124.66,124.75,2094.969
2025-12-19 10:50:00,124.75,124.81,124.68,124.77,3020.267
2025-12-19 10:55:00,124.77,124.86,124.67,124.72,1977.407
2025-12-19 11:00:00,124.72,124.99,124.67,124.91,3077.41
2025-12-19 11:05:00,124.91,124.98,124.77,124.81,2648.065
2025-12-19 11:10:00,124.81,125.32,124.76,125.16,4331.249
2025-12-19 11:15:00,125.16,125.18,125.02,125.13,1970.588
2025-12-19 11:20:00,125.13,125.4,124.99,125.07,2676.206
2025-12-19 11:25:00,125.07,125.39,125.06,125.34,2626.291
2025-12-19 11:30:00,125.34,125.74,125.33,125.69,9087.923
2025-12-19 11:35:00,125.69,125.7,125.05,125.17,3317.951
2025-12-19 11:40:00,125.17,125.51,125.17,125.44,1268.523
2025-12-19 11:45:00,125.44,125.49,125.32,125.38,2648.049
2025-12-19 11:50:00,125.38,125.43,125.3,125.35,2388.753
2025-12-19 11:55:00,125.35,125.43,125.29,125.36,1159.264
2025-12-19 12:00:00,125.36,125.43,124.99,125.03,5234.972
2025-12-19 12:05:00,125.03,125.15,124.91,125.13,4367.258
2025-12-19 12:10:00,125.13,125.82,125.1,125.6,4157.02
2025-12-19 12:15:00,125.6,125.89,125.42,125.86,4642.702
2025-12-19 12:20:00,125.86,126.17,125.76,126.03,7898.295
2025-12-19 12:25:00,126.03,126.07,125.74,125.78,3909.87
2025-12-19 12:30:00,125.78,125.88,125.48,125.87,4319.42
2025-12-19 12:35:00,125.87,126.03,125.75,125.86,4485.302
2025-12-19 12:40:00,125.86,125.9,125.8,125.87,2164.286
2025-12-19 12:45:00,125.87,126.1,125.85,126.07,3796.743
2025-12-19 12:50:00,126.07,126.18,125.8,125.91,4408.175
2025-12-19 12:55:00,125.91,125.93,125.67,125.76,3519.117
2025-12-19 13:00:00,125.76,126.08,125.76,126.07,5692.604
2025-12-19 13:05:00,126.07,126.18,126.0,126.13,2726.754
2025-12-19 13:10:00,126.13,126.4,126.07,126.28,6652.171
2025-12-19 13:15:00,126.28,126.29,126.04,126.11,3041.481
2025-12-19 13:20:00,126.11,126.35,126.04,126.23,2657.964
2025-12-19 13:25:00,126.23,126.5,126.23,126.46,4361.91
2025-12-19 13:30:00,126.46,126.49,125.62,125.79,8740.964
2025-12-19 13:35:00,125.79,126.42,125.79,126.3,7513.575
2025-12-19 13:40:00,126.3,126.35,125.96,126.02,4266.193
2025-12-19 13:45:00,126.02,126.06,125.82,125.94,4793.844
2025-12-19 13:50:00,125.94,126.15,125.92,126.04,4813.533
2025-12-19 13:55:00,126.04,126.05,125.76,125.9,4982.046
2025-12-19 14:00:00,125.9,126.23,125.68,126.22,5822.18
2025-12-19 14:05:00,126.22,126.31,126.16,126.2,3877.466
2025-12-19 14:10:00,126.2,126.26,126.09,126.15,4430.725
2025-12-19 14:15:00,126.15,126.35,125.75,125.91,6503.34
2025-12-19 14:20:00,125.91,126.06,125.9,125.92,3973.953
2025-12-19 14:25:00,125.92,125.92,125.22,125.53,9230.687
2025-12-19 14:30:00,125.53,125.76,125.11,125.49,9467.568
2025-12-19 14:35:00,125.49,125.59,124.85,124.98,14327.613
2025-12-19 14:40:00,124.98,126.87,124.7,126.87,25998.777
2025-12-19 14:45:00,126.87,126.88,125.68,125.74,22106.854
2025-12-19 14:50:00,125.74,125.96,125.49,125.58,9079.777
2025-12-19 14:55:00,125.58,126.11,125.56,126.03,5179.307
2025-12-19 15:00:00,126.03,126.2,125.59,125.95,7133.531
2025-12-19 15:05:00,125.95,126.14,125.78,126.12,5958.351
2025-12-19 15:10:00,126.12,126.83,125.92,126.66,8320.476
2025-12-19 15:15:00,126.66,127.68,125.81,126.03,22586.242
2025-12-19 15:20:00,126.03,126.22,125.24,125.92,20751.79
2025-12-19 15:25:00,125.92,126.08,125.32,125.63,7865.663
2025-12-19 15:30:00,125.63,125.88,124.97,125.57,12553.925
2025-12-19 15:35:00,125.57,126.03,125.54,125.71,9463.717
2025-12-19 15:40:00,125.71,125.75,125.27,125.39,7809.151
2025-12-19 15:45:00,125.39,125.48,124.85,124.96,13841.686
2025-12-19 15:50:00,124.96,125.24,124.78,125.07,6207.938
2025-12-19 15:55:00,125.07,125.09,124.84,125.07,7570.743
2025-12-19 16:00:00,125.07,125.75,124.86,125.64,11549.524
2025-12-19 16:05:00,125.64,126.32,125.51,126.22,7163.928
2025-12-19 16:10:00,126.22,126.65,126.09,126.29,8357.741
2025-12-19 16:15:00,126.29,126.44,126.11,126.14,5900.574
2025-12-19 16:20:00,126.14,126.39,125.97,126.06,3449.685
2025-12-19 16:25:00,126.06,126.25,126.0,126.17,3975.662
2025-12-19 16:30:00,126.17,126.99,126.08,126.65,5753.458
2025-12-19 16:35:00,126.65,126.79,126.19,126.24,4386.246
2025-12-19 16:40:00,126.24,126.35,126.16,126.27,2510.75
2025-12-19 16:45:00,126.27,126.29,125.68,125.86,7396.296
2025-12-19 16:50:00,125.86,125.89,125.48,125.5,4639.524
2025-12-19 16:55:00,125.5,125.57,125.08,125.3,9143.406
2025-12-19 17:00:00,125.3,125.58,125.17,125.38,3777.986
2025-12-19 17:05:00,125.38,126.06,125.23,125.9,4699.822
2025-12-19 17:10:00,125.9,126.08,125.83,125.86,2152.165
2025-12-19 17:15:00,125.86,126.14,125.8,125.85,5528.588
2025-12-19 17:20:00,125.85,126.04,125.56,125.74,2107.732
2025-12-19 17:25:00,125.74,125.83,125.25,125.25,4160.179
2025-12-19 17:30:00,125.25,125.43,124.14,124.22,14919.782
2025-12-19 17:35:00,124.22,124.9,124.22,124.73,11449.111
2025-12-19 17:40:00,124.73,124.73,124.38,124.45,5341.405
2025-12-19 17:45:00,124.45,124.55,123.66,124.44,9017.843
2025-12-19 17:50:00,124.44,124.8,124.34,124.43,6441.533
2025-12-19 17:55:00,124.43,124.48,123.65,123.65,8913.631
2025-12-19 18:00:00,123.65,123.95,123.61,123.86,5776.288
2025-12-19 18:05:00,123.86,124.16,123.84,123.99,4462.693
2025-12-19 18:10:00,123.99,124.27,123.87,124.07,3568.605
2025-12-19 18:15:00,124.07,124.48,124.01,124.35,5338.402
2025-12-19 18:20:00,124.35,124.58,124.27,124.31,3621.933
2025-12-19 18:25:00,124.31,124.79,124.3,124.54,2731.006
2025-12-19 18:30:00,124.54,124.61,124.07,124.14,1925.844
2025-12-19 18:35:00,124.14,124.26,124.08,124.11,1812.833
2025-12-19 18:40:00,124.11,124.19,123.93,124.08,3771.882
2025-12-19 18:45:00,124.08,124.23,123.93,124.11,2134.757
2025-12-19 18:50:00,124.11,125.37,124.11,125.1,9906.235
2025-12-19 18:55:00,125.1,125.17,124.71,124.78,11472.803
2025-12-19 19:00:00,124.78,125.15,124.78,125.09,3085.358
2025-12-19 19:05:00,125.09,125.4,125.08,125.39,2363.104
2025-12-19 19:10:00,125.39,125.52,125.32,125.47,2085.348
2025-12-19 19:15:00,125.47,126.08,125.46,126.01,9070.871
2025-12-19 19:20:00,126.01,126.2,125.82,125.86,5023.916
2025-12-19 19:25:00,125.86,126.05,125.78,125.87,3118.873
2025-12-19 19:30:00,125.87,126.32,125.8,126.16,6479.22
2025-12-19 19:35:00,126.16,126.66,126.14,126.42,14791.357
2025-12-19 19:40:00,126.42,126.54,126.23,126.51,6350.389
2025-12-19 19:45:00,126.51,126.6,126.32,126.59,9980.034
2025-12-19 19:50:00,126.59,126.63,126.13,126.15,4603.627
2025-12-19 19:55:00,126.15,126.27,126.11,126.26,4167.184
2025-12-19 20:00:00,126.26,126.47,126.18,126.25,4527.932
2025-12-19 20:05:00,126.25,126.34,126.08,126.24,5170.139
2025-12-19 20:10:00,126.24,126.66,126.2,126.3,6250.155
2025-12-19 20:15:00,126.3,126.61,126.14,126.56,4266.516
2025-12-19 20:20:00,126.56,126.85,126.43,126.78,4955.162
2025-12-19 20:25:00,126.78,126.94,126.68,126.69,3790.083
2025-12-19 20:30:00,126.69,126.93,126.57,126.91,3854.55
2025-12-19 20:35:00,126.91,127.27,126.6,126.6,8402.793
2025-12-19 20:40:00,126.6,127.02,126.6,126.86,2606.44
2025-12-19 20:45:00,126.86,127.41,126.83,127.41,8039.523
2025-12-19 20:50:00,127.41,127.86,127.25,127.26,10510.987
2025-12-19 20:55:00,127.26,127.26,126.86,127.15,6803.088
2025-12-19 21:00:00,127.15,127.35,127.07,127.07,4889.329
2025-12-19 21:05:00,127.07,127.12,126.96,127.02,3423.692
2025-12-19 21:10:00,127.02,127.06,126.88,126.94,1729.063
2025-12-19 21:15:00,126.94,127.12,126.8,126.84,2765.37
2025-12-19 21:20:00,126.84,126.87,126.72,126.83,1761.712
2025-12-19 21:25:00,126.83,126.95,126.64,126.66,1152.506
2025-12-19 21:30:00,126.66,126.97,126.66,126.75,1420.512
2025-12-19 21:35:00,126.75,126.9,126.68,126.82,913.622
2025-12-19 21:40:00,126.82,126.88,126.66,126.66,1450.96
2025-12-19 21:45:00,126.66,126.77,126.52,126.57,2441.709
2025-12-19 21:50:00,126.57,126.9,126.49,126.84,16990.903
2025-12-19 21:55:00,126.84,126.92,126.72,126.79,10424.572
2025-12-19 22:00:00,126.79,127.34,126.79,127.21,2211.639
2025-12-19 22:05:00,127.21,127.4,127.02,127.1,3007.127
2025-12-19 22:10:00,127.1,127.15,126.8,126.82,2799.345
2025-12-19 22:15:00,126.82,127.07,126.82,127.02,1159.15
2025-12-19 22:20:00,127.02,127.05,126.94,127.02,1569.442
2025-12-19 22:25:00,127.02,127.12,126.92,126.99,2064.396
2025-12-19 22:30:00,126.99,127.05,126.78,126.87,1586.26
2025-12-19 22:35:00,126.87,127.07,126.79,127.0,1672.569
2025-12-19 22:40:00,127.0,127.11,126.94,126.97,2422.008
2025-12-19 22:45:00,126.97,127.02,126.84,127.0,1293.653
2025-12-19 22:50:00,127.0,127.18,126.95,126.98,1475.688
2025-12-19 22:55:00,126.98,127.0,126.86,126.86,1023.726
2025-12-19 23:00:00,126.86,126.86,126.53,126.57,2153.122
2025-12-19 23:05:00,126.57,126.65,126.47,126.56,1135.115
2025-12-19 23:10:00,126.56,126.59,126.4,126.42,877.522
2025-12-19 23:15:00,126.42,126.55,126.4,126.51,613.346
2025-12-19 23:20:00,126.51,126.59,126.46,126.55,1023.924
2025-12-19 23:25:00,126.55,126.61,126.51,126.6,714.343
2025-12-19 23:30:00,126.6,126.6,126.27,126.29,983.463
2025-12-19 23:35:00,126.29,126.34,126.19,126.3,1336.008
2025-12-19 23:40:00,126.3,126.45,126.28,126.38,538.444
2025-12-19 23:45:00,126.38,126.41,126.3,126.31,501.834
2025-12-19 23:50:00,126.31,126.31,126.14,126.21,1478.896
2025-12-19 23:55:00,126.21,126.28,126.19,126.27,611.046
2025-12-20 00:00:00,126.27,126.36,126.0,126.03,2362.745
2025-12-20 00:05:00,126.03,126.08,125.86,125.86,1228.149
2025-12-20 00:10:00,125.86,126.03,125.81,125.95,2160.608
2025-12-20 00:15:00,125.95,126.18,125.92,126.03,2592.245
2025-12-20 00:20:00,126.03,126.13,126.02,126.11,739.002
2025-12-20 00:25:00,126.11,126.17,126.0,126.12,1156.321
2025-12-20 00:30:00,126.12,126.17,125.94,126.06,926.012
2025-12-20 00:35:00,126.06,126.15,125.91,126.05,1675.743
2025-12-20 00:40:00,126.05,126.11,126.0,126.01,409.809
2025-12-20 00:45:00,126.01,126.02,125.89,125.9,1249.359
2025-12-20 00:50:00,125.9,125.93,125.6,125.68,4367.992
2025-12-20 00:55:00,125.68,125.91,125.67,125.78,1744.91
2025-12-20 01:00:00,125.78,125.86,125.66,125.77,1572.459
2025-12-20 01:05:00,125.77,125.83,125.71,125.83,1183.986
2025-12-20 01:10:00,125.83,125.85,125.75,125.75,964.995
2025-12-20 01:15:00,125.75,125.99,125.75,125.83,3450.548
2025-12-20 01:20:00,125.83,125.9,125.72,125.88,1833.828
2025-12-20 01:25:00,125.88,126.03,125.85,125.97,1212.529
2025-12-20 01:30:00,125.97,125.98,125.84,125.93,1472.797
2025-12-20 01:35:00,125.93,125.95,125.79,125.84,589.743
2025-12-20 01:40:00,125.84,125.84,125.7,125.73,1256.071
2025-12-20 01:45:00,125.73,125.86,125.69,125.8,2002.812
2025-12-20 01:50:00,125.8,125.83,125.66,125.66,464.406
2025-12-20 01:55:00,125.66,125.71,125.53,125.58,1547.908
2025-12-20 02:00:00,125.58,125.7,125.29,125.38,7922.177
2025-12-20 02:05:00,125.38,125.47,125.36,125.41,473.175
2025-12-20 02:10:00,125.41,125.55,125.39,125.5,980.176
2025-12-20 02:15:00,125.5,125.77,125.49,125.72,773.655
2025-12-20 02:20:00,125.72,125.72,125.56,125.57,1223.306
2025-12-20 02:25:00,125.57,125.62,125.56,125.6,597.283
2025-12-20 02:30:00,125.6,125.88,125.57,125.88,1138.195
2025-12-20 02:35:00,125.88,125.96,125.75,125.82,4811.261
2025-12-20 02:40:00,125.82,126.17,125.78,126.15,1406.48
2025-12-20 02:45:00,126.15,126.16,125.99,126.01,994.584
2025-12-20 02:50:00,126.01,126.02,125.91,125.91,1627.036
2025-12-20 02:55:00,125.91,125.93,125.83,125.85,803.506
2025-12-20 03:00:00,125.85,125.92,125.81,125.87,1509.532
2025-12-20 03:05:00,125.87,125.9,125.74,125.75,891.777
2025-12-20 03:10:00,125.75,125.76,125.51,125.58,1335.244
2025-12-20 03:15:00,125.58,125.72,125.58,125.68,778.239
2025-12-20 03:20:00,125.68,126.0,125.68,125.97,2248.706
2025-12-20 03:25:00,125.97,126.08,125.95,126.08,1464.402
2025-12-20 03:30:00,126.08,126.41,126.08,126.32,1219.815
2025-12-20 03:35:00,126.32,126.49,126.31,126.37,1318.238
2025-12-20 03:40:00,126.37,126.48,126.35,126.37,4012.467
2025-12-20 03:45:00,126.37,126.44,126.37,126.41,1031.099
2025-12-20 03:50:00,126.41,126.41,126.19,126.22,883.217
2025-12-20 03:55:00,126.22,126.26,126.13,126.2,539.815
2025-12-20 04:00:00,126.2,126.32,126.2,126.26,1059.656
2025-12-20 04:05:00,126.26,126.28,125.88,125.97,2630.169
2025-12-20 04:10:00,125.97,126.06,125.91,126.04,1166.723
2025-12-20 04:15:00,126.04,126.19,126.0,126.02,481.837
2025-12-20 04:20:00,126.02,126.2,126.01,126.13,8370.83
2025-12-20 04:25:00,126.13,126.32,126.11,126.26,1925.814
2025-12-20 04:30:00,126.26,126.38,126.25,126.36,1177.422
2025-12-20 04:35:00,126.36,126.45,126.29,126.38,2406.383
2025-12-20 04:40:00,126.38,126.39,126.3,126.36,494.079
2025-12-20 04:45:00,126.36,126.39,126.27,126.27,708.414
2025-12-20 04:50:00,126.27,126.39,126.12,126.3,1626.579
2025-12-20 04:55:00,126.3,126.3,126.16,126.28,525.455
2025-12-20 05:00:00,126.28,126.36,126.2,126.34,3348.72
2025-12-20 05:05:00,126.34,126.34,126.1,126.16,732.978
2025-12-20 05:10:00,126.16,126.39,126.16,126.28,1825.521
2025-12-20 05:15:00,126.28,126.33,126.24,126.31,1099.533
2025-12-20 05:20:00,126.31,126.48,126.23,126.36,1356.098
2025-12-20 05:25:00,126.36,126.54,126.36,126.5,3342.008
2025-12-20 05:30:00,126.5,126.68,126.47,126.59,999.144
2025-12-20 05:35:00,126.59,126.67,126.52,126.61,1015.542
2025-12-20 05:40:00,126.61,126.61,126.46,126.5,1422.247
2025-12-20 05:45:00,126.5,126.5,126.31,126.43,1059.492
2025-12-20 05:50:00,126.43,126.52,126.42,126.43,442.197
2025-12-20 05:55:00,126.43,126.44,126.38,126.38,522.764
2025-12-20 06:00:00,126.38,126.47,126.35,126.47,545.99
2025-12-20 06:05:00,126.47,126.59,126.45,126.53,791.171
2025-12-20 06:10:00,126.53,126.68,126.52,126.6,774.476
2025-12-20 06:15:00,126.6,126.62,126.53,126.58,426.366
2025-12-20 06:20:00,126.58,126.64,126.54,126.54,805.591
2025-12-20 06:25:00,126.54,126.54,126.45,126.46,531.059
2025-12-20 06:30:00,126.46,126.5,126.43,126.47,473.46
2025-12-20 06:35:00,126.47,126.49,126.37,126.4,575.694
2025-12-20 06:40:00,126.4,126.47,126.37,126.4,447.301
2025-12-20 06:45:00,126.4,126.42,126.25,126.4,974.743
2025-12-20 06:50:00,126.4,126.41,126.26,126.26,429.907
2025-12-20 06:55:00,126.26,126.3,126.22,126.26,612.528
2025-12-20 07:00:00,126.26,126.36,126.15,126.18,275.588
2025-12-20 07:05:00,126.18,126.2,126.12,126.13,577.494
2025-12-20 07:10:00,126.13,126.17,125.92,126.14,2178.721
2025-12-20 07:15:00,126.14,126.18,125.96,125.98,2525.41
2025-12-20 07:20:00,125.98,126.08,125.95,126.08,1181.273
2025-12-20 07:25:00,126.08,126.11,126.02,126.1,457.69
2025-12-20 07:30:00,126.1,126.24,126.01,126.24,1592.472
2025-12-20 07:35:00,126.24,126.24,126.07,126.09,1607.305
2025-12-20 07:40:00,126.09,126.3,126.06,126.23,866.737
2025-12-20 07:45:00,126.23,126.26,126.2,126.24,1534.452
2025-12-20 07:50:00,126.24,126.31,126.23,126.26,1317.66
2025-12-20 07:55:00,126.26,126.26,126.15,126.18,1710.886
2025-12-20 08:00:00,126.18,126.34,126.12,126.34,2034.49
2025-12-20 08:05:00,126.34,126.42,126.29,126.3,1734.382
2025-12-20 08:10:00,126.3,126.43,126.3,126.35,2051.419
2025-12-20 08:15:00,126.35,126.52,126.35,126.52,2248.98
2025-12-20 08:20:00,126.52,126.89,126.5,126.74,4837.105
2025-12-20 08:25:00,126.74,126.79,126.65,126.73,2021.798
2025-12-20 08:30:00,126.73,126.81,126.63,126.64,1984.226
2025-12-20 08:35:00,126.64,126.9,126.6,126.79,2799.075
2025-12-20 08:40:00,126.79,126.82,126.7,126.7,1378.41
2025-12-20 08:45:00,126.7,126.73,126.61,126.7,1669.39
2025-12-20 08:50:00,126.7,126.73,126.46,126.51,723.545
2025-12-20 08:55:00,126.51,126.52,126.41,126.46,1214.748
2025-12-20 09:00:00,126.46,126.67,126.43,126.59,1036.678
2025-12-20 09:05:00,126.59,126.62,126.49,126.51,1260.798
2025-12-20 09:10:00,126.51,126.61,126.5,126.59,1506.406
2025-12-20 09:15:00,126.59,126.61,126.52,126.57,994.96
2025-12-20 09:20:00,126.57,126.64,126.55,126.64,783.867
2025-12-20 09:25:00,126.64,126.64,126.54,126.62,1195.748
2025-12-20 09:30:00,126.62,126.71,126.56,126.64,541.416
2025-12-20 09:35:00,126.64,126.73,126.6,126.67,674.821
2025-12-20 09:40:00,126.67,126.7,126.56,126.59,1989.397
2025-12-20 09:45:00,126.59,126.61,126.47,126.52,1571.487
2025-12-20 09:50:00,126.52,126.56,126.36,126.37,1346.997
2025-12-20 09:55:00,126.37,126.4,126.22,126.24,1935.759
2025-12-20 10:00:00,126.24,126.36,126.24,126.34,843.114
2025-12-20 10:05:00,126.34,126.36,126.18,126.3,3214.769
2025-12-20 10:10:00,126.3,126.4,126.3,126.33,324.054
2025-12-20 10:15:00,126.33,126.35,126.15,126.18,2515.512
2025-12-20 10:20:00,126.18,126.2,126.07,126.07,2128.88
2025-12-20 10:25:00,126.07,126.16,126.03,126.07,1351.098
2025-12-20 10:30:00,126.07,126.16,126.02,126.02,1161.74
2025-12-20 10:35:00,126.02,126.12,126.0,126.09,859.854
2025-12-20 10:40:00,126.09,126.25,126.09,126.25,736.638
2025-12-20 10:45:00,126.25,126.25,126.08,126.14,633.691
2025-12-20 10:50:00,126.14,126.14,126.02,126.07,602.363
2025-12-20 10:55:00,126.07,126.09,126.0,126.06,611.235
2025-12-20 11:00:00,126.06,126.06,125.87,125.9,1756.399
2025-12-20 11:05:00,125.9,125.95,125.87,125.91,529.208
2025-12-20 11:10:00,125.91,125.98,125.85,125.93,1612.102
2025-12-20 11:15:00,125.93,126.03,125.93,125.98,989.837
2025-12-20 11:20:00,125.98,126.17,125.95,126.13,1966.259
2025-12-20 11:25:00,126.13,126.21,126.09,126.11,867.865
2025-12-20 11:30:00,126.11,126.26,126.09,126.25,658.204
2025-12-20 11:35:00,126.25,126.34,126.18,126.33,617.298
2025-12-20 11:40:00,126.33,126.46,126.27,126.39,1446.372
2025-12-20 11:45:00,126.39,126.39,126.3,126.35,613.199
2025-12-20 11:50:00,126.35,126.42,126.31,126.31,376.087
2025-12-20 11:55:00,126.31,126.5,126.31,126.47,1122.022
2025-12-20 12:00:00,126.47,126.48,126.3,126.37,343.809
2025-12-20 12:05:00,126.37,126.44,126.28,126.42,633.741
2025-12-20 12:10:00,126.42,126.44,126.27,126.34,740.256
2025-12-20 12:15:00,126.34,126.37,126.22,126.24,530.256
2025-12-20 12:20:00,126.24,126.27,126.19,126.2,639.403
2025-12-20 12:25:00,126.2,126.24,126.18,126.23,397.564
2025-12-20 12:30:00,126.23,126.24,126.11,126.11,403.84
2025-12-20 12:35:00,126.11,126.19,126.07,126.13,655.048
2025-12-20 12:40:00,126.13,126.15,126.07,126.12,368.942
2025-12-20 12:45:00,126.12,126.23,126.12,126.19,594.987
2025-12-20 12:50:00,126.19,126.34,126.19,126.3,1342.669
2025-12-20 12:55:00,126.3,126.32,126.26,126.26,1057.953
2025-12-20 13:00:00,126.26,126.38,126.25,126.35,720.049
2025-12-20 13:05:00,126.35,126.35,125.81,125.93,2872.635
2025-12-20 13:10:00,125.93,126.03,125.82,125.88,3085.313
2025-12-20 13:15:00,125.88,125.92,125.66,125.74,5562.066
2025-12-20 13:20:00,125.74,126.07,125.62,125.8,6730.206
2025-12-20 13:25:00,125.8,125.92,125.58,125.58,3490.214
2025-12-20 13:30:00,125.58,125.63,125.43,125.62,4447.706
2025-12-20 13:35:00,125.62,125.84,125.57,125.83,1938.112
2025-12-20 13:40:00,125.83,125.94,125.77,125.89,1249.189
2025-12-20 13:45:00,125.89,126.1,125.89,126.03,2356.378
2025-12-20 13:50:00,126.03,126.11,125.99,126.04,2273.412
2025-12-20 13:55:00,126.04,126.17,126.03,126.14,923.241
2025-12-20 14:00:00,126.14,126.19,125.81,125.88,2553.438
2025-12-20 14:05:00,125.88,125.89,125.57,125.66,3122.091
2025-12-20 14:10:00,125.66,125.74,125.65,125.71,1423.945
2025-12-20 14:15:00,125.71,125.89,125.71,125.88,2789.178
2025-12-20 14:20:00,125.88,125.97,125.87,125.92,1869.923
2025-12-20 14:25:00,125.92,125.96,125.9,125.94,1677.155
2025-12-20 14:30:00,125.94,126.05,125.92,126.02,2272.966
2025-12-20 14:35:00,126.02,126.14,126.02,126.12,2765.062
2025-12-20 14:40:00,126.12,126.24,125.98,126.24,3466.595
2025-12-20 14:45:00,126.24,126.37,126.22,126.29,5282.257
2025-12-20 14:50:00,126.29,126.42,126.25,126.39,4003.907
2025-12-20 14:55:00,126.39,126.41,126.3,126.37,1073.455
2025-12-20 15:00:00,126.37,126.39,126.15,126.25,3502.942
2025-12-20 15:05:00,126.25,126.33,126.23,126.32,1903.279
2025-12-20 15:10:00,126.32,126.38,126.27,126.35,1909.586
2025-12-20 15:15:00,126.35,126.36,126.0,126.03,4505.381
2025-12-20 15:20:00,126.03,126.23,126.03,126.14,2314.777
2025-12-20 15:25:00,126.14,126.22,126.13,126.2,1019.654
2025-12-20 15:30:00,126.2,126.31,126.2,126.3,1265.942
2025-12-20 15:35:00,126.3,126.33,126.28,126.29,1421.996
2025-12-20 15:40:00,126.29,126.55,126.29,126.53,3067.63
2025-12-20 15:45:00,126.53,126.56,126.46,126.54,3396.488
2025-12-20 15:50:00,126.54,126.65,126.54,126.6,3589.732
2025-12-20 15:55:00,126.6,126.67,126.57,126.59,3676.292
2025-12-20 16:00:00,126.59,126.69,126.44,126.49,2382.839
2025-12-20 16:05:00,126.49,126.5,126.42,126.46,1598.667
2025-12-20 16:10:00,126.46,126.51,126.36,126.49,3182.082
2025-12-20 16:15:00,126.49,126.69,126.48,126.57,3833.64
2025-12-20 16:20:00,126.57,126.57,126.51,126.54,1123.631
2025-12-20 16:25:00,126.54,126.55,126.26,126.27,2251.064
2025-12-20 16:30:00,126.27,126.3,126.19,126.2,1546.683
2025-12-20 16:35:00,126.2,126.3,126.15,126.18,1026.266
2025-12-20 16:40:00,126.18,126.22,126.11,126.17,1998.967
2025-12-20 16:45:00,126.17,126.32,126.15,126.3,777.466
2025-12-20 16:50:00,126.3,126.32,126.25,126.26,627.32
2025-12-20 16:55:00,126.26,126.32,126.24,126.32,913.515
2025-12-20 17:00:00,126.32,126.38,126.26,126.34,901.812
2025-12-20 17:05:00,126.34,126.47,126.18,126.19,853.059
2025-12-20 17:10:00,126.19,126.23,126.0,126.2,3538.753
2025-12-20 17:15:00,126.2,126.26,126.16,126.25,836.658
2025-12-20 17:20:00,126.25,126.27,126.2,126.24,611.939
2025-12-20 17:25:00,126.24,126.26,126.14,126.15,843.337
2025-12-20 17:30:00,126.15,126.25,126.15,126.21,1098.295
2025-12-20 17:35:00,126.21,126.23,126.08,126.1,714.571
2025-12-20 17:40:00,126.1,126.14,126.05,126.08,823.392
2025-12-20 17:45:00,126.08,126.14,126.06,126.12,739.922
2025-12-20 17:50:00,126.12,126.14,126.0,126.01,1116.638
2025-12-20 17:55:00,126.01,126.03,125.98,126.02,643.131
2025-12-20 18:00:00,126.02,126.08,125.85,125.87,2001.873
2025-12-20 18:05:00,125.87,125.9,125.73,125.8,2054.499
2025-12-20 18:10:00,125.8,125.85,125.75,125.81,1560.622
2025-12-20 18:15:00,125.81,126.0,125.8,125.96,1673.86
2025-12-20 18:20:00,125.96,125.96,125.85,125.89,615.954
2025-12-20 18:25:00,125.89,125.9,125.86,125.86,1299.532
2025-12-20 18:30:00,125.86,125.95,125.77,125.95,2193.313
2025-12-20 18:35:00,125.95,125.98,125.88,125.89,604.304
2025-12-20 18:40:00,125.89,125.97,125.89,125.94,1740.203
2025-12-20 18:45:00,125.94,125.96,125.84,125.86,977.483
2025-12-20 18:50:00,125.86,125.9,125.8,125.82,1978.842
2025-12-20 18:55:00,125.82,126.14,125.82,126.02,3579.562
2025-12-20 19:00:00,126.02,126.04,125.79,125.91,1168.969
2025-12-20 19:05:00,125.91,126.08,125.9,126.05,529.379
2025-12-20 19:10:00,126.05,126.19,126.03,126.16,964.34
2025-12-20 19:15:00,126.16,126.17,125.89,125.89,654.276
2025-12-20 19:20:00,125.89,126.02,125.89,125.99,500.385
2025-12-20 19:25:00,125.99,126.11,125.98,126.07,594.647
2025-12-20 19:30:00,126.07,126.1,125.98,126.07,1968.077
2025-12-20 19:35:00,126.07,126.1,126.0,126.03,559.736
2025-12-20 19:40:00,126.03,126.1,126.02,126.09,312.292
2025-12-20 19:45:00,126.09,126.1,126.0,126.07,683.185
2025-12-20 19:50:00,126.07,126.11,126.01,126.11,658.648
2025-12-20 19:55:00,126.11,126.15,126.05,126.06,771.092
2025-12-20 20:00:00,126.06,126.09,125.96,126.03,1208.805
2025-12-20 20:05:00,126.03,126.07,125.92,126.06,1213.352
2025-12-20 20:10:00,126.06,126.08,126.0,126.04,1009.138
2025-12-20 20:15:00,126.04,126.12,126.04,126.12,403.882
2025-12-20 20:20:00,126.12,126.14,126.09,126.11,208.409
2025-12-20 20:25:00,126.11,126.16,126.11,126.13,1145.573
2025-12-20 20:30:00,126.13,126.23,126.12,126.21,1419.752
2025-12-20 20:35:00,126.21,126.38,126.18,126.23,2540.125
2025-12-20 20:40:00,126.23,126.27,126.21,126.25,840.003
2025-12-20 20:45:00,126.25,126.32,126.25,126.32,724.157
2025-12-20 20:50:00,126.32,126.43,126.28,126.4,2397.123
2025-12-20 20:55:00,126.4,126.46,126.4,126.44,1565.702
2025-12-20 21:00:00,126.44,126.51,126.37,126.41,4100.542
2025-12-20 21:05:00,126.41,126.42,126.27,126.38,1839.079
2025-12-20 21:10:00,126.38,126.39,126.32,126.34,1624.763
2025-12-20 21:15:00,126.34,126.43,126.27,126.41,2170.604
2025-12-20 21:20:00,126.41,126.47,126.25,126.33,3699.987
2025-12-20 21:25:00,126.33,126.34,126.26,126.28,1571.296
2025-12-20 21:30:00,126.28,126.43,126.28,126.4,264.013
2025-12-20 21:35:00,126.4,126.56,126.39,126.46,2552.366
2025-12-20 21:40:00,126.46,126.49,126.43,126.47,800.959
2025-12-20 21:45:00,126.47,126.47,126.28,126.34,2054.395
2025-12-20 21:50:00,126.34,126.36,126.29,126.31,934.573
2025-12-20 21:55:00,126.31,126.36,126.24,126.34,1006.659
2025-12-20 22:00:00,126.34,126.39,126.34,126.37,838.846
2025-12-20 22:05:00,126.37,126.37,126.2,126.21,1046.349
2025-12-20 22:10:00,126.21,126.22,126.01,126.06,1491.168
2025-12-20 22:15:00,126.06,126.06,125.8,125.82,2774.523
2025-12-20 22:20:00,125.82,125.92,125.81,125.88,2948.289
2025-12-20 22:25:00,125.88,126.0,125.86,125.92,1038.533
2025-12-20 22:30:00,125.92,126.08,125.9,126.03,1371.443
2025-12-20 22:35:00,126.03,126.08,126.0,126.02,1255.953
2025-12-20 22:40:00,126.02,126.14,125.99,126.09,1200.984
2025-12-20 22:45:00,126.09,126.18,126.04,126.06,616.445
2025-12-20 22:50:00,126.06,126.26,126.03,126.17,1011.183
2025-12-20 22:55:00,126.17,126.25,126.03,126.06,1386.583
2025-12-20 23:00:00,126.06,126.1,125.82,125.82,2976.504
2025-12-20 23:05:00,125.82,125.91,125.82,125.88,1216.423
2025-12-20 23:10:00,125.88,125.97,125.82,125.91,622.048
2025-12-20 23:15:00,125.91,125.96,125.84,125.92,533.967
2025-12-20 23:20:00,125.92,125.97,125.62,125.76,2944.266
2025-12-20 23:25:00,125.76,125.84,125.73,125.76,1236.962
2025-12-20 23:30:00,125.76,125.79,125.63,125.67,1071.121
2025-12-20 23:35:00,125.67,125.76,125.64,125.7,682.188
2025-12-20 23:40:00,125.7,125.75,125.67,125.72,785.993
2025-12-20 23:45:00,125.72,125.86,125.72,125.81,469.553
2025-12-20 23:50:00,125.81,125.91,125.81,125.89,987.039
2025-12-20 23:55:00,125.89,125.92,125.79,125.83,418.568
2025-12-21 00:00:00,125.83,125.84,125.75,125.8,1331.606
2025-12-21 00:05:00,125.8,125.86,125.73,125.75,1238.476
2025-12-21 00:10:00,125.75,125.76,125.7,125.73,852.526
2025-12-21 00:15:00,125.73,125.9,125.72,125.9,2020.241
2025-12-21 00:20:00,125.9,126.1,125.85,126.08,2216.804
2025-12-21 00:25:00,126.08,126.13,125.99,125.99,1003.492
2025-12-21 00:30:00,125.99,126.04,125.87,125.9,953.209
2025-12-21 00:35:00,125.9,125.94,125.74,125.84,1148.316
2025-12-21 00:40:00,125.84,125.86,125.78,125.83,542.561
2025-12-21 00:45:00,125.83,125.97,125.8,125.88,952.15
2025-12-21 00:50:00,125.88,125.91,125.85,125.88,643.633
2025-12-21 00:55:00,125.88,126.06,125.84,126.02,1919.186
2025-12-21 01:00:00,126.02,126.02,125.87,125.9,1532.459
2025-12-21 01:05:00,125.9,126.04,125.88,125.9,1925.739
2025-12-21 01:10:00,125.9,125.91,125.78,125.79,1051.274
2025-12-21 01:15:00,125.79,125.88,125.77,125.84,3048.02
2025-12-21 01:20:00,125.84,125.86,125.74,125.74,1271.665
2025-12-21 01:25:00,125.74,125.76,125.68,125.68,2154.165
2025-12-21 01:30:00,125.68,125.72,125.59,125.6,2288.724
2025-12-21 01:35:00,125.6,125.65,125.3,125.47,10123.352
2025-12-21 01:40:00,125.47,125.48,125.3,125.32,3332.864
2025-12-21 01:45:00,125.32,125.47,125.3,125.45,3237.587
2025-12-21 01:50:00,125.45,125.46,125.35,125.37,1921.267
2025-12-21 01:55:00,125.37,125.38,125.08,125.1,5539.743
2025-12-21 02:00:00,125.1,125.36,124.89,125.26,14028.303
2025-12-21 02:05:00,125.26,125.26,125.02,125.1,2155.042
2025-12-21 02:10:00,125.1,125.22,124.99,125.18,2350.685
2025-12-21 02:15:00,125.18,125.19,125.0,125.12,1746.471
2025-12-21 02:20:00,125.12,125.12,124.91,124.92,1533.554
2025-12-21 02:25:00,124.92,125.07,124.71,125.02,3505.554
2025-12-21 02:30:00,125.02,125.06,124.89,125.02,2075.794
2025-12-21 02:35:00,125.02,125.07,124.74,124.78,4022.841
2025-12-21 02:40:00,124.78,124.8,124.67,124.76,1430.25
2025-12-21 02:45:00,124.76,124.91,124.7,124.73,1183.723
2025-12-21 02:50:00,124.73,124.89,124.7,124.85,1453.586
2025-12-21 02:55:00,124.85,124.95,124.77,124.9,967.588
2025-12-21 03:00:00,124.9,125.21,124.83,125.18,4113.246
2025-12-21 03:05:00,125.18,125.24,125.09,125.18,1523.043
2025-12-21 03:10:00,125.18,125.18,125.04,125.17,1511.569
2025-12-21 03:15:00,125.17,125.45,125.12,125.44,1386.723
2025-12-21 03:20:00,125.44,125.53,125.32,125.33,1552.594
2025-12-21 03:25:00,125.33,125.41,125.29,125.35,1933.788
2025-12-21 03:30:00,125.35,125.41,125.29,125.33,824.879
2025-12-21 03:35:00,125.33,125.34,125.06,125.19,787.667
2025-12-21 03:40:00,125.19,125.23,125.14,125.19,627.073
2025-12-21 03:45:00,125.19,125.29,125.13,125.27,1410.221
2025-12-21 03:50:00,125.27,125.3,125.19,125.24,1334.147
2025-12-21 03:55:00,125.24,125.31,125.2,125.22,1463.031
2025-12-21 04:00:00,125.22,125.27,125.14,125.25,926.446
2025-12-21 04:05:00,125.25,125.35,125.24,125.3,2140.861
2025-12-21 04:10:00,125.3,125.31,125.17,125.31,646.793
2025-12-21 04:15:00,125.31,125.36,125.26,125.36,301.025
2025-12-21 04:20:00,125.36,125.45,125.24,125.39,2110.098
2025-12-21 04:25:00,125.39,125.45,125.35,125.36,474.328
2025-12-21 04:30:00,125.36,125.44,125.28,125.29,347.692
2025-12-21 04:35:00,125.29,125.39,125.26,125.28,368.518
2025-12-21 04:40:00,125.28,125.3,125.2,125.21,946.474
2025-12-21 04:45:00,125.21,125.23,125.15,125.17,327.387
2025-12-21 04:50:00,125.17,125.21,125.13,125.18,460.899
2025-12-21 04:55:00,125.18,125.23,125.16,125.18,299.114
2025-12-21 05:00:00,125.18,125.21,125.05,125.11,423.577
2025-12-21 05:05:00,125.11,125.22,125.07,125.12,417.244
2025-12-21 05:10:00,125.12,125.31,125.12,125.26,677.619
2025-12-21 05:15:00,125.26,125.45,125.19,125.25,1141.713
2025-12-21 05:20:00,125.25,125.41,125.24,125.39,462.162
2025-12-21 05:25:00,125.39,125.43,125.36,125.41,440.246
2025-12-21 05:30:00,125.41,125.44,125.35,125.39,309.726
2025-12-21 05:35:00,125.39,125.44,125.31,125.38,674.539
2025-12-21 05:40:00,125.38,125.43,125.3,125.34,237.289
2025-12-21 05:45:00,125.34,125.34,125.2,125.23,694.69
2025-12-21 05:50:00,125.23,125.33,125.22,125.31,473.558
2025-12-21 05:55:00,125.31,125.36,125.29,125.31,617.325
2025-12-21 06:00:00,125.31,125.31,125.15,125.17,848.068
2025-12-21 06:05:00,125.17,125.25,125.14,125.23,270.395
2025-12-21 06:10:00,125.23,125.36,125.2,125.33,885.638
2025-12-21 06:15:00,125.33,125.49,125.31,125.36,339.496
2025-12-21 06:20:00,125.36,125.4,125.24,125.32,588.108
2025-12-21 06:25:00,125.32,125.35,125.21,125.24,514.271
2025-12-21 06:30:00,125.24,125.32,125.24,125.3,296.581
2025-12-21 06:35:00,125.3,125.35,125.26,125.3,283.469
2025-12-21 06:40:00,125.3,125.34,125.24,125.25,237.647
2025-12-21 06:45:00,125.25,125.37,125.25,125.3,434.746
2025-12-21 06:50:00,125.3,125.46,125.25,125.45,500.608
2025-12-21 06:55:00,125.45,125.45,125.39,125.41,375.683
2025-12-21 07:00:00,125.41,125.47,125.31,125.35,1119.666
2025-12-21 07:05:00,125.35,125.4,125.28,125.35,427.369
2025-12-21 07:10:00,125.35,125.41,125.35,125.41,360.499
2025-12-21 07:15:00,125.41,125.5,125.36,125.48,598.556
2025-12-21 07:20:00,125.48,125.52,125.39,125.39,1941.917
2025-12-21 07:25:00,125.39,125.48,125.38,125.44,1876.533
2025-12-21 07:30:00,125.44,125.44,125.32,125.36,746.736
2025-12-21 07:35:00,125.36,125.41,125.27,125.27,763.961
2025-12-21 07:40:00,125.27,125.35,125.21,125.24,572.405
2025-12-21 07:45:00,125.24,125.33,125.19,125.33,962.069
2025-12-21 07:50:00,125.33,125.38,125.24,125.28,692.391
2025-12-21 07:55:00,125.28,125.32,125.24,125.31,833.744
2025-12-21 08:00:00,125.31,125.31,125.08,125.1,991.886
2025-12-21 08:05:00,125.1,125.13,124.8,124.92,3694.434
2025-12-21 08:10:00,124.92,125.06,124.9,125.02,3282.937
2025-12-21 08:15:00,125.02,125.13,124.93,125.1,2691.363
2025-12-21 08:20:00,125.1,125.18,124.96,125.18,1378.565
2025-12-21 08:25:00,125.18,125.3,125.14,125.29,3130.952
2025-12-21 08:30:00,125.29,125.8,125.22,125.52,5334.936
2025-12-21 08:35:00,125.52,125.55,125.38,125.45,1577.583
2025-12-21 08:40:00,125.45,125.92,125.37,125.72,2734.956
2025-12-21 08:45:00,125.72,125.85,125.48,125.6,1746.246
2025-12-21 08:50:00,125.6,125.62,125.49,125.52,794.934
2025-12-21 08:55:00,125.52,125.62,125.51,125.56,1756.316
2025-12-21 09:00:00,125.56,126.0,125.56,125.9,5660.148
2025-12-21 09:05:00,125.9,125.93,125.47,125.72,1518.728
2025-12-21 09:10:00,125.72,125.85,125.71,125.84,2813.364
2025-12-21 09:15:00,125.84,126.05,125.7,125.82,4022.063
2025-12-21 09:20:00,125.82,125.94,125.8,125.91,2690.216
2025-12-21 09:25:00,125.91,125.95,125.83,125.84,876.143
2025-12-21 09:30:00,125.84,126.29,125.83,126.29,2109.648
2025-12-21 09:35:00,126.29,126.35,126.08,126.23,6554.291
2025-12-21 09:40:00,126.23,126.25,126.08,126.16,937.192
2025-12-21 09:45:00,126.16,126.32,126.13,126.3,3432.891
2025-12-21 09:50:00,126.3,126.58,126.3,126.5,6340.771
2025-12-21 09:55:00,126.5,126.54,126.22,126.29,2639.993
2025-12-21 10:00:00,126.29,126.63,126.29,126.52,6175.083
2025-12-21 10:05:00,126.52,126.54,126.32,126.52,2244.359
2025-12-21 10:10:00,126.52,126.54,126.3,126.35,1220.199
2025-12-21 10:15:00,126.35,126.45,126.32,126.41,1117.496
2025-12-21 10:20:00,126.41,126.45,126.23,126.23,2362.465
2025-12-21 10:25:00,126.23,126.34,126.2,126.29,926.037
2025-12-21 10:30:00,126.29,126.32,125.88,125.88,2566.822
2025-12-21 10:35:00,125.88,126.22,125.8,126.18,2224.824
2025-12-21 10:40:00,126.18,126.22,125.94,125.99,2070.784
2025-12-21 10:45:00,125.99,126.05,125.85,125.93,971.015
2025-12-21 10:50:00,125.93,125.95,125.77,125.8,1084.513
2025-12-21 10:55:00,125.8,125.84,125.6,125.84,2518.291
2025-12-21 11:00:00,125.84,125.84,125.61,125.62,1407.661
2025-12-21 11:05:00,125.62,125.83,125.6,125.75,1021.896
2025-12-21 11:10:00,125.75,125.77,125.66,125.7,885.197
2025-12-21 11:15:00,125.7,125.75,125.58,125.64,1437.159
2025-12-21 11:20:00,125.64,125.88,125.63,125.69,1650.985
2025-12-21 11:25:00,125.69,125.69,125.5,125.51,2841.024
2025-12-21 11:30:00,125.51,125.54,125.41,125.46,4284.913
2025-12-21 11:35:00,125.46,125.51,125.4,125.42,3384.3
2025-12-21 11:40:00,125.42,125.46,125.34,125.38,2516.351
2025-12-21 11:45:00,125.38,125.5,125.36,125.47,2237.387
2025-12-21 11:50:00,125.47,125.5,125.42,125.47,1596.09
2025-12-21 11:55:00,125.47,125.51,125.42,125.49,6892.268
2025-12-21 12:00:00,125.49,125.64,125.45,125.59,2728.226
2025-12-21 12:05:00,125.59,125.83,125.57,125.69,1649.43
2025-12-21 12:10:00,125.69,125.83,125.69,125.8,1007.383
2025-12-21 12:15:00,125.8,126.01,125.79,125.91,2312.896
2025-12-21 12:20:00,125.91,126.08,125.91,126.02,6487.093
2025-12-21 12:25:00,126.02,126.05,125.88,125.89,4275.509
2025-12-21 12:30:00,125.89,126.02,125.76,125.88,1058.66
2025-12-21 12:35:00,125.88,125.97,125.78,125.79,638.738
2025-12-21 12:40:00,125.79,125.81,125.15,125.24,4669.984
2025-12-21 12:45:00,125.24,125.54,125.11,125.49,6550.306
2025-12-21 12:50:00,125.49,125.55,125.39,125.4,2592.658
2025-12-21 12:55:00,125.4,125.6,125.27,125.57,4889.386
2025-12-21 13:00:00,125.57,125.62,124.5,124.61,8033.036
2025-12-21 13:05:00,124.61,124.93,124.29,124.85,10822.035
2025-12-21 13:10:00,124.85,125.08,124.74,124.75,3548.799
2025-12-21 13:15:00,124.75,124.75,124.49,124.68,5422.041
2025-12-21 13:20:00,124.68,124.78,124.45,124.54,7897.604
2025-12-21 13:25:00,124.54,124.55,124.25,124.31,3727.265
2025-12-21 13:30:00,124.31,124.35,123.45,123.9,16252.137
2025-12-21 13:35:00,123.9,124.03,123.66,123.85,6990.404
2025-12-21 13:40:00,123.85,124.0,123.66,123.82,2984.738
2025-12-21 13:45:00,123.82,123.93,123.45,123.71,4627.332
2025-12-21 13:50:00,123.71,123.75,123.47,123.74,4753.249
2025-12-21 13:55:00,123.74,123.77,123.52,123.65,2944.53
2025-12-21 14:00:00,123.65,124.12,123.49,124.03,7467.775
2025-12-21 14:05:00,124.03,124.7,124.01,124.45,4528.015
2025-12-21 14:10:00,124.45,124.47,124.07,124.11,1887.382
2025-12-21 14:15:00,124.11,124.36,124.11,124.28,1908.375
2025-12-21 14:20:00,124.28,124.37,124.2,124.32,1241.469
2025-12-21 14:25:00,124.32,124.32,123.94,124.12,1241.17
2025-12-21 14:30:00,124.12,124.38,124.09,124.32,812.888
2025-12-21 14:35:00,124.32,124.38,123.92,124.2,2976.374
2025-12-21 14:40:00,124.2,124.33,124.15,124.31,732.135
2025-12-21 14:45:00,124.31,124.38,124.18,124.37,883.313
2025-12-21 14:50:00,124.37,124.46,124.24,124.45,1012.347
2025-12-21 14:55:00,124.45,124.45,124.36,124.41,428.914
2025-12-21 15:00:00,124.41,124.46,124.12,124.12,980.294
2025-12-21 15:05:00,124.12,124.15,124.02,124.1,1424.894
2025-12-21 15:10:00,124.1,124.28,124.05,124.08,653.641
2025-12-21 15:15:00,124.08,124.19,124.01,124.07,1188.901
2025-12-21 15:20:00,124.07,124.38,124.0,124.33,1151.931
2025-12-21 15:25:00,124.33,124.34,124.14,124.27,1003.11
2025-12-21 15:30:00,124.27,124.51,124.25,124.36,1689.388
2025-12-21 15:35:00,124.36,124.6,124.36,124.39,1061.411
2025-12-21 15:40:00,124.39,124.41,123.96,124.15,2972.309
2025-12-21 15:45:00,124.15,124.3,124.05,124.25,1780.379
2025-12-21 15:50:00,124.25,125.26,124.24,125.19,15278.068
2025-12-21 15:55:00,125.19,125.21,124.99,125.04,2284.829
2025-12-21 16:00:00,125.04,125.19,124.93,125.13,6694.345
2025-12-21 16:05:00,125.13,125.27,125.07,125.15,4092.401
2025-12-21 16:10:00,125.15,125.16,124.79,124.81,3634.439
2025-12-21 16:15:00,124.81,125.05,124.79,125.02,2087.231
2025-12-21 16:20:00,125.02,125.51,125.01,125.4,4320.31
2025-12-21 16:25:00,125.4,125.6,125.4,125.43,6400.551
2025-12-21 16:30:00,125.43,125.56,125.42,125.44,6089.824
2025-12-21 16:35:00,125.44,125.53,125.36,125.4,4353.403
2025-12-21 16:40:00,125.4,125.46,125.35,125.45,3024.17
2025-12-21 16:45:00,125.45,125.5,125.19,125.32,5888.958
2025-12-21 16:50:00,125.32,125.45,125.31,125.33,3290.761
2025-12-21 16:55:00,125.33,125.48,125.32,125.48,1714.656
2025-12-21 17:00:00,125.48,125.55,125.44,125.51,7585.966
2025-12-21 17:05:00,125.51,126.12,125.38,125.96,9484.064
2025-12-21 17:10:00,125.96,126.18,125.91,126.15,4759.675
2025-12-21 17:15:00,126.15,126.35,126.08,126.25,7912.803
2025-12-21 17:20:00,126.25,126.27,126.05,126.07,4157.597
2025-12-21 17:25:00,126.07,126.08,125.65,125.8,3402.814
2025-12-21 17:30:00,125.8,125.89,125.7,125.87,2057.309
2025-12-21 17:35:00,125.87,125.91,125.66,125.8,2514.912
2025-12-21 17:40:00,125.8,125.87,125.74,125.78,1904.965
2025-12-21 17:45:00,125.78,125.8,125.63,125.63,1933.31
2025-12-21 17:50:00,125.63,125.67,125.45,125.47,2159.986
2025-12-21 17:55:00,125.47,125.53,125.45,125.48,1028.317
2025-12-21 18:00:00,125.48,125.49,124.79,124.86,4027.481
2025-12-21 18:05:00,124.86,124.9,124.57,124.63,2920.981
2025-12-21 18:10:00,124.63,124.68,124.41,124.44,4354.401
2025-12-21 18:15:00,124.44,124.71,124.37,124.6,2174.768
2025-12-21 18:20:00,124.6,124.61,124.46,124.47,2087.028
2025-12-21 18:25:00,124.47,124.74,124.47,124.73,1010.425
2025-12-21 18:30:00,124.73,125.01,124.71,124.93,1437.709
2025-12-21 18:35:00,124.93,125.19,124.87,125.13,2358.899
2025-12-21 18:40:00,125.13,125.22,125.1,125.17,699.209
2025-12-21 18:45:00,125.17,125.23,125.06,125.1,830.561
2025-12-21 18:50:00,125.1,125.23,125.05,125.12,1100.638
2025-12-21 18:55:00,125.12,125.26,125.12,125.12,890.668
2025-12-21 19:00:00,125.12,125.54,125.12,125.27,2099.004
2025-12-21 19:05:00,125.27,125.39,125.22,125.3,1032.765
2025-12-21 19:10:00,125.3,125.36,125.23,125.26,329.614
2025-12-21 19:15:00,125.26,125.36,125.26,125.32,480.67
2025-12-21 19:20:00,125.32,125.43,125.31,125.41,816.649
2025-12-21 19:25:00,125.41,125.43,125.36,125.38,853.848
2025-12-21 19:30:00,125.38,125.4,125.05,125.18,1806.051
2025-12-21 19:35:00,125.18,125.59,125.17,125.51,985.698
2025-12-21 19:40:00,125.51,125.62,125.46,125.48,2386.701
2025-12-21 19:45:00,125.48,125.5,125.4,125.47,1690.306
2025-12-21 19:50:00,125.47,125.86,125.47,125.78,2842.516
2025-12-21 19:55:00,125.78,125.84,125.65,125.68,1589.21
2025-12-21 20:00:00,125.68,125.78,125.64,125.74,1449.428
2025-12-21 20:05:00,125.74,125.77,125.61,125.61,1453.72
2025-12-21 20:10:00,125.61,125.68,125.55,125.56,1320.361
2025-12-21 20:15:00,125.56,125.7,125.56,125.65,1845.386
2025-12-21 20:20:00,125.65,125.68,125.56,125.58,2400.929
2025-12-21 20:25:00,125.58,125.6,125.45,125.51,1062.486
2025-12-21 20:30:00,125.51,125.62,125.5,125.6,1081.863
2025-12-21 20:35:00,125.6,125.7,125.57,125.68,720.293
2025-12-21 20:40:00,125.68,125.79,125.68,125.77,665.681
2025-12-21 20:45:00,125.77,125.79,125.6,125.62,2181.107
2025-12-21 20:50:00,125.62,125.67,125.42,125.45,926.672
2025-12-21 20:55:00,125.45,125.46,125.28,125.36,1305.508
2025-12-21 21:00:00,125.36,125.36,125.05,125.17,1537.132
2025-12-21 21:05:00,125.17,125.28,125.06,125.2,827.536
2025-12-21 21:10:00,125.2,125.32,125.18,125.18,524.318
2025-12-21 21:15:00,125.18,125.32,125.16,125.31,546.445
2025-12-21 21:20:00,125.31,125.4,125.14,125.2,406.27
2025-12-21 21:25:00,125.2,125.29,125.17,125.2,647.702
2025-12-21 21:30:00,125.2,125.35,125.17,125.29,1375.728
2025-12-21 21:35:00,125.29,125.36,125.13,125.14,460.097
2025-12-21 21:40:00,125.14,125.22,125.01,125.07,874.422
2025-12-21 21:45:00,125.07,125.08,124.7,124.72,1463.427
2025-12-21 21:50:00,124.72,124.94,124.68,124.89,1407.881
2025-12-21 21:55:00,124.89,124.96,124.84,124.9,657.963
2025-12-21 22:00:00,124.9,124.99,124.76,124.99,571.701
2025-12-21 22:05:00,124.99,125.03,124.94,125.0,933.778
2025-12-21 22:10:00,125.0,125.23,124.82,125.2,1507.024
2025-12-21 22:15:00,125.2,125.41,124.99,125.02,1140.476
2025-12-21 22:20:00,125.02,125.14,124.98,125.06,378.397
2025-12-21 22:25:00,125.06,125.3,125.02,125.29,891.82
2025-12-21 22:30:00,125.29,125.42,125.18,125.3,1357.819
2025-12-21 22:35:00,125.3,125.41,125.28,125.33,1123.729
2025-12-21 22:40:00,125.33,125.65,125.3,125.51,3095.395
2025-12-21 22:45:00,125.51,125.52,125.38,125.51,1333.466
2025-12-21 22:50:00,125.51,125.77,125.46,125.77,1925.447
2025-12-21 22:55:00,125.77,125.91,125.75,125.85,2786.951
2025-12-21 23:00:00,125.85,126.32,125.85,126.07,7606.609
2025-12-21 23:05:00,126.07,126.14,125.73,126.01,2435.816
2025-12-21 23:10:00,126.01,126.07,125.7,125.72,1884.564
2025-12-21 23:15:00,125.72,126.14,125.7,125.98,2346.384
2025-12-21 23:20:00,125.98,126.15,125.95,126.12,1937.208
2025-12-21 23:25:00,126.12,126.17,125.81,125.84,2596.628
2025-12-21 23:30:00,125.84,125.84,125.52,125.55,2338.435
2025-12-21 23:35:00,125.55,126.03,125.54,126.0,1525.709
2025-12-21 23:40:00,126.0,126.1,125.88,125.89,1398.202
2025-12-21 23:45:00,125.89,126.06,125.89,126.01,612.337
2025-12-21 23:50:00,126.01,126.16,125.99,126.03,1869.7
2025-12-21 23:55:00,126.03,126.08,125.97,126.06,848.726
2025-12-22 00:00:00,126.06,126.27,125.99,126.06,3088.79
2025-12-22 00:05:00,126.06,126.33,126.04,126.28,1386.34
2025-12-22 00:10:00,126.28,127.65,126.27,127.59,20237.157
2025-12-22 00:15:00,127.59,128.5,126.98,127.04,16569.369
2025-12-22 00:20:00,127.04,127.12,126.5,126.6,5718.803
2025-12-22 00:25:00,126.6,126.97,126.39,126.88,2462.413
2025-12-22 00:30:00,126.88,127.03,126.43,126.6,2508.019
2025-12-22 00:35:00,126.6,127.25,126.46,127.13,2856.63
2025-12-22 00:40:00,127.13,127.36,126.8,126.95,1931.544
2025-12-22 00:45:00,126.95,127.15,126.73,126.96,4410.505
2025-12-22 00:50:00,126.96,127.07,126.44,126.53,4970.076
2025-12-22 00:55:00,126.53,126.7,126.23,126.25,3063.868
2025-12-22 01:00:00,126.25,126.73,126.18,126.49,8377.798
2025-12-22 01:05:00,126.49,126.73,126.29,126.48,3576.631
2025-12-22 01:10:00,126.48,126.76,126.45,126.69,2282.296
2025-12-22 01:15:00,126.69,127.01,126.63,126.99,1168.577
2025-12-22 01:20:00,126.99,127.35,126.91,127.12,2396.152
2025-12-22 01:25:00,127.12,127.12,126.95,126.98,1038.838
2025-12-22 01:30:00,126.98,127.19,126.92,126.96,3148.726
2025-12-22 01:35:00,126.96,127.29,126.93,127.27,3030.609
2025-12-22 01:40:00,127.27,127.3,126.96,126.98,1731.02
2025-12-22 01:45:00,126.98,127.07,126.75,126.77,2347.936
2025-12-22 01:50:00,126.77,126.86,125.79,125.96,6888.134
2025-12-22 01:55:00,125.96,126.19,125.96,126.02,1978.565
2025-12-22 02:00:00,126.02,126.04,125.65,125.75,3456.805
2025-12-22 02:05:00,125.75,125.79,124.54,125.28,12212.611
2025-12-22 02:10:00,125.28,125.35,124.92,125.03,4618.697
2025-12-22 02:15:00,125.03,125.07,124.61,124.83,5729.232
2025-12-22 02:20:00,124.83,125.32,124.77,125.26,3592.343
2025-12-22 02:25:00,125.26,125.37,124.96,125.0,2379.622
2025-12-22 02:30:00,125.0,125.33,124.91,125.19,3683.435
2025-12-22 02:35:00,125.19,125.49,125.16,125.41,3003.658
2025-12-22 02:40:00,125.41,125.46,125.12,125.23,2523.471
2025-12-22 02:45:00,125.23,125.38,125.19,125.3,2629.615
2025-12-22 02:50:00,125.3,125.49,125.24,125.39,4166.712
2025-12-22 02:55:00,125.39,125.42,125.22,125.23,2695.32
2025-12-22 03:00:00,125.23,125.26,125.05,125.08,6767.784
2025-12-22 03:05:00,125.08,125.48,124.93,125.47,5030.376
2025-12-22 03:10:00,125.47,125.76,125.22,125.33,3450.929
2025-12-22 03:15:00,125.33,125.62,125.28,125.58,2511.351
2025-12-22 03:20:00,125.58,126.16,125.56,126.11,2348.133
2025-12-22 03:25:00,126.11,126.16,125.96,126.13,1858.537
2025-12-22 03:30:00,126.13,126.5,126.06,126.11,3892.082
2025-12-22 03:35:00,126.11,126.3,125.96,126.02,2126.909
2025-12-22 03:40:00,126.02,126.18,126.0,126.04,553.531
2025-12-22 03:45:00,126.04,126.19,125.82,125.85,958.845
2025-12-22 03:50:00,125.85,125.94,125.77,125.91,884.435
2025-12-22 03:55:00,125.91,126.08,125.89,126.02,1563.256
2025-12-22 04:00:00,126.02,126.12,125.9,125.99,879.655
2025-12-22 04:05:00,125.99,126.02,125.86,125.9,1078.932
2025-12-22 04:10:00,125.9,126.15,125.86,125.86,3301.236
2025-12-22 04:15:00,125.86,126.2,125.85,126.1,2481.655
2025-12-22 04:20:00,126.1,126.36,126.06,126.29,5342.322
2025-12-22 04:25:00,126.29,126.45,126.15,126.39,1016.808
2025-12-22 04:30:00,126.39,126.43,126.08,126.13,921.687
2025-12-22 04:35:00,126.13,126.36,125.96,126.22,638.921
2025-12-22 04:40:00,126.22,126.44,126.13,126.32,6963.274
2025-12-22 04:45:00,126.32,126.62,126.2,126.61,2499.371
2025-12-22 04:50:00,126.61,126.73,126.52,126.57,1293.383
2025-12-22 04:55:00,126.57,126.65,126.43,126.52,1786.33
2025-12-22 05:00:00,126.52,126.6,126.46,126.55,1395.193
2025-12-22 05:05:00,126.55,126.7,126.46,126.48,1504.417
2025-12-22 05:10:00,126.48,126.56,126.35,126.44,1375.227
2025-12-22 05:15:00,126.44,126.54,126.41,126.52,1011.064
2025-12-22 05:20:00,126.52,126.53,126.36,126.36,1920.795
2025-12-22 05:25:00,126.36,126.43,126.16,126.19,1225.525
2025-12-22 05:30:00,126.19,126.24,126.08,126.21,648.276
2025-12-22 05:35:00,126.21,126.52,126.13,126.46,1136.023
2025-12-22 05:40:00,126.46,126.49,126.33,126.44,741.394
2025-12-22 05:45:00,126.44,126.63,126.44,126.47,880.7
2025-12-22 05:50:00,126.47,126.54,126.45,126.47,807.451
2025-12-22 05:55:00,126.47,126.53,126.28,126.3,848.511
2025-12-22 06:00:00,126.3,126.32,126.12,126.18,1167.263
2025-12-22 06:05:00,126.18,126.23,126.08,126.12,297.77
2025-12-22 06:10:00,126.12,126.17,125.96,126.05,1346.972
2025-12-22 06:15:00,126.05,126.5,126.0,126.5,1565.13
2025-12-22 06:20:00,126.5,126.54,126.32,126.43,1362.517
2025-12-22 06:25:00,126.43,126.43,126.16,126.21,977.647
2025-12-22 06:30:00,126.21,126.36,126.21,126.24,654.398
2025-12-22 06:35:00,126.24,126.33,126.13,126.17,1017.56
2025-12-22 06:40:00,126.17,126.38,126.11,126.31,626.663
2025-12-22 06:45:00,126.31,126.33,126.08,126.14,345.925
2025-12-22 06:50:00,126.14,126.14,125.91,126.09,4644.029
2025-12-22 06:55:00,126.09,126.11,125.78,125.78,2540.176
2025-12-22 07:00:00,125.78,126.04,125.6,126.0,4818.665
2025-12-22 07:05:00,126.0,126.5,125.91,126.37,4126.121
2025-12-22 07:10:00,126.37,126.48,126.33,126.47,1116.577
2025-12-22 07:15:00,126.47,126.54,126.33,126.38,2006.951
2025-12-22 07:20:00,126.38,126.5,126.3,126.39,1083.952
2025-12-22 07:25:00,126.39,126.45,126.32,126.39,1269.905
2025-12-22 07:30:00,126.39,126.47,126.28,126.4,1215.633
2025-12-22 07:35:00,126.4,126.44,126.16,126.18,798.71
2025-12-22 07:40:00,126.18,126.41,126.17,126.35,725.016
2025-12-22 07:45:00,126.35,126.45,126.26,126.33,4160.873
2025-12-22 07:50:00,126.33,126.38,126.2,126.26,1526.176
2025-12-22 07:55:00,126.26,126.4,126.2,126.32,1030.623
2025-12-22 08:00:00,126.32,126.58,126.28,126.47,998.38
2025-12-22 08:05:00,126.47,126.53,126.19,126.22,1202.462
2025-12-22 08:10:00,126.22,126.27,126.06,126.21,1675.233
2025-12-22 08:15:00,126.21,126.76,126.21,126.76,4354.244
2025-12-22 08:20:00,126.76,127.24,126.76,126.86,7983.463
2025-12-22 08:25:00,126.86,127.29,126.85,127.2,3142.557
2025-12-22 08:30:00,127.2,127.35,126.89,126.95,6216.491
2025-12-22 08:35:00,126.95,126.95,126.79,126.89,1822.407
2025-12-22 08:40:00,126.89,127.0,126.83,126.88,1698.237
2025-12-22 08:45:00,126.88,126.98,126.51,126.6,2487.647
2025-12-22 08:50:00,126.6,126.6,126.13,126.2,5774.043
2025-12-22 08:55:00,126.2,126.21,125.65,125.66,6492.328
2025-12-22 09:00:00,125.66,125.75,125.53,125.62,6927.639
2025-12-22 09:05:00,125.62,125.88,125.61,125.83,2241.676
2025-12-22 09:10:00,125.83,126.02,125.65,125.67,6387.358
2025-12-22 09:15:00,125.67,126.09,125.67,126.07,2064.523
2025-12-22 09:20:00,126.07,126.07,125.84,125.85,4905.17
2025-12-22 09:25:00,125.85,125.96,125.78,125.92,4053.199
2025-12-22 09:30:00,125.92,126.26,125.78,126.25,2527.125
2025-12-22 09:35:00,126.25,126.3,126.1,126.14,1160.618
2025-12-22 09:40:00,126.14,126.23,125.83,125.96,1339.112
2025-12-22 09:45:00,125.96,126.1,125.9,126.03,1268.104
2025-12-22 09:50:00,126.03,126.12,125.97,126.11,1210.217
2025-12-22 09:55:00,126.11,126.34,126.06,126.2,6440.687
2025-12-22 10:00:00,126.2,126.25,125.87,125.96,2392.723
2025-12-22 10:05:00,125.96,126.1,125.95,126.07,931.356
2025-12-22 10:10:00,126.07,126.26,126.0,126.26,1900.946
2025-12-22 10:15:00,126.26,126.7,126.24,126.54,3252.384
2025-12-22 10:20:00,126.54,126.57,126.38,126.56,2490.401
2025-12-22 10:25:00,126.56,126.67,126.47,126.53,2301.387
2025-12-22 10:30:00,126.53,126.71,126.52,126.66,1691.767
2025-12-22 10:35:00,126.66,126.83,126.64,126.76,2338.073
2025-12-22 10:40:00,126.76,126.89,126.72,126.85,3748.104
2025-12-22 10:45:00,126.85,126.85,126.67,126.69,2854.89
2025-12-22 10:50:00,126.69,126.8,126.67,126.74,2913.934
2025-12-22 10:55:00,126.74,126.78,126.61,126.7,1384.245
2025-12-22 11:00:00,126.7,126.83,126.58,126.67,1861.853
2025-12-22 11:05:00,126.67,126.83,126.62,126.74,1437.136
2025-12-22 11:10:00,126.74,126.78,126.63,126.65,1048.935
2025-12-22 11:15:00,126.65,126.69,126.36,126.49,1629.952
2025-12-22 11:20:00,126.49,126.66,126.48,126.59,1218.845
2025-12-22 11:25:00,126.59,126.84,126.56,126.81,1361.839
2025-12-22 11:30:00,126.81,126.99,126.76,126.89,1110.681
2025-12-22 11:35:00,126.89,127.17,126.74,126.9,5822.113
2025-12-22 11:40:00,126.9,127.09,126.89,127.03,1551.265
2025-12-22 11:45:00,127.03,127.44,127.03,127.16,4161.496
2025-12-22 11:50:00,127.16,127.31,127.05,127.2,1642.073
2025-12-22 11:55:00,127.2,127.26,126.98,126.99,3279.498
2025-12-22 12:00:00,126.99,127.16,126.98,127.14,3188.595
2025-12-22 12:05:00,127.14,127.14,126.99,127.02,1159.304
2025-12-22 12:10:00,127.02,127.06,126.68,127.01,2213.247
2025-12-22 12:15:00,127.01,127.26,127.01,127.21,6084.33
2025-12-22 12:20:00,127.21,127.45,127.13,127.24,2366.196
2025-12-22 12:25:00,127.24,127.35,127.2,127.28,2973.71
2025-12-22 12:30:00,127.28,127.7,127.01,127.07,8844.597
2025-12-22 12:35:00,127.07,127.17,126.84,126.98,4362.759
2025-12-22 12:40:00,126.98,127.0,126.72,126.92,1699.181
2025-12-22 12:45:00,126.92,127.02,126.77,126.9,1579.27
2025-12-22 12:50:00,126.9,126.94,126.82,126.85,1189.071
2025-12-22 12:55:00,126.85,127.02,126.85,126.99,1024.339
2025-12-22 13:00:00,126.99,127.08,126.89,126.95,1486.959
2025-12-22 13:05:00,126.95,127.0,126.61,126.81,4294.882
2025-12-22 13:10:00,126.81,126.84,126.68,126.77,1260.352
2025-12-22 13:15:00,126.77,126.8,126.61,126.63,1557.896
2025-12-22 13:20:00,126.63,126.96,126.5,126.59,2171.413
2025-12-22 13:25:00,126.59,126.9,126.58,126.87,1506.966
2025-12-22 13:30:00,126.87,126.91,126.55,126.67,3043.806
2025-12-22 13:35:00,126.67,126.7,126.56,126.65,1345.971
2025-12-22 13:40:00,126.65,126.69,126.36,126.45,5502.961
2025-12-22 13:45:00,126.45,126.7,126.43,126.69,2359.73
2025-12-22 13:50:00,126.69,126.89,126.69,126.88,1849.98
2025-12-22 13:55:00,126.88,127.09,126.88,127.04,4270.805
2025-12-22 14:00:00,127.04,127.21,127.02,127.19,2080.593
2025-12-22 14:05:00,127.19,127.34,127.0,127.01,2982.158
2025-12-22 14:10:00,127.01,127.15,126.95,127.14,7967.834
2025-12-22 14:15:00,127.14,127.56,127.13,127.51,14180.147
2025-12-22 14:20:00,127.51,127.53,127.17,127.2,2592.838
2025-12-22 14:25:00,127.2,127.55,127.2,127.43,2970.625
2025-12-22 14:30:00,127.43,128.26,126.78,127.25,14547.306
2025-12-22 14:35:00,127.25,127.29,126.67,127.11,6861.065
2025-12-22 14:40:00,127.11,127.28,126.5,127.25,3478.786
2025-12-22 14:45:00,127.25,127.96,127.06,127.7,7043.175
2025-12-22 14:50:00,127.7,127.99,127.47,127.98,4179.939
2025-12-22 14:55:00,127.98,128.1,127.73,127.83,4199.602
2025-12-22 15:00:00,127.83,128.12,127.54,127.95,3235.469
2025-12-22 15:05:00,127.95,128.4,127.86,128.35,6227.665
2025-12-22 15:10:00,128.35,128.75,127.57,127.57,10726.553
2025-12-22 15:15:00,127.57,127.91,127.46,127.74,3426.927
2025-12-22 15:20:00,127.74,127.93,126.77,127.43,6853.915
2025-12-22 15:25:00,127.43,127.52,127.22,127.36,1965.833
2025-12-22 15:30:00,127.36,127.45,126.96,127.27,2278.605
2025-12-22 15:35:00,127.27,127.3,126.42,126.77,7643.052
2025-12-22 15:40:00,126.77,127.3,126.76,127.1,7715.766
2025-12-22 15:45:00,127.1,127.3,126.88,127.18,2668.765
2025-12-22 15:50:00,127.18,127.65,127.17,127.6,3403.869
2025-12-22 15:55:00,127.6,128.27,127.57,128.06,4803.449
2025-12-22 16:00:00,128.06,128.36,127.96,128.08,3384.106
2025-12-22 16:05:00,128.08,128.09,127.69,127.76,5175.961
2025-12-22 16:10:00,127.76,128.08,127.75,127.94,6622.049
2025-12-22 16:15:00,127.94,128.19,127.88,127.99,6826.314
2025-12-22 16:20:00,127.99,128.23,127.93,128.06,3125.357
2025-12-22 16:25:00,128.06,128.3,127.97,128.22,6893.269
2025-12-22 16:30:00,128.22,128.22,127.57,127.68,3372.214
2025-12-22 16:35:00,127.68,127.82,127.4,127.7,3821.444
2025-12-22 16:40:00,127.7,127.87,127.45,127.46,3449.811
2025-12-22 16:45:00,127.46,127.6,127.27,127.29,7375.808
2025-12-22 16:50:00,127.29,127.47,127.17,127.17,1668.795
2025-12-22 16:55:00,127.17,127.34,127.13,127.23,1305.821
2025-12-22 17:00:00,127.23,127.33,127.05,127.07,2206.603
2025-12-22 17:05:00,127.07,127.07,126.63,126.66,6456.847
2025-12-22 17:10:00,126.66,126.88,126.56,126.8,3527.056
2025-12-22 17:15:00,126.8,127.03,126.49,127.02,7212.487
2025-12-22 17:20:00,127.02,127.06,126.77,127.0,1930.632
2025-12-22 17:25:00,127.0,127.19,126.9,127.05,4736.353
2025-12-22 17:30:00,127.05,127.18,126.91,126.96,1202.985
2025-12-22 17:35:00,126.96,127.13,126.91,127.06,3432.421
2025-12-22 17:40:00,127.06,127.11,126.88,126.89,2038.952
2025-12-22 17:45:00,126.89,126.92,126.67,126.77,1013.719
2025-12-22 17:50:00,126.77,127.1,126.75,126.77,1913.392
2025-12-22 17:55:00,126.77,126.94,126.75,126.92,829.783
2025-12-22 18:00:00,126.92,127.21,126.91,126.96,3443.317
2025-12-22 18:05:00,126.96,126.98,126.7,126.76,993.422
2025-12-22 18:10:00,126.76,126.93,126.63,126.86,1044.567
2025-12-22 18:15:00,126.86,127.21,126.7,126.85,1147.726
2025-12-22 18:20:00,126.85,126.89,126.52,126.83,1547.04
2025-12-22 18:25:00,126.83,126.98,126.8,126.95,617.655
2025-12-22 18:30:00,126.95,127.29,126.87,127.03,5424.802
2025-12-22 18:35:00,127.03,127.26,126.96,127.25,797.565
2025-12-22 18:40:00,127.25,127.49,127.14,127.14,1547.836
2025-12-22 18:45:00,127.14,127.32,127.12,127.22,1096.263
2025-12-22 18:50:00,127.22,127.23,126.85,126.86,2372.445
2025-12-22 18:55:00,126.86,126.93,126.37,126.52,7261.344
2025-12-22 19:00:00,126.52,126.52,126.11,126.12,12840.064
2025-12-22 19:05:00,126.12,126.12,125.71,126.12,8367.543
2025-12-22 19:10:00,126.12,126.18,125.75,125.8,5324.703
2025-12-22 19:15:00,125.8,126.03,125.74,126.01,2038.102
2025-12-22 19:20:00,126.01,126.15,125.85,125.87,3389.426
2025-12-22 19:25:00,125.87,125.89,125.35,125.43,7491.279
2025-12-22 19:30:00,125.43,125.53,125.02,125.1,8439.542
2025-12-22 19:35:00,125.1,125.39,124.95,125.27,6951.884
2025-12-22 19:40:00,125.27,125.31,125.1,125.15,4596.085
2025-12-22 19:45:00,125.15,125.21,124.9,124.99,3981.828
2025-12-22 19:50:00,124.99,125.12,124.76,124.9,6401.01
2025-12-22 19:55:00,124.9,125.01,124.65,124.66,10559.809
2025-12-22 20:00:00,124.66,125.08,124.6,125.02,6217.653
2025-12-22 20:05:00,125.02,125.27,124.94,125.16,1920.714
2025-12-22 20:10:00,125.16,125.25,124.97,125.0,1424.663
2025-12-22 20:15:00,125.0,125.02,124.25,124.68,14222.373
2025-12-22 20:20:00,124.68,124.72,124.41,124.62,2467.698
2025-12-22 20:25:00,124.62,124.73,124.51,124.62,1870.11
2025-12-22 20:30:00,124.62,124.95,124.41,124.87,3328.955
2025-12-22 20:35:00,124.87,124.9,124.6,124.73,1467.391
2025-12-22 20:40:00,124.73,124.95,124.67,124.89,3326.543
2025-12-22 20:45:00,124.89,125.24,124.73,124.83,6087.488
2025-12-22 20:50:00,124.83,124.84,124.41,124.53,4304.966
2025-12-22 20:55:00,124.53,124.74,124.4,124.44,4216.194
2025-12-22 21:00:00,124.44,124.72,124.37,124.56,5274.002
2025-12-22 21:05:00,124.56,124.82,124.41,124.69,2774.702
2025-12-22 21:10:00,124.69,124.74,124.49,124.73,1814.032
2025-12-22 21:15:00,124.73,124.76,124.53,124.65,1080.503
2025-12-22 21:20:00,124.65,124.9,124.45,124.88,2597.65
2025-12-22 21:25:00,124.88,125.05,124.79,125.05,3238.329
2025-12-22 21:30:00,125.05,125.24,125.03,125.05,1702.534
2025-12-22 21:35:00,125.05,125.46,124.86,125.4,4169.041
2025-12-22 21:40:00,125.4,125.6,125.3,125.45,2419.468
2025-12-22 21:45:00,125.45,125.45,125.01,125.14,1435.903
2025-12-22 21:50:00,125.14,125.22,124.88,125.18,2364.821
2025-12-22 21:55:00,125.18,125.23,125.11,125.22,1170.676
2025-12-22 22:00:00,125.22,125.25,125.02,125.23,2000.481
2025-12-22 22:05:00,125.23,125.32,125.08,125.18,1121.233
2025-12-22 22:10:00,125.18,125.5,125.15,125.29,2922.266
2025-12-22 22:15:00,125.29,125.64,125.27,125.64,1953.415
2025-12-22 22:20:00,125.64,125.7,125.46,125.55,3081.283
2025-12-22 22:25:00,125.55,125.6,125.42,125.6,1078.165
2025-12-22 22:30:00,125.6,125.64,125.49,125.52,2164.824
2025-12-22 22:35:00,125.52,125.52,125.35,125.48,1276.266
2025-12-22 22:40:00,125.48,125.79,125.45,125.54,2994.252
2025-12-22 22:45:00,125.54,125.58,125.29,125.37,1610.695
2025-12-22 22:50:00,125.37,126.05,125.36,125.88,3478.298
2025-12-22 22:55:00,125.88,125.89,125.63,125.86,3654.286
2025-12-22 23:00:00,125.86,125.87,125.45,125.62,2176.04
2025-12-22 23:05:00,125.62,125.8,125.53,125.75,1324.194
2025-12-22 23:10:00,125.75,125.95,125.62,125.87,1032.241
2025-12-22 23:15:00,125.87,125.88,125.65,125.78,3260.774
2025-12-22 23:20:00,125.78,125.9,125.77,125.85,982.276
2025-12-22 23:25:00,125.85,125.93,125.75,125.86,1016.9
2025-12-22 23:30:00,125.86,125.95,125.68,125.78,796.577
2025-12-22 23:35:00,125.78,125.79,125.55,125.62,993.991
2025-12-22 23:40:00,125.62,125.77,125.59,125.74,749.836
2025-12-22 23:45:00,125.74,125.77,125.62,125.66,1353.382
2025-12-22 23:50:00,125.66,125.92,125.65,125.89,1374.153
2025-12-22 23:55:00,125.89,125.94,125.85,125.93,2536.154
2025-12-23 00:00:00,125.93,126.0,125.78,125.93,1146.726
2025-12-23 00:05:00,125.93,126.04,125.91,126.02,2682.976
2025-12-23 00:10:00,126.02,126.07,125.99,126.04,869.144
2025-12-23 00:15:00,126.04,126.3,126.01,126.29,4529.675
2025-12-23 00:20:00,126.29,126.29,126.08,126.19,1670.873
2025-12-23 00:25:00,126.19,126.43,126.19,126.27,2372.306
2025-12-23 00:30:00,126.27,126.42,126.12,126.36,1848.062
2025-12-23 00:35:00,126.36,126.6,126.35,126.52,3227.115
2025-12-23 00:40:00,126.52,126.56,126.24,126.33,2624.35
2025-12-23 00:45:00,126.33,126.53,126.29,126.5,1238.482
2025-12-23 00:50:00,126.5,126.7,126.5,126.7,3883.812
2025-12-23 00:55:00,126.7,126.93,126.68,126.74,2835.388
2025-12-23 01:00:00,126.74,126.82,126.53,126.75,2563.193
2025-12-23 01:05:00,126.75,126.79,126.48,126.52,1514.367
2025-12-23 01:10:00,126.52,126.58,126.39,126.4,818.395
2025-12-23 01:15:00,126.4,126.67,126.35,126.38,1076.312
2025-12-23 01:20:00,126.38,126.46,126.34,126.38,691.95
2025-12-23 01:25:00,126.38,126.47,126.35,126.39,973.247
2025-12-23 01:30:00,126.39,126.6,126.25,126.25,1117.614
2025-12-23 01:35:00,126.25,126.32,126.02,126.02,904.983
2025-12-23 01:40:00,126.02,126.12,125.93,126.08,1276.704
2025-12-23 01:45:00,126.08,126.22,126.02,126.2,1071.754
2025-12-23 01:50:00,126.2,126.49,126.2,126.22,858.785
2025-12-23 01:55:00,126.22,126.27,126.12,126.21,445.383
2025-12-23 02:00:00,126.21,126.24,125.76,125.85,2660.358
2025-12-23 02:05:00,125.85,126.48,125.85,126.42,1411.583
2025-12-23 02:10:00,126.42,126.5,126.25,126.32,902.226
2025-12-23 02:15:00,126.32,126.49,126.32,126.38,1353.813
2025-12-23 02:20:00,126.38,126.48,126.26,126.44,2469.011
2025-12-23 02:25:00,126.44,126.56,126.22,126.48,1040.275
2025-12-23 02:30:00,126.48,126.61,126.37,126.41,1301.726
2025-12-23 02:35:00,126.41,126.43,125.76,125.76,2093.536
2025-12-23 02:40:00,125.76,125.91,125.61,125.72,2022.758
2025-12-23 02:45:00,125.72,125.88,125.5,125.86,2627.982
2025-12-23 02:50:00,125.86,125.96,125.64,125.65,1316.393
2025-12-23 02:55:00,125.65,125.75,125.6,125.64,3272.665
2025-12-23 03:00:00,125.64,125.68,125.36,125.37,2440.317
2025-12-23 03:05:00,125.37,125.4,124.9,125.25,6267.089
2025-12-23 03:10:00,125.25,125.5,125.2,125.47,2396.351
2025-12-23 03:15:00,125.47,125.91,125.45,125.71,2844.283
2025-12-23 03:20:00,125.71,125.73,125.38,125.38,2129.612
2025-12-23 03:25:00,125.38,125.61,125.38,125.52,2615.462
2025-12-23 03:30:00,125.52,125.69,125.45,125.63,3123.995
2025-12-23 03:35:00,125.63,125.96,125.59,125.91,4095.154
2025-12-23 03:40:00,125.91,126.14,125.87,126.03,2613.193
2025-12-23 03:45:00,126.03,126.03,125.77,125.86,2011.304
2025-12-23 03:50:00,125.86,125.86,125.66,125.69,1284.839
2025-12-23 03:55:00,125.69,125.84,125.62,125.63,3108.442
2025-12-23 04:00:00,125.63,125.64,125.44,125.51,2675.221
2025-12-23 04:05:00,125.51,125.91,125.5,125.89,3107.639
2025-12-23 04:10:00,125.89,126.09,125.78,125.82,995.71
2025-12-23 04:15:00,125.82,125.88,125.7,125.88,475.636
2025-12-23 04:20:00,125.88,126.03,125.76,125.99,452.32
2025-12-23 04:25:00,125.99,125.99,125.82,125.82,340.869
2025-12-23 04:30:00,125.82,125.88,125.56,125.65,790.766
2025-12-23 04:35:00,125.65,125.69,125.51,125.63,695.325
2025-12-23 04:40:00,125.63,125.72,125.53,125.6,1878.223
2025-12-23 04:45:00,125.6,125.66,125.55,125.57,603.266
2025-12-23 04:50:00,125.57,125.6,125.41,125.53,2822.89
2025-12-23 04:55:00,125.53,125.55,125.41,125.42,925.766
2025-12-23 05:00:00,125.42,125.51,125.26,125.28,1356.049
2025-12-23 05:05:00,125.28,125.36,125.06,125.31,2529.874
2025-12-23 05:10:00,125.31,125.34,125.14,125.16,852.527
2025-12-23 05:15:00,125.16,125.32,125.01,125.19,1343.367
2025-12-23 05:20:00,125.19,125.34,125.16,125.3,765.652
2025-12-23 05:25:00,125.3,125.35,125.25,125.32,414.925
2025-12-23 05:30:00,125.32,125.32,124.61,124.65,4888.7
2025-12-23 05:35:00,124.65,125.1,124.55,124.99,3941.02
2025-12-23 05:40:00,124.99,125.08,124.95,125.02,1587.078
2025-12-23 05:45:00,125.02,125.05,124.9,125.05,1086.889
2025-12-23 05:50:00,125.05,125.19,125.04,125.16,1462.135
2025-12-23 05:55:00,125.16,125.19,125.0,125.0,809.611
2025-12-23 06:00:00,125.0,125.13,124.88,125.0,2672.402
2025-12-23 06:05:00,125.0,125.31,124.97,125.05,1693.219
2025-12-23 06:10:00,125.05,125.06,124.62,124.78,3288.414
2025-12-23 06:15:00,124.78,124.87,124.3,124.39,6792.818
2025-12-23 06:20:00,124.39,124.5,124.27,124.31,7609.388
2025-12-23 06:25:00,124.31,124.5,124.23,124.36,3071.198
2025-12-23 06:30:00,124.36,124.51,124.16,124.42,3057.348
2025-12-23 06:35:00,124.42,124.48,124.32,124.42,1846.249
2025-12-23 06:40:00,124.42,124.63,124.31,124.54,2830.268
2025-12-23 06:45:00,124.54,124.62,124.33,124.34,1490.862
2025-12-23 06:50:00,124.34,124.61,124.33,124.6,2171.077
2025-12-23 06:55:00,124.6,124.62,124.29,124.36,1864.149
2025-12-23 07:00:00,124.36,124.52,124.29,124.5,2921.267
2025-12-23 07:05:00,124.5,124.65,124.47,124.52,2974.981
2025-12-23 07:10:00,124.52,124.54,123.78,123.99,6073.567
2025-12-23 07:15:00,123.99,124.07,123.78,123.93,5326.702
2025-12-23 07:20:00,123.93,124.39,123.92,124.25,5553.47
2025-12-23 07:25:00,124.25,124.33,124.24,124.3,2474.887
2025-12-23 07:30:00,124.3,124.48,124.27,124.45,2217.429
2025-12-23 07:35:00,124.45,124.52,124.1,124.11,3012.445
2025-12-23 07:40:00,124.11,124.27,124.11,124.16,2084.277
2025-12-23 07:45:00,124.16,124.25,124.15,124.23,1741.565
2025-12-23 07:50:00,124.23,124.49,124.23,124.32,2216.496
2025-12-23 07:55:00,124.32,124.33,124.07,124.18,2268.82
2025-12-23 08:00:00,124.18,124.25,124.06,124.12,1777.738
2025-12-23 08:05:00,124.12,124.39,124.12,124.37,1394.126
2025-12-23 08:10:00,124.37,124.4,124.21,124.34,4373.241
2025-12-23 08:15:00,124.34,124.66,124.31,124.62,5422.968
2025-12-23 08:20:00,124.62,124.62,124.47,124.49,5455.15
2025-12-23 08:25:00,124.49,124.61,124.48,124.51,964.184
2025-12-23 08:30:00,124.51,124.67,124.49,124.63,597.539
2025-12-23 08:35:00,124.63,124.67,124.57,124.59,1510.812
2025-12-23 08:40:00,124.59,124.62,124.44,124.46,723.001
2025-12-23 08:45:00,124.46,124.47,124.09,124.11,1273.887
2025-12-23 08:50:00,124.11,124.19,124.04,124.17,3156.452
2025-12-23 08:55:00,124.17,124.22,124.09,124.18,1434.987
2025-12-23 09:00:00,124.18,124.36,124.13,124.29,1975.361
2025-12-23 09:05:00,124.29,124.34,124.19,124.3,1094.786
2025-12-23 09:10:00,124.3,124.35,124.25,124.25,809.598
2025-12-23 09:15:00,124.25,124.38,124.12,124.13,1970.586
2025-12-23 09:20:00,124.13,124.17,123.92,124.09,3998.752
2025-12-23 09:25:00,124.09,124.25,124.08,124.24,1448.827
2025-12-23 09:30:00,124.24,124.36,124.18,124.22,2789.475
2025-12-23 09:35:00,124.22,124.23,124.06,124.08,1201.785
2025-12-23 09:40:00,124.08,124.23,124.07,124.23,1805.908
2025-12-23 09:45:00,124.23,124.3,124.14,124.21,1186.887
2025-12-23 09:50:00,124.21,124.26,124.19,124.24,398.835
2025-12-23 09:55:00,124.24,124.27,124.13,124.17,993.246
2025-12-23 10:00:00,124.17,124.39,124.11,124.38,1479.477
2025-12-23 10:05:00,124.38,124.42,124.26,124.27,847.904
2025-12-23 10:10:00,124.27,124.32,124.2,124.23,652.376
2025-12-23 10:15:00,124.23,124.26,124.19,124.25,593.788
2025-12-23 10:20:00,124.25,124.41,124.24,124.4,618.21
2025-12-23 10:25:00,124.4,124.57,124.39,124.48,1833.966
2025-12-23 10:30:00,124.48,124.48,124.3,124.45,1070.473
2025-12-23 10:35:00,124.45,124.54,124.37,124.52,995.655
2025-12-23 10:40:00,124.52,124.69,124.49,124.62,2761.601
2025-12-23 10:45:00,124.62,124.74,124.56,124.71,976.248
2025-12-23 10:50:00,124.71,124.87,124.68,124.77,3093.453
2025-12-23 10:55:00,124.77,124.85,124.72,124.83,1009.323
2025-12-23 11:00:00,124.83,124.86,124.7,124.86,1331.813
2025-12-23 11:05:00,124.86,125.11,124.81,124.98,6432.177
2025-12-23 11:10:00,124.98,125.01,124.88,124.94,1601.188
2025-12-23 11:15:00,124.94,125.22,124.86,125.21,1721.712
2025-12-23 11:20:00,125.21,125.22,125.0,125.09,3526.648
2025-12-23 11:25:00,125.09,125.09,124.83,124.92,1728.119
2025-12-23 11:30:00,124.92,125.02,124.8,124.82,1199.771
2025-12-23 11:35:00,124.82,124.86,124.76,124.76,1192.777
2025-12-23 11:40:00,124.76,125.01,124.74,124.99,838.906
2025-12-23 11:45:00,124.99,125.1,124.95,124.99,1307.51
2025-12-23 11:50:00,124.99,124.99,124.89,124.96,1011.359
2025-12-23 11:55:00,124.96,125.01,124.85,124.86,747.753
2025-12-23 12:00:00,124.86,124.88,124.52,124.6,2695.94
2025-12-23 12:05:00,124.6,124.95,124.6,124.88,976.784
2025-12-23 12:10:00,124.88,124.88,124.66,124.68,1126.143
2025-12-23 12:15:00,124.68,124.7,124.1,124.12,4479.259
2025-12-23 12:20:00,124.12,124.38,123.97,124.33,6170.239
2025-12-23 12:25:00,124.33,124.33,124.1,124.18,1843.038
2025-12-23 12:30:00,124.18,124.37,124.0,124.33,2284.693
2025-12-23 12:35:00,124.33,124.39,124.23,124.29,1169.881
2025-12-23 12:40:00,124.29,124.37,124.25,124.35,863.794
2025-12-23 12:45:00,124.35,124.46,124.29,124.37,1354.445
2025-12-23 12:50:00,124.37,124.37,124.22,124.28,1202.467
2025-12-23 12:55:00,124.28,124.35,124.16,124.17,1509.347
2025-12-23 13:00:00,124.17,124.2,124.08,124.2,3329.789
2025-12-23 13:05:00,124.2,124.23,124.12,124.15,1732.134
2025-12-23 13:10:00,124.15,124.21,124.07,124.16,2027.887
2025-12-23 13:15:00,124.16,124.28,124.1,124.26,1221.705
2025-12-23 13:20:00,124.26,124.29,124.0,124.13,1710.745
2025-12-23 13:25:00,124.13,124.64,124.07,124.51,2695.774
2025-12-23 13:30:00,124.51,124.63,124.35,124.56,2542.855
2025-12-23 13:35:00,124.56,124.57,122.85,123.39,17425.765
2025-12-23 13:40:00,123.39,123.9,123.18,123.8,4987.143
2025-12-23 13:45:00,123.8,123.81,123.4,123.45,4074.698
2025-12-23 13:50:00,123.45,123.49,123.0,123.41,7047.619
2025-12-23 13:55:00,123.41,123.49,123.16,123.35,6113.123
2025-12-23 14:00:00,123.35,123.6,123.29,123.47,2850.337
2025-12-23 14:05:00,123.47,123.62,123.45,123.52,2167.529
2025-12-23 14:10:00,123.52,123.75,123.49,123.51,3214.708
2025-12-23 14:15:00,123.51,123.52,122.77,123.19,5647.976
2025-12-23 14:20:00,123.19,123.2,122.98,123.1,3141.164
2025-12-23 14:25:00,123.1,123.24,123.0,123.05,3296.143
2025-12-23 14:30:00,123.05,123.51,122.9,123.29,8649.084
2025-12-23 14:35:00,123.29,123.32,122.61,122.89,7853.693
2025-12-23 14:40:00,122.89,123.25,122.69,123.04,7787.59
2025-12-23 14:45:00,123.04,123.2,122.69,122.95,4991.142
2025-12-23 14:50:00,122.95,123.21,122.54,122.66,14228.814
2025-12-23 14:55:00,122.66,122.69,122.19,122.65,15371.26
2025-12-23 15:00:00,122.65,122.86,122.39,122.78,7163.43
2025-12-23 15:05:00,122.78,123.17,122.5,122.79,6869.145
2025-12-23 15:10:00,122.79,122.97,122.51,122.79,5144.572
2025-12-23 15:15:00,122.79,123.32,122.79,123.25,4450.621
2025-12-23 15:20:00,123.25,123.51,123.02,123.09,5712.896
2025-12-23 15:25:00,123.09,123.13,122.91,123.08,1830.442
2025-12-23 15:30:00,123.08,123.25,123.02,123.06,2385.289
2025-12-23 15:35:00,123.06,123.21,122.9,123.14,1619.47
2025-12-23 15:40:00,123.14,123.28,122.98,123.12,1530.788
2025-12-23 15:45:00,123.12,123.15,122.9,123.11,1697.11
2025-12-23 15:50:00,123.11,123.37,123.03,123.34,3788.446
2025-12-23 15:55:00,123.34,123.44,123.24,123.36,1028.612
2025-12-23 16:00:00,123.36,123.98,123.02,123.83,9115.982
2025-12-23 16:05:00,123.83,123.9,123.49,123.75,9909.675
2025-12-23 16:10:00,123.75,123.81,123.34,123.7,5609.992
2025-12-23 16:15:00,123.7,124.17,123.61,124.1,8641.813
2025-12-23 16:20:00,124.1,124.23,123.91,124.09,7488.88
2025-12-23 16:25:00,124.09,124.27,124.02,124.14,4432.698
2025-12-23 16:30:00,124.14,124.26,123.88,123.96,4980.072
2025-12-23 16:35:00,123.96,124.16,123.76,124.14,3458.927
2025-12-23 16:40:00,124.14,124.56,124.12,124.39,8945.68
2025-12-23 16:45:00,124.39,124.64,124.32,124.52,6424.95
2025-12-23 16:50:00,124.52,124.85,124.49,124.8,7234.467
2025-12-23 16:55:00,124.8,124.94,124.6,124.61,16121.597
2025-12-23 17:00:00,124.61,124.65,124.32,124.44,13761.104
2025-12-23 17:05:00,124.44,124.82,124.44,124.5,7545.056
2025-12-23 17:10:00,124.5,124.57,124.07,124.32,4949.437
2025-12-23 17:15:00,124.32,124.64,124.32,124.63,2930.541
2025-12-23 17:20:00,124.63,124.7,124.3,124.44,5538.518
2025-12-23 17:25:00,124.44,124.47,124.01,124.02,4505.188
2025-12-23 17:30:00,124.02,124.33,124.01,124.09,2694.726
2025-12-23 17:35:00,124.09,124.18,123.77,123.92,10413.634
2025-12-23 17:40:00,123.92,124.09,123.88,124.09,1628.613
2025-12-23 17:45:00,124.09,124.1,123.76,123.93,1106.833
2025-12-23 17:50:00,123.93,123.95,123.29,123.41,4794.799
2025-12-23 17:55:00,123.41,123.46,122.76,122.85,4980.601
2025-12-23 18:00:00,122.85,123.29,122.83,123.11,3669.226
2025-12-23 18:05:00,123.11,123.48,123.11,123.29,3339.275
2025-12-23 18:10:00,123.29,123.43,123.09,123.26,3234.88
2025-12-23 18:15:00,123.26,123.88,123.22,123.76,3256.243
2025-12-23 18:20:00,123.76,123.8,123.58,123.62,2286.579
2025-12-23 18:25:00,123.62,123.66,123.38,123.49,3081.518
2025-12-23 18:30:00,123.49,123.62,123.39,123.46,2675.675
2025-12-23 18:35:00,123.46,124.01,123.46,124.0,2767.621
2025-12-23 18:40:00,124.0,124.17,123.93,123.97,4039.421
2025-12-23 18:45:00,123.97,124.05,123.6,124.02,3549.129
2025-12-23 18:50:00,124.02,124.04,123.81,123.82,2040.536
2025-12-23 18:55:00,123.82,124.04,123.81,123.97,937.223
2025-12-23 19:00:00,123.97,124.43,123.93,124.41,3173.994
2025-12-23 19:05:00,124.41,124.57,124.01,124.01,3677.589
2025-12-23 19:10:00,124.01,124.05,123.84,124.01,1570.649
2025-12-23 19:15:00,124.01,124.16,123.89,124.15,1098.377
2025-12-23 19:20:00,124.15,124.2,123.91,123.92,1659.589
2025-12-23 19:25:00,123.92,123.98,123.51,123.57,1916.841
2025-12-23 19:30:00,123.57,123.65,123.48,123.57,1814.372
2025-12-23 19:35:00,123.57,124.08,123.52,124.07,1487.201
2025-12-23 19:40:00,124.07,124.09,123.8,123.82,1351.107
2025-12-23 19:45:00,123.82,123.98,123.66,123.84,835.098
2025-12-23 19:50:00,123.84,124.05,123.83,123.92,730.75
2025-12-23 19:55:00,123.92,124.05,123.88,123.97,1011.313
2025-12-23 20:00:00,123.97,124.09,123.64,123.65,2026.536
2025-12-23 20:05:00,123.65,123.7,123.47,123.62,1612.804
2025-12-23 20:10:00,123.62,123.76,123.57,123.64,485.879
2025-12-23 20:15:00,123.64,124.08,123.63,124.01,2551.052
2025-12-23 20:20:00,124.01,124.27,123.95,124.2,1161.744
2025-12-23 20:25:00,124.2,124.25,124.08,124.14,545.929
2025-12-23 20:30:00,124.14,124.22,124.04,124.06,581.619
2025-12-23 20:35:00,124.06,124.37,123.96,124.34,3386.593
2025-12-23 20:40:00,124.34,125.38,124.34,125.24,12973.15
2025-12-23 20:45:00,125.24,125.63,125.01,125.15,9075.923
2025-12-23 20:50:00,125.15,125.18,124.77,124.86,5405.779
2025-12-23 20:55:00,124.86,124.88,124.52,124.69,3921.822
2025-12-23 21:00:00,124.69,124.74,124.21,124.24,17143.23
2025-12-23 21:05:00,124.24,124.29,123.92,124.0,3483.08
2025-12-23 21:10:00,124.0,124.27,123.97,124.27,2626.76
2025-12-23 21:15:00,124.27,124.47,124.18,124.39,5477.727
2025-12-23 21:20:00,124.39,124.5,124.32,124.39,1888.682
2025-12-23 21:25:00,124.39,124.49,124.34,124.41,897.05
2025-12-23 21:30:00,124.41,124.47,124.31,124.41,1063.214
2025-12-23 21:35:00,124.41,124.64,124.4,124.47,2633.637
2025-12-23 21:40:00,124.47,124.53,124.28,124.41,1078.358
2025-12-23 21:45:00,124.41,124.52,124.1,124.25,9650.78
2025-12-23 21:50:00,124.25,124.39,124.2,124.37,970.586
2025-12-23 21:55:00,124.37,124.43,124.22,124.29,641.882
2025-12-23 22:00:00,124.29,124.42,124.15,124.36,624.851
2025-12-23 22:05:00,124.36,124.47,124.32,124.38,1569.334
2025-12-23 22:10:00,124.38,124.38,123.95,124.1,3433.121
2025-12-23 22:15:00,124.1,124.28,124.03,124.15,685.613
2025-12-23 22:20:00,124.15,124.24,124.08,124.24,539.552
2025-12-23 22:25:00,124.24,124.32,123.87,124.02,1890.155
2025-12-23 22:30:00,124.02,124.11,123.73,123.8,2899.288
2025-12-23 22:35:00,123.8,123.95,123.58,123.91,2074.639
2025-12-23 22:40:00,123.91,124.11,123.84,124.01,959.985
2025-12-23 22:45:00,124.01,124.16,123.91,124.07,824.607
2025-12-23 22:50:00,124.07,124.1,123.78,123.83,894.362
2025-12-23 22:55:00,123.83,123.88,123.66,123.85,1598.716
2025-12-23 23:00:00,123.85,123.85,123.55,123.82,2732.922
2025-12-23 23:05:00,123.82,123.85,123.62,123.73,2107.638
2025-12-23 23:10:00,123.73,123.73,123.59,123.71,2462.56
2025-12-23 23:15:00,123.71,123.71,123.55,123.6,2263.446
2025-12-23 23:20:00,123.6,123.61,123.45,123.46,2483.271
2025-12-23 23:25:00,123.46,123.76,123.44,123.74,4217.469
2025-12-23 23:30:00,123.74,123.98,123.63,123.89,2542.703
2025-12-23 23:35:00,123.89,124.06,123.87,123.97,1078.712
2025-12-23 23:40:00,123.97,124.13,123.9,124.12,823.889
2025-12-23 23:45:00,124.12,124.16,124.04,124.04,1203.184
2025-12-23 23:50:00,124.04,124.07,123.91,123.99,1164.421
2025-12-23 23:55:00,123.99,124.07,123.83,123.99,3235.011
2025-12-24 00:00:00,123.99,124.28,123.99,124.12,1102.344
2025-12-24 00:05:00,124.12,124.3,124.03,124.03,1260.971
2025-12-24 00:10:00,124.03,124.06,123.76,123.86,3149.634
2025-12-24 00:15:00,123.86,123.99,123.69,123.73,1161.54
2025-12-24 00:20:00,123.73,123.89,123.64,123.88,722.676
2025-12-24 00:25:00,123.88,123.92,123.74,123.77,511.906
2025-12-24 00:30:00,123.77,123.85,123.63,123.85,1020.09
2025-12-24 00:35:00,123.85,124.03,123.74,123.82,1244.626
2025-12-24 00:40:00,123.82,123.83,123.58,123.72,1129.283
2025-12-24 00:45:00,123.72,124.01,123.72,123.84,726.543
2025-12-24 00:50:00,123.84,123.96,123.77,123.9,1127.8
2025-12-24 00:55:00,123.9,124.01,123.86,123.86,1087.581
2025-12-24 01:00:00,123.86,124.01,123.77,123.92,1693.048
2025-12-24 01:05:00,123.92,124.2,123.92,123.99,965.967
2025-12-24 01:10:00,123.99,124.04,123.68,123.68,1161.734
2025-12-24 01:15:00,123.68,123.69,123.56,123.62,1770.829
2025-12-24 01:20:00,123.62,123.7,123.58,123.67,769.33
2025-12-24 01:25:00,123.67,123.74,123.56,123.58,691.994
2025-12-24 01:30:00,123.58,123.62,123.37,123.6,1327.059
2025-12-24 01:35:00,123.6,123.8,123.43,123.54,1071.266
2025-12-24 01:40:00,123.54,123.54,123.1,123.19,3349.085
2025-12-24 01:45:00,123.19,123.22,123.04,123.08,2915.926
2025-12-24 01:50:00,123.08,123.25,123.01,123.05,4246.842
2025-12-24 01:55:00,123.05,123.14,122.96,123.11,3828.172
2025-12-24 02:00:00,123.11,123.15,122.86,122.88,3429.038
2025-12-24 02:05:00,122.88,123.03,122.54,122.55,4608.447
2025-12-24 02:10:00,122.55,122.64,122.47,122.61,4152.837
2025-12-24 02:15:00,122.61,122.73,122.52,122.72,2464.391
2025-12-24 02:20:00,122.72,122.86,122.68,122.69,2195.599
2025-12-24 02:25:00,122.69,122.9,122.68,122.83,2322.106
2025-12-24 02:30:00,122.83,122.92,122.65,122.75,1959.646
2025-12-24 02:35:00,122.75,122.75,122.4,122.45,4090.604
2025-12-24 02:40:00,122.45,122.48,121.8,122.01,12923.67
2025-12-24 02:45:00,122.01,122.2,121.84,122.11,3014.188
2025-12-24 02:50:00,122.11,122.45,122.1,122.4,1340.705
2025-12-24 02:55:00,122.4,122.42,122.31,122.32,1341.392
2025-12-24 03:00:00,122.32,122.32,121.79,121.87,4038.637
2025-12-24 03:05:00,121.87,122.13,121.78,122.02,1469.191
2025-12-24 03:10:00,122.02,122.11,121.98,122.01,1386.207
2025-12-24 03:15:00,122.01,122.12,121.88,122.12,1261.941
2025-12-24 03:20:00,122.12,122.43,122.05,122.37,2008.721
2025-12-24 03:25:00,122.37,122.39,122.26,122.31,1024.064
2025-12-24 03:30:00,122.31,122.47,122.3,122.37,1254.044
2025-12-24 03:35:00,122.37,122.61,122.29,122.52,3626.532
2025-12-24 03:40:00,122.52,122.55,122.45,122.51,1471.764
2025-12-24 03:45:00,122.51,122.63,122.39,122.59,4506.798
2025-12-24 03:50:00,122.59,122.8,122.59,122.74,2767.493
2025-12-24 03:55:00,122.74,122.78,122.65,122.71,1718.167
2025-12-24 04:00:00,122.71,122.87,122.63,122.75,1595.022
2025-12-24 04:05:00,122.75,123.07,122.64,123.01,2605.144
2025-12-24 04:10:00,123.01,123.01,122.57,122.57,2809.157
2025-12-24 04:15:00,122.57,122.57,122.01,122.2,5587.621
2025-12-24 04:20:00,122.2,122.28,122.15,122.19,1518.342
2025-12-24 04:25:00,122.19,122.24,122.09,122.15,1130.585
2025-12-24 04:30:00,122.15,122.15,121.83,121.92,2013.488
2025-12-24 04:35:00,121.92,122.11,121.77,122.03,2169.129
2025-12-24 04:40:00,122.03,122.18,121.82,121.85,4253.65
2025-12-24 04:45:00,121.85,121.98,121.8,121.81,924.619
2025-12-24 04:50:00,121.81,121.83,121.54,121.68,6863.662
2025-12-24 04:55:00,121.68,121.72,121.53,121.62,2280.297
2025-12-24 05:00:00,121.62,121.87,121.58,121.8,3037.295
2025-12-24 05:05:00,121.8,121.88,121.67,121.78,1527.42
2025-12-24 05:10:00,121.78,121.82,121.68,121.78,1100.932
2025-12-24 05:15:00,121.78,121.94,121.76,121.88,2020.79
2025-12-24 05:20:00,121.88,121.95,121.62,121.91,2487.566
2025-12-24 05:25:00,121.91,122.03,121.44,121.58,3960.691
2025-12-24 05:30:00,121.58,121.72,121.54,121.67,1209.675
2025-12-24 05:35:00,121.67,121.69,121.36,121.62,2122.905
2025-12-24 05:40:00,121.62,121.69,121.36,121.36,3823.829
2025-12-24 05:45:00,121.36,121.54,121.15,121.54,3403.785
2025-12-24 05:50:00,121.54,121.62,121.43,121.48,2029.008
2025-12-24 05:55:00,121.48,121.52,121.42,121.47,893.609
2025-12-24 06:00:00,121.47,121.57,121.2,121.28,2630.12
2025-12-24 06:05:00,121.28,121.28,120.64,120.98,10418.652
2025-12-24 06:10:00,120.98,121.01,120.81,120.83,1992.486
2025-12-24 06:15:00,120.83,120.99,120.76,120.93,3276.277
2025-12-24 06:20:00,120.93,121.3,120.91,121.16,1593.422
2025-12-24 06:25:00,121.16,121.23,121.12,121.15,1066.095
2025-12-24 06:30:00,121.15,121.2,121.04,121.13,627.533
2025-12-24 06:35:00,121.13,121.39,121.12,121.35,1575.233
2025-12-24 06:40:00,121.35,121.43,121.21,121.43,2035.447
2025-12-24 06:45:00,121.43,121.54,121.37,121.47,1116.48
2025-12-24 06:50:00,121.47,121.56,121.38,121.52,1296.409
2025-12-24 06:55:00,121.52,121.62,121.49,121.6,991.176
2025-12-24 07:00:00,121.6,121.75,121.58,121.69,1296.67
2025-12-24 07:05:00,121.69,121.75,121.5,121.54,1042.128
2025-12-24 07:10:00,121.54,121.62,121.46,121.59,1074.154
2025-12-24 07:15:00,121.59,121.7,121.49,121.59,1850.132
2025-12-24 07:20:00,121.59,121.66,121.49,121.53,1295.511
2025-12-24 07:25:00,121.53,121.62,121.47,121.49,718.664
2025-12-24 07:30:00,121.49,121.5,121.3,121.49,1153.177
2025-12-24 07:35:00,121.49,121.77,121.49,121.7,1290.135
2025-12-24 07:40:00,121.7,121.77,121.66,121.71,857.333
2025-12-24 07:45:00,121.71,121.88,121.62,121.82,1141.012
2025-12-24 07:50:00,121.82,121.86,121.57,121.61,2351.963
2025-12-24 07:55:00,121.61,121.68,121.3,121.31,2375.08
2025-12-24 08:00:00,121.31,121.53,121.22,121.53,2057.207
2025-12-24 08:05:00,121.53,121.53,121.34,121.5,1791.656
2025-12-24 08:10:00,121.5,121.52,121.39,121.4,882.394
2025-12-24 08:15:00,121.4,121.51,121.24,121.48,2515.01
2025-12-24 08:20:00,121.48,121.64,121.12,121.16,4154.821
2025-12-24 08:25:00,121.16,121.5,121.15,121.46,2262.671
2025-12-24 08:30:00,121.46,121.48,121.12,121.25,2228.616
2025-12-24 08:35:00,121.25,121.54,121.24,121.52,1571.767
2025-12-24 08:40:00,121.52,121.7,121.47,121.61,795.809
2025-12-24 08:45:00,121.61,121.68,121.41,121.46,1478.508
2025-12-24 08:50:00,121.46,121.53,121.42,121.43,1749.094
2025-12-24 08:55:00,121.43,121.55,121.35,121.42,1409.045
2025-12-24 09:00:00,121.42,121.76,121.42,121.71,962.126
2025-12-24 09:05:00,121.71,121.77,121.66,121.71,1375.285
2025-12-24 09:10:00,121.71,121.73,121.63,121.67,603.068
2025-12-24 09:15:00,121.67,121.71,121.29,121.35,3091.844
2025-12-24 09:20:00,121.35,121.58,121.32,121.44,1550.58
2025-12-24 09:25:00,121.44,121.5,121.34,121.48,2037.896
2025-12-24 09:30:00,121.48,121.56,121.43,121.49,807.426
2025-12-24 09:35:00,121.49,121.6,121.31,121.45,2001.075
2025-12-24 09:40:00,121.45,121.59,121.44,121.51,1395.682
2025-12-24 09:45:00,121.51,121.71,121.49,121.69,602.873
2025-12-24 09:50:00,121.69,121.7,121.37,121.43,1710.866
2025-12-24 09:55:00,121.43,121.51,121.42,121.44,1242.668
2025-12-24 10:00:00,121.44,121.49,121.37,121.46,1083.138
2025-12-24 10:05:00,121.46,121.81,121.41,121.8,2999.126
2025-12-24 10:10:00,121.8,121.85,121.7,121.8,1782.612
2025-12-24 10:15:00,121.8,121.8,121.68,121.74,508.684
2025-12-24 10:20:00,121.74,121.95,121.74,121.89,1041.056
2025-12-24 10:25:00,121.89,121.99,121.79,121.99,1873.562
2025-12-24 10:30:00,121.99,122.18,121.93,122.12,1944.515
2025-12-24 10:35:00,122.12,122.19,122.02,122.18,1365.463
2025-12-24 10:40:00,122.18,122.24,122.13,122.14,2409.019
2025-12-24 10:45:00,122.14,122.18,121.96,121.99,2263.814
2025-12-24 10:50:00,121.99,122.08,121.93,121.93,2401.437
2025-12-24 10:55:00,121.93,122.01,121.74,121.75,1828.275
2025-12-24 11:00:00,121.75,122.05,121.75,121.95,2204.955
2025-12-24 11:05:00,121.95,122.17,121.89,122.16,2951.11
2025-12-24 11:10:00,122.16,122.22,122.08,122.09,1866.548
2025-12-24 11:15:00,122.09,122.14,121.99,122.08,2678.366
2025-12-24 11:20:00,122.08,122.19,122.0,122.03,1190.239
2025-12-24 11:25:00,122.03,122.09,121.97,121.99,958.532
2025-12-24 11:30:00,121.99,122.18,121.96,122.02,944.565
2025-12-24 11:35:00,122.02,122.21,121.98,122.14,790.672
2025-12-24 11:40:00,122.14,122.23,122.03,122.07,2353.698
2025-12-24 11:45:00,122.07,122.14,122.04,122.09,1856.447
2025-12-24 11:50:00,122.09,122.14,122.08,122.13,590.189
2025-12-24 11:55:00,122.13,122.16,122.04,122.05,1515.496
2025-12-24 12:00:00,122.05,122.12,121.92,122.09,2068.749
2025-12-24 12:05:00,122.09,122.17,121.97,122.16,934.317
2025-12-24 12:10:00,122.16,122.26,122.06,122.25,830.524
2025-12-24 12:15:00,122.25,122.42,122.06,122.17,1322.289
2025-12-24 12:20:00,122.17,122.28,122.14,122.15,655.279
2025-12-24 12:25:00,122.15,122.23,122.15,122.15,1358.655
2025-12-24 12:30:00,122.15,122.19,122.01,122.02,537.042
2025-12-24 12:35:00,122.02,122.16,122.02,122.14,760.712
2025-12-24 12:40:00,122.14,122.3,122.11,122.24,1857.471
2025-12-24 12:45:00,122.24,122.25,122.14,122.19,760.747
2025-12-24 12:50:00,122.19,122.42,122.18,122.42,3968.049
2025-12-24 12:55:00,122.42,122.55,122.38,122.45,2016.501
2025-12-24 13:00:00,122.45,122.45,122.27,122.39,1261.599
2025-12-24 13:05:00,122.39,122.4,122.32,122.35,583.122
2025-12-24 13:10:00,122.35,122.36,122.1,122.24,1627.955
2025-12-24 13:15:00,122.24,122.32,122.15,122.3,915.637
2025-12-24 13:20:00,122.3,122.3,122.17,122.2,641.436
2025-12-24 13:25:00,122.2,122.28,122.13,122.25,711.674
2025-12-24 13:30:00,122.25,122.4,121.88,121.92,2610.135
2025-12-24 13:35:00,121.92,122.03,121.74,121.98,1148.634
2025-12-24 13:40:00,121.98,122.01,121.88,121.93,1735.617
2025-12-24 13:45:00,121.93,122.01,121.85,121.88,798.78
2025-12-24 13:50:00,121.88,122.02,121.8,122.01,813.338
2025-12-24 13:55:00,122.01,122.05,121.9,121.95,1191.32
2025-12-24 14:00:00,121.95,122.17,121.92,122.12,1483.597
2025-12-24 14:05:00,122.12,122.24,122.1,122.16,691.162
2025-12-24 14:10:00,122.16,122.31,122.15,122.23,1687.981
2025-12-24 14:15:00,122.23,122.24,122.0,122.03,947.493
2025-12-24 14:20:00,122.03,122.1,121.91,122.01,1194.763
2025-12-24 14:25:00,122.01,122.04,121.8,121.85,1325.648
2025-12-24 14:30:00,121.85,121.9,121.4,121.64,4620.079
2025-12-24 14:35:00,121.64,121.7,120.72,121.15,11927.7
2025-12-24 14:40:00,121.15,121.97,121.08,121.77,8137.265
2025-12-24 14:45:00,121.77,121.78,121.43,121.66,3635.661
2025-12-24 14:50:00,121.66,122.13,121.5,121.66,4284.675
2025-12-24 14:55:00,121.66,121.7,121.27,121.49,3532.838
2025-12-24 15:00:00,121.49,121.94,121.43,121.61,3191.295
2025-12-24 15:05:00,121.61,121.7,121.3,121.52,3646.734
2025-12-24 15:10:00,121.52,121.84,121.5,121.59,2562.067
2025-12-24 15:15:00,121.59,121.92,121.58,121.92,1769.952
2025-12-24 15:20:00,121.92,121.96,121.31,121.46,2586.737
2025-12-24 15:25:00,121.46,121.82,121.41,121.82,2196.338
2025-12-24 15:30:00,121.82,122.42,121.82,122.2,5272.445
2025-12-24 15:35:00,122.2,122.46,121.99,122.22,5071.496
2025-12-24 15:40:00,122.22,122.65,122.18,122.55,4823.031
2025-12-24 15:45:00,122.55,122.93,122.46,122.66,7947.277
2025-12-24 15:50:00,122.66,122.79,122.5,122.58,4230.595
2025-12-24 15:55:00,122.58,122.79,122.55,122.73,3710.069
2025-12-24 16:00:00,122.73,123.0,122.65,122.79,5607.771
2025-12-24 16:05:00,122.79,122.99,122.54,122.74,5960.49
2025-12-24 16:10:00,122.74,123.16,122.6,123.09,4048.53
2025-12-24 16:15:00,123.09,123.15,122.9,123.06,4354.09
2025-12-24 16:20:00,123.06,123.06,122.61,122.62,2290.95
2025-12-24 16:25:00,122.62,122.69,122.39,122.52,3429.313
2025-12-24 16:30:00,122.52,123.45,122.52,123.09,8683.201
2025-12-24 16:35:00,123.09,123.25,122.68,122.73,5103.441
2025-12-24 16:40:00,122.73,123.11,122.5,122.94,2820.851
2025-12-24 16:45:00,122.94,122.99,122.74,122.85,2054.059
2025-12-24 16:50:00,122.85,122.88,122.55,122.64,1692.45
2025-12-24 16:55:00,122.64,122.73,122.59,122.7,1619.989
2025-12-24 17:00:00,122.7,122.86,122.52,122.58,1875.778
2025-12-24 17:05:00,122.58,122.88,122.57,122.68,2954.278
2025-12-24 17:10:00,122.68,122.83,122.63,122.73,2475.399
2025-12-24 17:15:00,122.73,122.84,122.65,122.77,1007.787
2025-12-24 17:20:00,122.77,122.89,122.66,122.76,1232.082
2025-12-24 17:25:00,122.76,122.83,122.63,122.78,880.898
2025-12-24 17:30:00,122.78,122.99,122.68,122.84,1257.336
2025-12-24 17:35:00,122.84,122.84,122.54,122.57,1113.341
2025-12-24 17:40:00,122.57,122.59,122.27,122.42,1373.105
2025-12-24 17:45:00,122.42,122.68,122.31,122.63,2678.613
2025-12-24 17:50:00,122.63,122.66,122.33,122.38,2030.002
2025-12-24 17:55:00,122.38,122.39,121.97,122.0,3099.157
2025-12-24 18:00:00,122.0,122.23,121.97,122.08,1733.676
2025-12-24 18:05:00,122.08,122.3,121.99,121.99,1861.23
2025-12-24 18:10:00,121.99,122.05,121.79,121.99,1829.115
2025-12-24 18:15:00,121.99,122.22,121.97,122.11,1720.282
2025-12-24 18:20:00,122.11,122.37,122.11,122.28,913.173
2025-12-24 18:25:00,122.28,122.48,122.28,122.34,1275.153
2025-12-24 18:30:00,122.34,122.36,122.09,122.28,1997.529
2025-12-24 18:35:00,122.28,122.41,122.22,122.39,1580.755
2025-12-24 18:40:00,122.39,122.48,122.35,122.47,582.811
2025-12-24 18:45:00,122.47,122.66,122.43,122.49,1703.042
2025-12-24 18:50:00,122.49,122.57,122.45,122.54,1488.798
2025-12-24 18:55:00,122.54,122.55,122.43,122.47,269.667
2025-12-24 19:00:00,122.47,122.48,122.31,122.36,1039.913
2025-12-24 19:05:00,122.36,122.49,122.36,122.44,363.234
2025-12-24 19:10:00,122.44,122.44,122.21,122.28,517.065
2025-12-24 19:15:00,122.28,122.38,122.02,122.24,4209.5
2025-12-24 19:20:00,122.24,122.3,122.12,122.16,542.264
2025-12-24 19:25:00,122.16,122.38,122.12,122.37,1842.861
2025-12-24 19:30:00,122.37,122.49,122.31,122.44,640.762
2025-12-24 19:35:00,122.44,122.65,122.44,122.58,838.058
2025-12-24 19:40:00,122.58,122.69,122.53,122.67,1275.562
2025-12-24 19:45:00,122.67,122.8,122.66,122.71,2700.453
2025-12-24 19:50:00,122.71,122.86,122.71,122.77,1289.538
2025-12-24 19:55:00,122.77,122.87,122.69,122.85,925.866
2025-12-24 20:00:00,122.85,122.96,122.84,122.87,2867.11
2025-12-24 20:05:00,122.87,122.91,122.76,122.87,1619.078
2025-12-24 20:10:00,122.87,123.05,122.84,122.95,3740.415
2025-12-24 20:15:00,122.95,123.05,122.9,123.0,1636.371
2025-12-24 20:20:00,123.0,123.08,122.98,122.99,1999.802
2025-12-24 20:25:00,122.99,123.05,122.96,123.04,969.605
2025-12-24 20:30:00,123.04,123.11,122.83,122.89,2664.08
2025-12-24 20:35:00,122.89,122.96,122.83,122.93,896.067
2025-12-24 20:40:00,122.93,122.94,122.88,122.92,848.362
2025-12-24 20:45:00,122.92,122.92,122.72,122.79,2617.538
2025-12-24 20:50:00,122.79,122.79,122.65,122.68,1989.576
2025-12-24 20:55:00,122.68,122.73,122.59,122.65,2106.333
2025-12-24 21:00:00,122.65,122.92,122.64,122.89,1738.848
2025-12-24 21:05:00,122.89,122.92,122.69,122.76,1136.001
2025-12-24 21:10:00,122.76,122.83,122.69,122.77,1491.756
2025-12-24 21:15:00,122.77,122.81,122.64,122.64,1398.917
2025-12-24 21:20:00,122.64,122.72,122.62,122.67,1065.829
2025-12-24 21:25:00,122.67,122.87,122.67,122.83,1299.29
2025-12-24 21:30:00,122.83,123.04,122.8,122.92,2222.372
2025-12-24 21:35:00,122.92,123.05,122.9,122.95,2082.788
2025-12-24 21:40:00,122.95,123.04,122.91,122.97,1286.83
2025-12-24 21:45:00,122.97,123.0,122.89,122.92,1378.658
2025-12-24 21:50:00,122.92,123.0,122.91,122.94,350.18
2025-12-24 21:55:00,122.94,123.0,122.87,122.98,1438.604
2025-12-24 22:00:00,122.98,123.04,122.95,122.96,1938.395
2025-12-24 22:05:00,122.96,123.2,122.95,123.19,3534.376
2025-12-24 22:10:00,123.19,123.28,123.09,123.09,1213.03
2025-12-24 22:15:00,123.09,123.23,123.07,123.07,702.245
2025-12-24 22:20:00,123.07,123.1,122.9,122.93,459.802
2025-12-24 22:25:00,122.93,123.04,122.92,122.98,530.087
2025-12-24 22:30:00,122.98,123.15,122.91,123.12,1126.788
2025-12-24 22:35:00,123.12,123.3,123.11,123.12,2860.621
2025-12-24 22:40:00,123.12,123.29,123.12,123.23,1641.219
2025-12-24 22:45:00,123.23,123.3,123.14,123.16,903.63
2025-12-24 22:50:00,123.16,123.3,123.08,123.3,1130.121
2025-12-24 22:55:00,123.3,123.38,123.24,123.28,646.894
2025-12-24 23:00:00,123.28,123.33,122.91,122.96,1860.867
2025-12-24 23:05:00,122.96,123.11,122.95,122.95,558.7
2025-12-24 23:10:00,122.95,123.11,122.95,123.09,583.315
2025-12-24 23:15:00,123.09,123.12,122.98,123.06,1070.453
2025-12-24 23:20:00,123.06,123.1,122.8,122.83,3578.19
2025-12-24 23:25:00,122.83,122.83,122.69,122.73,600.024
2025-12-24 23:30:00,122.73,122.81,122.69,122.76,617.87
2025-12-24 23:35:00,122.76,122.85,122.74,122.77,464.648
2025-12-24 23:40:00,122.77,122.77,122.62,122.71,1227.394
2025-12-24 23:45:00,122.71,122.79,122.7,122.74,713.237
2025-12-24 23:50:00,122.74,122.76,122.53,122.56,1276.74
2025-12-24 23:55:00,122.56,122.63,122.44,122.53,849.812
2025-12-25 00:00:00,122.53,122.53,122.35,122.41,1533.973
2025-12-25 00:05:00,122.41,122.51,122.35,122.47,949.284
2025-12-25 00:10:00,122.47,122.55,122.42,122.5,1456.519
2025-12-25 00:15:00,122.5,122.72,122.49,122.65,701.573
2025-12-25 00:20:00,122.65,122.65,122.5,122.5,900.507
2025-12-25 00:25:00,122.5,122.53,122.37,122.38,812.289
2025-12-25 00:30:00,122.38,122.63,122.36,122.57,643.949
2025-12-25 00:35:00,122.57,122.61,122.36,122.4,625.924
2025-12-25 00:40:00,122.4,122.41,122.22,122.24,1230.446
2025-12-25 00:45:00,122.24,122.39,122.23,122.35,1216.989
2025-12-25 00:50:00,122.35,122.37,122.19,122.2,1034.781
2025-12-25 00:55:00,122.2,122.23,122.09,122.18,1238.719
2025-12-25 01:00:00,122.18,122.28,122.14,122.18,455.656
2025-12-25 01:05:00,122.18,122.28,122.16,122.27,724.052
2025-12-25 01:10:00,122.27,122.38,122.21,122.37,350.4
2025-12-25 01:15:00,122.37,122.44,122.28,122.38,1120.473
2025-12-25 01:20:00,122.38,122.56,122.34,122.45,948.315
2025-12-25 01:25:00,122.45,122.56,122.43,122.5,980.825
2025-12-25 01:30:00,122.5,122.58,122.37,122.39,846.364
2025-12-25 01:35:00,122.39,122.5,122.28,122.5,559.802
2025-12-25 01:40:00,122.5,122.68,122.48,122.67,799.591
2025-12-25 01:45:00,122.67,122.76,122.59,122.71,986.753
2025-12-25 01:50:00,122.71,122.79,122.6,122.64,790.743
2025-12-25 01:55:00,122.64,122.77,122.62,122.74,600.684
2025-12-25 02:00:00,122.74,122.79,122.46,122.58,1877.544
2025-12-25 02:05:00,122.58,122.62,122.51,122.53,371.465
2025-12-25 02:10:00,122.53,122.76,122.5,122.72,1695.856
2025-12-25 02:15:00,122.72,122.79,122.7,122.74,509.249
2025-12-25 02:20:00,122.74,122.81,122.7,122.74,619.3
2025-12-25 02:25:00,122.74,122.86,122.74,122.82,808.291
2025-12-25 02:30:00,122.82,122.91,122.82,122.91,482.443
2025-12-25 02:35:00,122.91,122.92,122.81,122.89,376.026
2025-12-25 02:40:00,122.89,123.16,122.88,123.08,1594.451
2025-12-25 02:45:00,123.08,123.18,122.96,122.98,1050.03
2025-12-25 02:50:00,122.98,123.08,122.95,123.02,1404.968
2025-12-25 02:55:00,123.02,123.09,123.01,123.06,810.593
2025-12-25 03:00:00,123.06,123.1,122.94,123.0,1184.971
2025-12-25 03:05:00,123.0,123.0,122.8,122.86,1269.667
2025-12-25 03:10:00,122.86,123.02,122.85,123.0,966.206
2025-12-25 03:15:00,123.0,123.03,122.85,122.91,1063.565
2025-12-25 03:20:00,122.91,123.14,122.9,122.99,2713.248
2025-12-25 03:25:00,122.99,123.0,122.82,122.86,1437.704
2025-12-25 03:30:00,122.86,122.87,122.72,122.75,718.683
2025-12-25 03:35:00,122.75,122.76,122.67,122.67,1008.764
2025-12-25 03:40:00,122.67,122.69,122.61,122.64,954.374
2025-12-25 03:45:00,122.64,122.65,122.56,122.62,1656.792
2025-12-25 03:50:00,122.62,122.7,122.56,122.67,721.654
2025-12-25 03:55:00,122.67,122.75,122.66,122.69,469.094
2025-12-25 04:00:00,122.69,122.79,122.62,122.66,693.944
2025-12-25 04:05:00,122.66,122.75,122.65,122.67,523.756
2025-12-25 04:10:00,122.67,122.71,122.62,122.69,404.607
2025-12-25 04:15:00,122.69,122.86,122.69,122.84,451.649
2025-12-25 04:20:00,122.84,122.86,122.73,122.79,757.663
2025-12-25 04:25:00,122.79,122.79,122.66,122.67,313.197
2025-12-25 04:30:00,122.67,122.72,122.65,122.67,311.946
2025-12-25 04:35:00,122.67,122.73,122.59,122.61,1036.219
2025-12-25 04:40:00,122.61,122.72,122.61,122.68,882.676
2025-12-25 04:45:00,122.68,122.72,122.61,122.67,401.418
2025-12-25 04:50:00,122.67,122.83,122.67,122.78,478.907
2025-12-25 04:55:00,122.78,122.82,122.75,122.78,377.374
2025-12-25 05:00:00,122.78,122.78,122.56,122.56,905.577
2025-12-25 05:05:00,122.56,122.59,122.43,122.44,2269.619
2025-12-25 05:10:00,122.44,122.52,122.39,122.4,547.749
2025-12-25 05:15:00,122.4,122.52,122.38,122.51,1161.84
2025-12-25 05:20:00,122.51,122.57,122.4,122.43,1692.656
2025-12-25 05:25:00,122.43,122.53,122.42,122.44,1385.155
2025-12-25 05:30:00,122.44,122.55,122.38,122.41,1885.084
2025-12-25 05:35:00,122.41,122.44,122.21,122.27,3161.329
2025-12-25 05:40:00,122.27,122.33,122.23,122.3,1802.447
2025-12-25 05:45:00,122.3,122.42,122.3,122.41,2284.951
2025-12-25 05:50:00,122.41,122.45,122.35,122.36,1587.271
2025-12-25 05:55:00,122.36,122.38,122.3,122.38,857.191
2025-12-25 06:00:00,122.38,122.38,122.26,122.35,2576.351
2025-12-25 06:05:00,122.35,122.37,122.22,122.25,3913.379
2025-12-25 06:10:00,122.25,122.26,122.17,122.19,1397.481
2025-12-25 06:15:00,122.19,122.28,122.19,122.24,2628.554
2025-12-25 06:20:00,122.24,122.34,122.2,122.33,1418.898
2025-12-25 06:25:00,122.33,122.33,122.28,122.3,560.742
2025-12-25 06:30:00,122.3,122.3,122.24,122.28,3242.72
2025-12-25 06:35:00,122.28,122.5,122.28,122.36,3131.496
2025-12-25 06:40:00,122.36,122.48,122.35,122.44,1043.878
2025-12-25 06:45:00,122.44,122.47,122.39,122.41,1418.293
2025-12-25 06:50:00,122.41,122.46,122.37,122.46,1355.793
2025-12-25 06:55:00,122.46,122.5,122.44,122.44,899.258
2025-12-25 07:00:00,122.44,122.47,122.31,122.33,1412.16
2025-12-25 07:05:00,122.33,122.37,122.24,122.32,1777.007
2025-12-25 07:10:00,122.32,122.33,122.15,122.23,1909.448
2025-12-25 07:15:00,122.23,122.24,122.11,122.16,1686.14
2025-12-25 07:20:00,122.16,122.16,122.07,122.08,1812.239
2025-12-25 07:25:00,122.08,122.19,122.08,122.19,1500.01
2025-12-25 07:30:00,122.19,122.21,122.15,122.18,428.64
2025-12-25 07:35:00,122.18,122.19,122.11,122.13,1457.959
2025-12-25 07:40:00,122.13,122.14,122.12,122.13,478.286
2025-12-25 07:45:00,122.13,122.19,122.1,122.11,2997.106
2025-12-25 07:50:00,122.11,122.25,122.09,122.23,1909.637
2025-12-25 07:55:00,122.23,122.38,122.23,122.27,1501.27
2025-12-25 08:00:00,122.27,122.36,122.22,122.32,2585.317
2025-12-25 08:05:00,122.32,122.63,122.32,122.47,2410.314
2025-12-25 08:10:00,122.47,122.47,122.26,122.31,2170.374
2025-12-25 08:15:00,122.31,122.34,121.89,121.95,5968.191
2025-12-25 08:20:00,121.95,122.11,121.62,121.69,6432.037
2025-12-25 08:25:00,121.69,121.89,121.69,121.77,2441.757
2025-12-25 08:30:00,121.77,121.94,121.75,121.9,2378.82
2025-12-25 08:35:00,121.9,121.96,121.8,121.94,2699.921
2025-12-25 08:40:00,121.94,122.04,121.9,122.02,1815.494
2025-12-25 08:45:00,122.02,122.03,121.92,121.97,1545.504
2025-12-25 08:50:00,121.97,122.2,121.97,122.1,2710.264
2025-12-25 08:55:00,122.1,122.18,122.09,122.09,1756.386
2025-12-25 09:00:00,122.09,122.11,121.99,122.04,1358.212
2025-12-25 09:05:00,122.04,122.06,121.97,122.0,383.28
2025-12-25 09:10:00,122.0,122.03,121.79,121.9,3248.845
2025-12-25 09:15:00,121.9,122.05,121.83,122.04,1795.753
2025-12-25 09:20:00,122.04,122.05,121.94,121.96,1218.76
2025-12-25 09:25:00,121.96,122.0,121.94,121.99,631.393
2025-12-25 09:30:00,121.99,122.04,121.92,121.96,921.633
2025-12-25 09:35:00,121.96,122.05,121.91,122.03,864.613
2025-12-25 09:40:00,122.03,122.07,121.94,122.03,536.842
2025-12-25 09:45:00,122.03,122.13,122.02,122.11,1313.628
2025-12-25 09:50:00,122.11,122.17,122.09,122.12,1009.454
2025-12-25 09:55:00,122.12,122.17,122.08,122.09,1967.306
2025-12-25 10:00:00,122.09,122.1,121.94,121.95,591.816
2025-12-25 10:05:00,121.95,121.96,121.88,121.89,951.407
2025-12-25 10:10:00,121.89,121.89,121.69,121.72,3167.81
2025-12-25 10:15:00,121.72,121.79,121.66,121.78,2329.019
2025-12-25 10:20:00,121.78,121.88,121.76,121.83,756.372
2025-12-25 10:25:00,121.83,121.85,121.72,121.77,1720.058
2025-12-25 10:30:00,121.77,121.79,121.63,121.73,1851.75
2025-12-25 10:35:00,121.73,121.73,121.33,121.41,5941.532
2025-12-25 10:40:00,121.41,121.56,121.3,121.48,2156.973
2025-12-25 10:45:00,121.48,121.52,121.4,121.43,770.837
2025-12-25 10:50:00,121.43,121.55,121.4,121.52,474.753
2025-12-25 10:55:00,121.52,121.58,121.46,121.51,611.651
2025-12-25 11:00:00,121.51,121.72,121.5,121.68,1277.043
2025-12-25 11:05:00,121.68,121.68,121.56,121.68,717.076
2025-12-25 11:10:00,121.68,121.72,121.62,121.64,808.0
2025-12-25 11:15:00,121.64,121.78,121.62,121.69,1117.099
2025-12-25 11:20:00,121.69,121.72,121.68,121.72,255.932
2025-12-25 11:25:00,121.72,121.81,121.68,121.78,615.083
2025-12-25 11:30:00,121.78,121.87,121.74,121.79,1785.978
2025-12-25 11:35:00,121.79,121.79,121.7,121.73,640.069
2025-12-25 11:40:00,121.73,121.73,121.63,121.68,579.509
2025-12-25 11:45:00,121.68,121.8,121.56,121.6,1818.008
2025-12-25 11:50:00,121.6,121.73,121.57,121.72,407.982
2025-12-25 11:55:00,121.72,121.74,121.63,121.65,768.675
2025-12-25 12:00:00,121.65,121.73,121.57,121.7,1099.434
2025-12-25 12:05:00,121.7,121.75,121.65,121.7,1750.246
2025-12-25 12:10:00,121.7,121.72,121.59,121.59,1558.227
2025-12-25 12:15:00,121.59,121.83,121.59,121.82,509.019
2025-12-25 12:20:00,121.82,121.97,121.81,121.88,1320.077
2025-12-25 12:25:00,121.88,121.97,121.77,121.96,568.453
2025-12-25 12:30:00,121.96,121.98,121.86,121.89,1137.624
2025-12-25 12:35:00,121.89,121.97,121.83,121.91,1198.633
2025-12-25 12:40:00,121.91,121.91,121.83,121.88,390.978
2025-12-25 12:45:00,121.88,121.98,121.86,121.98,419.96
2025-12-25 12:50:00,121.98,122.0,121.9,121.95,730.057
2025-12-25 12:55:00,121.95,122.07,121.95,122.04,493.53
2025-12-25 13:00:00,122.04,122.07,121.97,121.98,795.415
2025-12-25 13:05:00,121.98,122.0,121.9,121.91,1424.067
2025-12-25 13:10:00,121.91,122.02,121.9,122.01,581.132
2025-12-25 13:15:00,122.01,122.02,121.67,121.74,1201.184
2025-12-25 13:20:00,121.74,121.88,121.74,121.85,835.534
2025-12-25 13:25:00,121.85,121.96,121.85,121.95,536.906
2025-12-25 13:30:00,121.95,122.0,121.91,121.96,1037.378
2025-12-25 13:35:00,121.96,122.02,121.94,122.0,935.641
2025-12-25 13:40:00,122.0,122.35,122.0,122.23,3230.715
2025-12-25 13:45:00,122.23,122.26,122.1,122.13,3401.991
2025-12-25 13:50:00,122.13,122.34,122.11,122.26,1703.722
2025-12-25 13:55:00,122.26,122.27,122.03,122.05,2107.709
2025-12-25 14:00:00,122.05,122.24,122.02,122.19,1357.215
2025-12-25 14:05:00,122.19,122.26,122.16,122.23,811.498
2025-12-25 14:10:00,122.23,122.34,122.17,122.18,1934.708
2025-12-25 14:15:00,122.18,122.19,122.02,122.1,1532.838
2025-12-25 14:20:00,122.1,122.21,121.96,122.02,1444.168
2025-12-25 14:25:00,122.02,122.02,121.79,121.92,910.882
2025-12-25 14:30:00,121.92,122.14,121.88,121.93,2309.693
2025-12-25 14:35:00,121.93,121.98,121.84,121.86,1035.933
2025-12-25 14:40:00,121.86,122.02,121.86,121.97,798.301
2025-12-25 14:45:00,121.97,122.13,121.97,122.11,730.825
2025-12-25 14:50:00,122.11,122.13,121.99,122.0,579.764
2025-12-25 14:55:00,122.0,122.13,121.97,122.1,628.619
2025-12-25 15:00:00,122.1,122.18,121.99,122.02,772.26
2025-12-25 15:05:00,122.02,122.12,121.91,122.01,1056.625
2025-12-25 15:10:00,122.01,122.11,122.01,122.11,857.406
2025-12-25 15:15:00,122.11,122.16,122.0,122.13,369.262
2025-12-25 15:20:00,122.13,122.3,122.1,122.2,1163.915
2025-12-25 15:25:00,122.2,122.81,122.2,122.58,8470.879
2025-12-25 15:30:00,122.58,122.69,122.51,122.51,3668.263
2025-12-25 15:35:00,122.51,123.04,122.47,122.98,5642.056
2025-12-25 15:40:00,122.98,123.99,122.98,123.84,17974.963
2025-12-25 15:45:00,123.84,124.04,123.56,123.71,12064.88
2025-12-25 15:50:00,123.71,123.99,123.7,123.74,14383.449
2025-12-25 15:55:00,123.74,123.75,123.48,123.66,8607.8
2025-12-25 16:00:00,123.66,123.86,123.56,123.56,8589.619
2025-12-25 16:05:00,123.56,123.68,123.43,123.44,7501.491
2025-12-25 16:10:00,123.44,123.83,123.43,123.78,5924.151
2025-12-25 16:15:00,123.78,124.23,123.77,124.07,12746.769
2025-12-25 16:20:00,124.07,124.22,123.89,124.22,9589.173
2025-12-25 16:25:00,124.22,124.46,124.17,124.18,8489.378
2025-12-25 16:30:00,124.18,124.42,124.11,124.22,5594.843
2025-12-25 16:35:00,124.22,124.23,123.88,124.1,5803.352
2025-12-25 16:40:00,124.1,124.32,124.06,124.29,4904.421
2025-12-25 16:45:00,124.29,124.34,123.85,123.86,4215.308
2025-12-25 16:50:00,123.86,123.86,123.35,123.49,17268.455
2025-12-25 16:55:00,123.49,123.58,123.47,123.5,1952.179
2025-12-25 17:00:00,123.5,123.62,123.15,123.27,3699.765
2025-12-25 17:05:00,123.27,123.56,123.24,123.54,1912.479
2025-12-25 17:10:00,123.54,123.62,123.34,123.39,2819.485
2025-12-25 17:15:00,123.39,123.39,122.95,123.07,5214.47
2025-12-25 17:20:00,123.07,123.21,123.07,123.21,1962.64
2025-12-25 17:25:00,123.21,123.21,122.79,122.9,2877.159
2025-12-25 17:30:00,122.9,122.97,122.79,122.91,2573.665
2025-12-25 17:35:00,122.91,123.0,122.89,122.95,1592.746
2025-12-25 17:40:00,122.95,122.99,122.8,122.93,1666.349
2025-12-25 17:45:00,122.93,123.17,122.86,123.12,1388.259
2025-12-25 17:50:00,123.12,123.2,123.09,123.15,1364.031
2025-12-25 17:55:00,123.15,123.15,123.05,123.05,538.909
2025-12-25 18:00:00,123.05,123.65,123.05,123.58,3199.432
2025-12-25 18:05:00,123.58,123.9,123.55,123.75,4740.508
2025-12-25 18:10:00,123.75,123.87,123.73,123.83,1643.192
2025-12-25 18:15:00,123.83,123.87,123.66,123.7,1507.294
2025-12-25 18:20:00,123.7,123.84,123.68,123.83,2390.989
2025-12-25 18:25:00,123.83,123.85,123.74,123.78,2633.541
2025-12-25 18:30:00,123.78,123.95,123.75,123.77,1917.446
2025-12-25 18:35:00,123.77,123.86,123.67,123.81,2056.656
2025-12-25 18:40:00,123.81,124.17,123.8,123.83,8035.177
2025-12-25 18:45:00,123.83,124.04,123.77,124.0,4339.68
2025-12-25 18:50:00,124.0,124.08,123.97,124.04,2411.906
2025-12-25 18:55:00,124.04,124.05,123.99,124.01,744.56
2025-12-25 19:00:00,124.01,124.09,123.84,123.92,2471.711
2025-12-25 19:05:00,123.92,123.98,123.87,123.9,1616.817
2025-12-25 19:10:00,123.9,123.98,123.86,123.91,1949.177
2025-12-25 19:15:00,123.91,123.93,123.64,123.65,1837.594
2025-12-25 19:20:00,123.65,123.72,123.54,123.55,1190.619
2025-12-25 19:25:00,123.55,123.61,123.52,123.55,871.266
2025-12-25 19:30:00,123.55,123.61,123.47,123.59,775.569
2025-12-25 19:35:00,123.59,123.66,123.46,123.47,559.828
2025-12-25 19:40:00,123.47,123.64,123.46,123.47,1187.842
2025-12-25 19:45:00,123.47,123.48,123.32,123.38,532.985
2025-12-25 19:50:00,123.38,123.5,123.35,123.47,390.97
2025-12-25 19:55:00,123.47,123.51,123.44,123.47,355.031
2025-12-25 20:00:00,123.47,123.5,123.23,123.29,879.802
2025-12-25 20:05:00,123.29,123.4,123.27,123.38,374.518
2025-12-25 20:10:00,123.38,123.44,123.31,123.38,396.673
2025-12-25 20:15:00,123.38,123.45,123.27,123.33,641.271
2025-12-25 20:20:00,123.33,123.4,123.27,123.29,442.624
2025-12-25 20:25:00,123.29,123.29,122.93,123.0,3101.312
2025-12-25 20:30:00,123.0,123.08,122.93,123.03,1958.138
2025-12-25 20:35:00,123.03,123.11,122.96,123.05,1217.241
2025-12-25 20:40:00,123.05,123.05,122.96,123.02,757.713
2025-12-25 20:45:00,123.02,123.23,122.99,123.19,1421.291
2025-12-25 20:50:00,123.19,123.33,123.17,123.2,1301.44
2025-12-25 20:55:00,123.2,123.32,123.17,123.3,458.697
2025-12-25 21:00:00,123.3,123.35,123.21,123.26,1551.271
2025-12-25 21:05:00,123.26,123.28,123.2,123.28,900.075
2025-12-25 21:10:00,123.28,123.47,123.25,123.46,926.34
2025-12-25 21:15:00,123.46,123.5,123.26,123.37,816.935
2025-12-25 21:20:00,123.37,123.41,123.27,123.32,695.726
2025-12-25 21:25:00,123.32,123.51,123.31,123.49,538.957
2025-12-25 21:30:00,123.49,123.49,123.35,123.39,741.458
2025-12-25 21:35:00,123.39,123.4,123.34,123.39,701.536
2025-12-25 21:40:00,123.39,123.39,123.27,123.31,962.922
2025-12-25 21:45:00,123.31,123.33,123.14,123.15,1743.608
2025-12-25 21:50:00,123.15,123.24,123.12,123.13,938.242
2025-12-25 21:55:00,123.13,123.25,123.09,123.2,618.744
2025-12-25 22:00:00,123.2,123.42,123.2,123.35,845.178
2025-12-25 22:05:00,123.35,123.36,123.05,123.06,2430.292
2025-12-25 22:10:00,123.06,123.12,123.01,123.03,2761.354
2025-12-25 22:15:00,123.03,123.13,122.94,123.09,1544.341
2025-12-25 22:20:00,123.09,123.12,122.95,122.97,1829.021
2025-12-25 22:25:00,122.97,123.1,122.97,122.98,563.737
2025-12-25 22:30:00,122.98,123.08,122.96,122.99,593.693
2025-12-25 22:35:00,122.99,123.02,122.94,122.98,483.034
2025-12-25 22:40:00,122.98,123.06,122.6,122.69,2791.759
2025-12-25 22:45:00,122.69,122.69,121.69,121.84,9698.53
2025-12-25 22:50:00,121.84,122.03,121.42,121.73,6649.24
2025-12-25 22:55:00,121.73,122.02,121.68,121.85,5532.866
2025-12-25 23:00:00,121.85,121.85,121.39,121.65,6041.454
2025-12-25 23:05:00,121.65,121.84,121.53,121.71,6199.158
2025-12-25 23:10:00,121.71,122.06,121.62,121.84,5775.425
2025-12-25 23:15:00,121.84,122.15,121.79,122.14,6848.738
2025-12-25 23:20:00,122.14,122.14,121.59,121.74,6098.497
2025-12-25 23:25:00,121.74,121.9,121.57,121.58,6476.411
2025-12-25 23:30:00,121.58,121.58,120.67,120.9,16715.867
2025-12-25 23:35:00,120.9,120.94,120.2,120.4,18876.693
2025-12-25 23:40:00,120.4,120.69,120.31,120.5,7388.407
2025-12-25 23:45:00,120.5,120.55,119.74,120.51,15907.354
2025-12-25 23:50:00,120.51,120.57,120.01,120.1,10163.129
2025-12-25 23:55:00,120.1,120.12,119.8,120.04,6120.389
